,year,actual,predicted
1,2016,2,1
10,2016,1,1
19,2016,2,2
24,2016,2,1
37,2016,1,1
44,2016,2,2
50,2016,1,1
55,2016,1,2
61,2016,2,1
69,2016,2,2
75,2016,1,1
81,2016,1,1
87,2016,1,2
93,2016,1,2
99,2016,2,2
108,2016,2,2
114,2016,2,1
119,2016,2,2
124,2016,2,2
131,2016,2,2
136,2016,2,2
144,2016,2,1
153,2016,0,2
160,2016,2,2
166,2016,1,1
187,2016,1,0
200,2016,2,0
207,2016,1,1
231,2016,0,1
264,2016,0,2
273,2016,2,2
305,2016,2,2
312,2016,1,1
320,2016,2,1
326,2016,2,2
344,2016,0,1
361,2016,1,2
372,2016,1,1
379,2016,1,1
388,2016,1,2
395,2016,2,2
399,2016,2,1
405,2016,0,1
410,2016,2,2
415,2016,1,1
422,2016,1,1
429,2016,0,1
436,2016,1,0
444,2016,2,1
451,2016,0,1
458,2016,1,0
463,2016,2,1
469,2016,0,1
475,2016,2,1
480,2016,0,1
487,2016,1,1
493,2016,1,2
500,2016,1,2
511,2016,1,1
530,2016,0,1
536,2016,1,1
540,2016,0,1
544,2016,2,2
550,2016,2,2
554,2016,0,1
558,2016,1,1
564,2016,2,2
570,2016,0,1
574,2016,2,2
577,2016,2,2
581,2016,2,2
587,2016,2,2
591,2016,1,2
596,2016,0,1
599,2016,2,2
606,2016,1,1
614,2016,1,1
618,2016,0,2
623,2016,1,1
627,2016,2,2
633,2016,0,1
639,2016,1,1
645,2016,2,2
652,2016,1,2
659,2016,1,0
764,2016,0,0
770,2016,0,0
780,2016,0,0
789,2016,0,0
799,2016,0,0
807,2016,1,0
818,2016,0,0
829,2016,0,0
836,2016,0,0
848,2016,0,0
860,2016,0,0
879,2016,0,0
887,2016,0,0
893,2016,0,0
903,2016,0,0
909,2016,0,0
918,2016,0,0
922,2016,1,2
926,2016,0,0
937,2016,1,0
949,2016,0,0
961,2016,0,0
972,2016,0,0
991,2016,0,0
1002,2016,0,0
1012,2016,0,0
1021,2016,0,0
1031,2016,0,0
1051,2016,0,0
1061,2016,0,0
1073,2016,0,0
1081,2016,0,0
1091,2016,0,0
1101,2016,0,0
1131,2016,0,0
1139,2016,0,0
1149,2016,0,0
1168,2016,0,0
1176,2016,0,0
1187,2016,0,0
1199,2016,0,0
1208,2016,0,0
1220,2016,0,0
1235,2016,1,1
1240,2016,2,1
1244,2016,2,1
1250,2016,0,1
1255,2016,1,1
1261,2016,2,2
1265,2016,1,1
1270,2016,1,1
1275,2016,2,2
1279,2016,1,1
1284,2016,2,1
1289,2016,1,1
1294,2016,2,0
1297,2016,2,1
1302,2016,0,1
1307,2016,1,1
1312,2016,2,2
1316,2016,2,2
1321,2016,2,2
1326,2016,1,0
1330,2016,1,1
1335,2016,1,1
1341,2016,2,1
1347,2016,2,2
1352,2016,2,1
1357,2016,1,1
1360,2016,2,2
1365,2016,0,2
1368,2016,0,0
1370,2016,1,1
1372,2016,0,2
1373,2016,0,1
1375,2016,1,1
1376,2016,0,1
1378,2016,1,1
1379,2016,0,1
1382,2016,0,1
1384,2016,0,1
1385,2016,1,2
1387,2016,0,2
1389,2016,0,2
1390,2016,1,0
1392,2016,0,0
1395,2016,0,1
1397,2016,2,2
1398,2016,0,2
1399,2016,2,2
1406,2016,2,2
1410,2016,0,1
1414,2016,0,1
1417,2016,1,2
1423,2016,0,1
1426,2016,2,0
1427,2016,2,1
1431,2016,1,1
1434,2016,1,1
1435,2016,2,1
1438,2016,2,1
1439,2016,0,1
1442,2016,0,1
1443,2016,0,1
1446,2016,0,1
1447,2016,0,1
1450,2016,0,1
1453,2016,0,1
1456,2016,0,1
1459,2016,0,1
1462,2016,0,1
1463,2016,1,1
1466,2016,0,1
1467,2016,2,2
1470,2016,0,1
1474,2016,0,1
1475,2016,1,2
1479,2016,1,1
1482,2016,0,1
1486,2016,1,1
1489,2016,0,1
1490,2016,1,1
1492,2016,1,1
1493,2016,1,1
1496,2016,1,1
1497,2016,0,1
1500,2016,2,2
1501,2016,1,2
1504,2016,0,1
1506,2016,2,2
1509,2016,1,1
1511,2016,1,1
1512,2016,1,2
1514,2016,0,1
1516,2016,2,1
1517,2016,0,1
1519,2016,0,2
1520,2016,0,2
1522,2016,2,2
1523,2016,2,2
1525,2016,2,2
1527,2016,1,1
1529,2016,1,2
1539,2016,2,0
1551,2016,2,0
1561,2016,1,0
1571,2016,2,2
1579,2016,1,1
1589,2016,0,0
1599,2016,2,0
1609,2016,0,0
1621,2016,1,0
1632,2016,2,0
1642,2016,1,0
1652,2016,0,0
1662,2016,0,0
1673,2016,0,0
1682,2016,0,0
1690,2016,0,0
1701,2016,0,0
1709,2016,0,0
1720,2016,0,0
1730,2016,0,0
1745,2016,0,0
1760,2016,1,0
1772,2016,1,0
1785,2016,0,0
1799,2016,0,0
1813,2016,1,0
1828,2016,0,0
1841,2016,0,0
1854,2016,0,0
1867,2016,0,0
1880,2016,0,0
1893,2016,0,0
1906,2016,0,0
1918,2016,0,0
1931,2016,0,0
1943,2016,0,0
1958,2016,0,0
1973,2016,0,0
1986,2016,0,0
1998,2016,0,0
2009,2016,1,0
2022,2016,0,0
2035,2016,1,0
2045,2016,1,0
2055,2016,0,0
2064,2016,0,0
2072,2016,1,0
2084,2016,0,0
2093,2016,0,0
2102,2016,0,0
2111,2016,0,0
2122,2016,1,0
2130,2016,2,0
2139,2016,0,0
2148,2016,1,0
2158,2016,1,0
2167,2016,1,0
2176,2016,0,0
2186,2016,1,0
2195,2016,2,0
2206,2016,2,2
2218,2016,2,0
2229,2016,0,0
2237,2016,2,0
2249,2016,1,0
2259,2016,1,0
2267,2016,0,0
2278,2016,1,0
2289,2016,1,0
2300,2016,0,0
2311,2016,0,0
2323,2016,2,0
2335,2016,0,0
2346,2016,1,0
2357,2016,0,0
2364,2016,0,0
2374,2016,0,0
2386,2016,1,0
2398,2016,1,0
2411,2016,0,0
2423,2016,0,0
2433,2016,2,0
2446,2016,0,0
2457,2016,0,0
2469,2016,0,0
2482,2016,0,0
2503,2016,0,0
2516,2016,0,0
2526,2016,0,0
2536,2016,0,0
2550,2016,0,0
2564,2016,0,0
2571,2016,1,0
2584,2016,0,0
2593,2016,0,0
2603,2016,0,0
2613,2016,1,0
2623,2016,2,0
2631,2016,1,0
2640,2016,0,0
2650,2016,1,0
2659,2016,0,0
2669,2016,0,0
2678,2016,0,0
2688,2016,1,0
2698,2016,0,0
2708,2016,0,0
2716,2016,0,0
2725,2016,0,0
2734,2016,0,0
2744,2016,0,0
2754,2016,0,0
2763,2016,0,0
2772,2016,0,0
2782,2016,0,0
2790,2016,0,0
2799,2016,0,0
2807,2016,0,0
2816,2016,0,0
2825,2016,0,0
2832,2016,0,0
2841,2016,0,0
2848,2016,0,0
2855,2016,0,0
2866,2016,0,0
2871,2016,0,0
2876,2016,0,0
2882,2016,0,0
2883,2016,1,0
2890,2016,0,0
2895,2016,0,0
2896,2016,0,0
2901,2016,0,0
2908,2016,0,0
2914,2016,2,0
2919,2016,0,0
2924,2016,0,0
2931,2016,0,0
2938,2016,0,0
2947,2016,0,0
2954,2016,0,0
2960,2016,0,0
2967,2016,0,0
2974,2016,0,0
2981,2016,0,0
2988,2016,0,0
2993,2016,0,0
2998,2016,0,0
3005,2016,0,0
3011,2016,0,0
3019,2016,0,0
3025,2016,0,0
3030,2016,0,0
3038,2016,0,0
3047,2016,0,0
3055,2016,0,0
3064,2016,0,0
3073,2016,0,0
3079,2016,0,0
3086,2016,0,0
3094,2016,0,0
3103,2016,0,0
3111,2016,0,0
3121,2016,0,0
3130,2016,0,0
3137,2016,0,0
3146,2016,0,0
3147,2016,1,0
3155,2016,0,0
3164,2016,0,0
3165,2016,0,0
3172,2016,0,0
3179,2016,0,0
3185,2016,0,0
3191,2016,0,0
3199,2016,0,2
3200,2016,0,0
3205,2016,0,0
3211,2016,0,0
3216,2016,0,0
3222,2016,0,0
3228,2016,0,0
3233,2016,0,0
3238,2016,0,0
3245,2016,0,1
3246,2016,0,0
3254,2016,0,1
3255,2016,0,0
3264,2016,0,2
3265,2016,0,0
3271,2016,0,0
3279,2016,0,0
3299,2016,0,0
3307,2016,0,0
3314,2016,0,0
3321,2016,0,0
3329,2016,0,0
3338,2016,0,0
3350,2016,0,0
3357,2016,0,0
3365,2016,0,0
3372,2016,1,0
3379,2016,0,0
3382,2016,0,0
3387,2016,2,0
3388,2016,0,1
3392,2016,0,0
3398,2016,0,0
3406,2016,0,0
3408,2016,0,0
3413,2016,0,0
3414,2016,0,0
3418,2016,0,0
3422,2016,0,0
3423,2016,0,0
3428,2016,0,0
3434,2016,0,1
3435,2016,0,0
3439,2016,0,0
3443,2016,0,0
3451,2016,0,0
3452,2016,0,1
3456,2016,0,0
3461,2016,0,0
3462,2016,1,0
3466,2016,0,0
3470,2016,0,0
3471,2016,0,0
3475,2016,0,0
3479,2016,0,0
3483,2016,0,0
3489,2016,0,0
3490,2016,0,0
3494,2016,0,0
3499,2016,0,1
3500,2016,0,0
3504,2016,0,0
3509,2016,0,0
3510,2016,0,0
3514,2016,0,0
3520,2016,0,0
3524,2016,0,0
3530,2016,0,0
3531,2016,0,0
3535,2016,0,0
3538,2016,0,0
3541,2016,0,0
3545,2016,0,0
3548,2016,0,2
3549,2016,0,0
3550,2016,0,0
3554,2016,0,1
3555,2016,0,0
3557,2016,0,0
3561,2016,0,0
3564,2016,0,0
3568,2016,2,2
3569,2016,0,0
3572,2016,0,0
3578,2016,2,2
3579,2016,0,0
3581,2016,0,0
3585,2016,1,2
3586,2016,0,0
3589,2016,0,0
3593,2016,0,0
3595,2016,0,0
3599,2016,0,0
3603,2016,0,0
3608,2016,0,0
3615,2016,0,1
3618,2016,0,0
3622,2016,0,2
3623,2016,0,0
3627,2016,0,0
3631,2016,0,0
3635,2016,0,0
3639,2016,0,0
3641,2016,0,0
3644,2016,0,0
3651,2016,2,0
3652,2016,1,2
3655,2016,0,0
3658,2016,0,2
3659,2016,0,0
3661,2016,0,0
3665,2016,0,2
3666,2016,0,0
3669,2016,0,0
3674,2016,0,0
3677,2016,0,0
3679,2016,0,0
3684,2016,0,1
3685,2016,0,0
3687,2016,0,0
3691,2016,0,0
3836,2016,2,2
3846,2016,2,1
3856,2016,2,0
3867,2016,2,2
3879,2016,0,2
3890,2016,2,2
3900,2016,2,2
3910,2016,2,2
3921,2016,2,1
3932,2016,2,2
3943,2016,0,0
3954,2016,0,2
3966,2016,2,2
3976,2016,2,2
3985,2016,2,2
4000,2016,2,2
4010,2016,2,2
4019,2016,1,2
4023,2016,1,0
4036,2016,1,0
4042,2016,1,0
4047,2016,0,0
4060,2016,0,0
4073,2016,1,0
4084,2016,1,0
4094,2016,0,0
4107,2016,2,1
4119,2016,2,2
4135,2016,2,2
4146,2016,2,2
4161,2016,2,2
4176,2016,2,1
4190,2016,2,0
4205,2016,1,1
4219,2016,2,0
4233,2016,2,1
4247,2016,2,1
4260,2016,2,1
4270,2016,2,2
4275,2016,2,1
4289,2016,2,1
4305,2016,2,1
4318,2016,2,1
4331,2016,2,1
4340,2016,1,0
4355,2016,2,1
4370,2016,2,2
4385,2016,1,1
4398,2016,2,2
4411,2016,1,1
4425,2016,2,1
4434,2016,2,2
4447,2016,2,2
4460,2016,2,0
4473,2016,2,2
4488,2016,2,2
4501,2016,1,0
4513,2016,2,1
4521,2016,1,0
4533,2016,2,1
4540,2016,0,0
4546,2016,2,1
4559,2016,0,2
4565,2016,2,1
4579,2016,2,1
4584,2016,2,1
4592,2016,2,1
4599,2016,2,1
4608,2016,2,2
4806,2016,0,0
4812,2016,0,0
4818,2016,0,0
4824,2016,0,0
4830,2016,0,0
4836,2016,0,0
4842,2016,2,0
4848,2016,1,0
4859,2016,0,0
4864,2016,0,0
4869,2016,0,0
4875,2016,1,0
4881,2016,0,0
4887,2016,0,0
4892,2016,0,0
4898,2016,0,0
4906,2016,0,0
4912,2016,0,0
4918,2016,0,0
4923,2016,0,0
4928,2016,1,1
4941,2016,0,0
4947,2016,0,0
4958,2016,0,0
4964,2016,1,1
4974,2016,0,0
4979,2016,1,1
4990,2016,0,0
4995,2016,0,0
5010,2016,0,0
5014,2016,0,0
5024,2016,1,0
5028,2016,1,2
5038,2016,0,0
5042,2016,0,2
5046,2016,0,2
5059,2016,0,0
5061,2016,0,0
5065,2016,0,1
5069,2016,0,0
5073,2016,0,0
5077,2016,0,0
5082,2016,1,0
5093,2016,0,0
5098,2016,0,0
5121,2016,0,0
5137,2016,0,0
5147,2016,0,0
5154,2016,1,1
5161,2016,1,0
5168,2016,0,1
5175,2016,0,0
5182,2016,0,0
5189,2016,0,0
5196,2016,1,0
5203,2016,1,0
5210,2016,1,0
5216,2016,0,0
5223,2016,1,0
5230,2016,0,0
5237,2016,0,0
5244,2016,0,1
5251,2016,1,0
5258,2016,1,0
1234,2017,0,0
1239,2017,0,0
1243,2017,0,0
1246,2017,1,1
1249,2017,0,0
1252,2017,0,1
1254,2017,0,0
1257,2017,1,1
1260,2017,0,0
1264,2017,0,0
1269,2017,0,0
1274,2017,0,0
1278,2017,0,0
1283,2017,0,0
1288,2017,0,0
1293,2017,0,0
1296,2017,0,0
1301,2017,0,0
1306,2017,0,0
1311,2017,0,0
1315,2017,0,0
1320,2017,0,0
1325,2017,0,0
1329,2017,0,0
1334,2017,0,0
1337,2017,0,0
1340,2017,0,0
1343,2017,0,0
1346,2017,0,0
1351,2017,0,0
1354,2017,0,0
1356,2017,0,0
1359,2017,0,0
1361,2017,0,0
1364,2017,0,0
1367,2017,0,0
1402,2017,0,0
1405,2017,0,0
1407,2017,0,0
1409,2017,0,0
1413,2017,0,0
1416,2017,0,0
1419,2017,0,0
1422,2017,0,0
1425,2017,0,0
1430,2017,0,0
1445,2017,0,0
1449,2017,0,0
1455,2017,0,0
1458,2017,0,0
1473,2017,0,0
1478,2017,0,0
1495,2017,0,0
3829,2017,0,0
3831,2017,0,0
3839,2017,0,0
3841,2017,0,0
3850,2017,0,0
3852,2017,2,0
3859,2017,0,0
3861,2017,0,0
3870,2017,0,0
3872,2017,0,0
3882,2017,0,0
3884,2017,0,0
3892,2017,1,0
3894,2017,0,0
3903,2017,0,0
3905,2017,0,0
3913,2017,0,0
3915,2017,0,0
3924,2017,0,0
3926,2017,0,0
3936,2017,0,0
3938,2017,0,0
3946,2017,0,0
3948,2017,0,0
3958,2017,2,0
3960,2017,1,0
3969,2017,0,0
3971,2017,0,0
3978,2017,1,0
3980,2017,0,0
3987,2017,0,0
3989,2017,0,0
3993,2017,0,0
3995,2017,0,0
4004,2017,0,0
4006,2017,0,0
4014,2017,2,0
4020,2017,0,0
4027,2017,0,0
4029,2017,0,0
4037,2017,0,2
4039,2017,0,0
4043,2017,0,0
4049,2017,0,0
4051,2017,0,0
4054,2017,0,0
4055,2017,0,0
4061,2017,0,0
4062,2017,0,2
4068,2017,0,0
4077,2017,0,0
4078,2017,0,0
4087,2017,0,0
4089,2017,0,0
4097,2017,1,0
4100,2017,0,0
4111,2017,0,0
4114,2017,0,0
4125,2017,1,0
4128,2017,0,0
4140,2017,2,0
4143,2017,0,0
4152,2017,0,0
4155,2017,0,0
4167,2017,0,0
4170,2017,1,0
4181,2017,0,0
4184,2017,0,0
4195,2017,0,0
4198,2017,0,0
4210,2017,0,0
4213,2017,1,0
4224,2017,0,0
4227,2017,2,0
4238,2017,1,0
4241,2017,1,0
4251,2017,0,0
4254,2017,1,0
4264,2017,0,0
4266,2017,0,0
4279,2017,0,0
4282,2017,1,0
4292,2017,2,0
4294,2017,0,0
4299,2017,0,0
4302,2017,2,0
4309,2017,1,0
4312,2017,1,0
4323,2017,0,0
4326,2017,0,0
4335,2017,2,0
4338,2017,2,0
4345,2017,0,0
4348,2017,1,0
4360,2017,0,0
4363,2017,2,0
4375,2017,0,0
4378,2017,0,1
4390,2017,0,0
4393,2017,1,0
4404,2017,0,0
4407,2017,0,0
4416,2017,0,0
4419,2017,0,1
4430,2017,1,0
4432,2017,2,0
4438,2017,1,0
4441,2017,0,0
4450,2017,0,0
4452,2017,0,0
4456,2017,0,0
4465,2017,0,0
4468,2017,0,0
4478,2017,0,0
4481,2017,0,1
4493,2017,0,0
4496,2017,0,0
4506,2017,1,0
4509,2017,1,0
4516,2017,0,0
4519,2017,0,0
4523,2017,0,0
4526,2017,0,0
4536,2017,0,0
4538,2017,0,0
4611,2017,0,2
4615,2017,0,2
4619,2017,0,0
4624,2017,0,2
4628,2017,0,2
4639,2017,2,2
4646,2017,0,1
4656,2017,1,2
4664,2017,2,2
4673,2017,0,2
4681,2017,0,0
4685,2017,0,2
4691,2017,0,0
4696,2017,0,0
4703,2017,0,2
4734,2017,1,0
4743,2017,2,1
4752,2017,0,0
4784,2017,0,0
5273,2017,2,2
5278,2017,0,2
5283,2017,2,2
5287,2017,0,2
5292,2017,1,2
5297,2017,1,2
5303,2017,2,2
5309,2017,2,2
5315,2017,2,2
5321,2017,2,2
5328,2017,2,2
5333,2017,0,1
5338,2017,0,1
5343,2017,0,2
5347,2017,0,2
5351,2017,2,1
5355,2017,0,0
5360,2017,2,2
5365,2017,2,2
5371,2017,1,2
5374,2017,0,2
5378,2017,1,2
5383,2017,2,2
5389,2017,0,2
5394,2017,2,1
5400,2017,2,2
5405,2017,1,2
5409,2017,2,2
5414,2017,2,1
5418,2017,2,2
5423,2017,2,1
5429,2017,0,2
5434,2017,2,2
5441,2017,2,2
5452,2017,2,2
5459,2017,0,2
5464,2017,0,0
5467,2017,0,2
5477,2017,2,2
5492,2017,2,2
5505,2017,2,1
5520,2017,0,2
5527,2017,2,2
5535,2017,2,1
5541,2017,0,1
5545,2017,2,1
5555,2017,2,1
5561,2017,0,1
5564,2017,1,1
5571,2017,2,1
5573,2017,2,2
5576,2017,2,2
5577,2017,2,1
5583,2017,2,1
5588,2017,0,2
5593,2017,2,1
5597,2017,2,1
5607,2017,2,1
5619,2017,2,2
5622,2017,2,2
5624,2017,2,2
5630,2017,0,1
5636,2017,1,2
5641,2017,2,1
5655,2017,0,1
5663,2017,0,1
5676,2017,1,2
5682,2017,1,2
5685,2017,0,2
5687,2017,2,1
5689,2017,2,1
5696,2017,2,2
5709,2017,0,0
5711,2017,0,0
5721,2017,2,2
5727,2017,0,1
5736,2017,0,2
5746,2017,0,1
5754,2017,2,1
5761,2017,2,1
5768,2017,0,1
5776,2017,0,1
5792,2017,0,0
5793,2017,0,0
5794,2017,0,0
5795,2017,1,0
5796,2017,1,0
5797,2017,2,0
5798,2017,0,0
5799,2017,2,0
5800,2017,0,0
5801,2017,2,2
5802,2017,0,0
5803,2017,0,0
5804,2017,0,2
5805,2017,1,2
5806,2017,0,0
5807,2017,0,0
5808,2017,0,2
5809,2017,0,0
5810,2017,0,0
5811,2017,0,2
5812,2017,0,0
5813,2017,2,1
5814,2017,1,0
5815,2017,0,0
5816,2017,0,0
5817,2017,0,0
5818,2017,0,0
5819,2017,2,1
5820,2017,0,1
5821,2017,1,1
5822,2017,2,1
5868,2017,0,0
5869,2017,0,0
5870,2017,0,0
5871,2017,0,0
5872,2017,0,0
3,2018,1,1
11,2018,0,1
20,2018,2,2
26,2018,0,1
33,2018,0,1
39,2018,2,1
46,2018,0,1
51,2018,1,1
57,2018,2,2
63,2018,1,2
71,2018,2,2
77,2018,0,1
83,2018,0,2
89,2018,2,2
95,2018,2,1
101,2018,2,1
104,2018,1,2
110,2018,0,1
115,2018,1,1
121,2018,2,2
126,2018,1,2
132,2018,2,2
139,2018,2,2
141,2018,1,0
146,2018,0,1
148,2018,0,0
149,2018,2,2
155,2018,1,1
157,2018,0,0
162,2018,2,1
168,2018,1,1
170,2018,0,0
181,2018,0,2
189,2018,1,1
197,2018,2,2
210,2018,0,0
218,2018,1,2
223,2018,2,1
234,2018,0,1
277,2018,1,2
286,2018,2,0
308,2018,2,2
310,2018,1,0
315,2018,1,1
317,2018,0,0
322,2018,2,2
324,2018,2,0
329,2018,2,1
331,2018,0,0
347,2018,1,0
497,2018,0,2
503,2018,2,1
508,2018,1,0
514,2018,2,1
520,2018,1,1
526,2018,1,1
534,2018,0,2
538,2018,1,1
548,2018,1,1
561,2018,0,1
567,2018,0,2
572,2018,1,1
584,2018,0,2
588,2018,2,2
594,2018,2,2
602,2018,2,2
609,2018,2,2
611,2018,1,2
624,2018,1,1
630,2018,0,1
637,2018,2,2
642,2018,1,0
649,2018,2,2
655,2018,0,2
663,2018,0,2
669,2018,2,0
673,2018,1,0
677,2018,1,1
682,2018,2,1
688,2018,1,1
694,2018,1,1
699,2018,2,0
704,2018,2,1
708,2018,2,1
711,2018,0,1
716,2018,1,0
720,2018,0,0
724,2018,2,1
725,2018,0,0
730,2018,0,0
735,2018,2,1
740,2018,1,0
742,2018,0,0
745,2018,0,0
747,2018,0,0
752,2018,2,2
757,2018,2,0
761,2018,0,1
765,2018,1,0
774,2018,1,0
781,2018,1,0
787,2018,0,0
792,2018,0,0
800,2018,0,0
811,2018,0,0
822,2018,0,0
830,2018,0,0
839,2018,1,0
846,2018,0,0
852,2018,0,0
858,2018,0,0
863,2018,0,0
872,2018,1,0
877,2018,0,0
888,2018,2,0
896,2018,0,0
901,2018,0,0
904,2018,0,0
912,2018,0,0
920,2018,0,1
930,2018,2,0
942,2018,1,1
952,2018,1,0
959,2018,1,0
964,2018,1,0
970,2018,0,0
976,2018,1,0
983,2018,0,0
985,2018,1,0
995,2018,0,0
1005,2018,2,0
1019,2018,0,0
1025,2018,0,0
1034,2018,2,0
1044,2018,1,0
1049,2018,0,0
1054,2018,0,0
1059,2018,0,0
1065,2018,1,0
1071,2018,0,0
1075,2018,0,0
1084,2018,0,0
1094,2018,2,0
1105,2018,1,0
1111,2018,0,0
1116,2018,2,0
1124,2018,1,0
1129,2018,1,0
1147,2018,0,0
1151,2018,2,1
1160,2018,1,0
1166,2018,0,0
1169,2018,1,0
1180,2018,1,0
1185,2018,0,0
1191,2018,1,0
1197,2018,0,0
1202,2018,0,0
1211,2018,0,0
1218,2018,0,0
1224,2018,1,0
1231,2018,0,0
1532,2018,1,1
1537,2018,1,1
1542,2018,0,0
1549,2018,0,0
1554,2018,0,0
1559,2018,1,0
1564,2018,2,0
1569,2018,0,0
1574,2018,0,0
1577,2018,0,1
1582,2018,1,0
1587,2018,1,0
1592,2018,0,0
1597,2018,0,2
1602,2018,0,0
1608,2018,0,1
1612,2018,0,0
1619,2018,0,0
1630,2018,0,0
1635,2018,1,0
1641,2018,0,0
1645,2018,0,0
1651,2018,0,0
1660,2018,0,0
1665,2018,0,0
1671,2018,0,0
1676,2018,0,0
1681,2018,0,0
1685,2018,0,0
1689,2018,0,0
1693,2018,1,0
1699,2018,0,0
1704,2018,0,0
1708,2018,0,0
1712,2018,0,0
1718,2018,0,0
1723,2018,0,0
1728,2018,0,0
1734,2018,0,0
1743,2018,0,0
1749,2018,0,0
1758,2018,0,0
1764,2018,0,0
1771,2018,0,0
1776,2018,1,0
1784,2018,0,0
1789,2018,0,0
1797,2018,0,0
1803,2018,0,0
1811,2018,0,0
1817,2018,0,0
1826,2018,0,0
1832,2018,0,0
1839,2018,0,0
1845,2018,1,0
1852,2018,0,0
1858,2018,0,0
1865,2018,0,0
1871,2018,0,0
1878,2018,0,0
1884,2018,0,0
1891,2018,0,0
1897,2018,0,0
1904,2018,1,0
1910,2018,0,0
1916,2018,0,0
1922,2018,0,0
1929,2018,0,0
1935,2018,0,0
1941,2018,0,0
1947,2018,0,0
1956,2018,0,0
1962,2018,1,0
1971,2018,0,0
1977,2018,0,0
1984,2018,0,0
1990,2018,0,0
1996,2018,0,0
2002,2018,0,0
2013,2018,0,0
2020,2018,0,0
2026,2018,0,0
2033,2018,0,0
2037,2018,0,0
2048,2018,1,0
2058,2018,0,0
2067,2018,1,1
2075,2018,0,1
2082,2018,0,0
2087,2018,0,1
2096,2018,0,0
2105,2018,1,0
2114,2018,0,0
2124,2018,2,1
2132,2018,1,1
2137,2018,0,0
2141,2018,2,0
2150,2018,0,1
2156,2018,0,0
2161,2018,2,0
2170,2018,0,0
2179,2018,2,0
2189,2018,2,1
2198,2018,1,1
2204,2018,0,0
2209,2018,2,0
2216,2018,0,0
2221,2018,1,0
2227,2018,0,1
2231,2018,0,1
2240,2018,0,0
2247,2018,1,0
2252,2018,1,0
2257,2018,0,0
2262,2018,0,0
2270,2018,0,0
2281,2018,2,0
2287,2018,0,0
2292,2018,0,0
2303,2018,1,0
2314,2018,0,0
2321,2018,0,0
2326,2018,1,0
2333,2018,0,0
2338,2018,0,0
2344,2018,1,0
2349,2018,0,0
2355,2018,1,0
2372,2018,0,0
2378,2018,0,0
2385,2018,0,0
2390,2018,0,0
2396,2018,0,0
2402,2018,0,0
2410,2018,0,0
2415,2018,0,0
2422,2018,0,0
2431,2018,0,0
2437,2018,2,0
2444,2018,0,0
2450,2018,0,0
2461,2018,2,0
2467,2018,0,0
2473,2018,0,0
2480,2018,0,0
2486,2018,0,0
2493,2018,0,0
2496,2018,0,0
2501,2018,0,0
2507,2018,0,0
2515,2018,0,0
2519,2018,0,0
2524,2018,0,0
2529,2018,0,0
2534,2018,0,0
2540,2018,0,0
2548,2018,0,0
2554,2018,0,0
2562,2018,0,0
2569,2018,0,0
2575,2018,1,0
2582,2018,0,0
2596,2018,0,0
2606,2018,0,0
2616,2018,1,0
2634,2018,0,0
2643,2018,0,0
2653,2018,0,0
2662,2018,1,0
2672,2018,0,0
2681,2018,0,0
2691,2018,0,0
2701,2018,0,0
2718,2018,0,0
2728,2018,0,0
2737,2018,0,0
2747,2018,0,0
2757,2018,0,0
2761,2018,0,0
2766,2018,0,0
2770,2018,0,0
2775,2018,1,0
2780,2018,0,0
2785,2018,1,0
2789,2018,0,0
2793,2018,0,0
2798,2018,0,0
2801,2018,0,0
2805,2018,0,0
2810,2018,1,0
2815,2018,0,0
2819,2018,0,0
2828,2018,1,0
2835,2018,1,0
2843,2018,1,0
2851,2018,1,0
2858,2018,1,0
2864,2018,0,0
2869,2018,0,0
2874,2018,0,0
2879,2018,0,0
2887,2018,0,0
2893,2018,0,0
2899,2018,0,0
2905,2018,0,0
2912,2018,0,0
2917,2018,0,0
2922,2018,0,0
2928,2018,0,0
2935,2018,0,0
2944,2018,0,0
2951,2018,0,0
2958,2018,0,0
2964,2018,0,0
2971,2018,0,0
2978,2018,0,0
2985,2018,0,0
2991,2018,0,0
2996,2018,0,0
3002,2018,0,0
3009,2018,0,0
3015,2018,0,0
3023,2018,0,0
3028,2018,0,0
3035,2018,0,0
3043,2018,0,0
3053,2018,0,0
3061,2018,0,0
3070,2018,0,0
3077,2018,0,0
3084,2018,0,0
3092,2018,0,0
3100,2018,0,0
3108,2018,0,0
3117,2018,0,0
3127,2018,0,0
3135,2018,0,0
3143,2018,0,0
3152,2018,0,0
3161,2018,0,0
3170,2018,0,0
3177,2018,0,0
3183,2018,0,0
3189,2018,0,0
3197,2018,0,0
3204,2018,0,0
3209,2018,0,0
3214,2018,0,0
3220,2018,0,0
3226,2018,0,0
3232,2018,0,0
3237,2018,0,0
3243,2018,0,0
3251,2018,0,0
3261,2018,0,0
3270,2018,0,0
3277,2018,0,0
3284,2018,0,0
3291,2018,0,0
3297,2018,0,0
3305,2018,0,0
3312,2018,0,0
3319,2018,0,0
3327,2018,0,0
3335,2018,0,0
3344,2018,0,0
3355,2018,0,0
3363,2018,0,0
3370,2018,0,0
3376,2018,0,0
3385,2018,0,0
3395,2018,0,0
3403,2018,0,0
3410,2018,2,0
3420,2018,0,0
3431,2018,0,0
3440,2018,0,0
3448,2018,0,0
3459,2018,1,0
3468,2018,0,0
3477,2018,0,0
3486,2018,0,0
3496,2018,0,0
3507,2018,0,0
3517,2018,0,0
3527,2018,0,0
3537,2018,0,0
3543,2018,0,0
3547,2018,0,0
3552,2018,0,0
3560,2018,0,0
3566,2018,0,0
3575,2018,0,0
3583,2018,0,0
3591,2018,0,0
3597,2018,0,0
3606,2018,0,0
3613,2018,0,0
3621,2018,0,0
3629,2018,0,0
3637,2018,0,0
3643,2018,0,0
3649,2018,0,0
3657,2018,0,0
3663,2018,0,0
3671,2018,0,0
3676,2018,0,0
3682,2018,0,0
3689,2018,0,0
129,2019,0,0
134,2019,0,0
137,2019,0,0
142,2019,0,0
151,2019,0,0
158,2019,0,0
164,2019,0,0
205,2019,0,0
208,2019,0,0
215,2019,0,0
217,2019,0,0
224,2019,0,0
225,2019,0,0
229,2019,0,0
232,2019,0,0
239,2019,0,0
241,2019,0,0
247,2019,0,0
249,2019,0,0
254,2019,0,0
256,2019,0,0
262,2019,0,0
265,2019,0,0
271,2019,0,0
274,2019,0,0
287,2019,0,0
289,2019,0,0
294,2019,0,0
296,2019,0,0
303,2019,0,0
306,2019,0,0
313,2019,0,0
318,2019,0,0
327,2019,0,0
333,2019,0,0
336,2019,0,0
1732,2019,0,0
1738,2019,0,0
1747,2019,0,0
1753,2019,0,0
1762,2019,0,0
1767,2019,0,0
1774,2019,0,0
1780,2019,0,0
1787,2019,0,0
1793,2019,0,0
1801,2019,0,0
1806,2019,0,0
1815,2019,0,0
1821,2019,0,0
1830,2019,0,0
1835,2019,0,0
1843,2019,0,0
1848,2019,0,0
1856,2019,0,0
1861,2019,0,0
1869,2019,0,0
1874,2019,0,0
1882,2019,0,0
1887,2019,0,0
1895,2019,0,0
1900,2019,0,0
1908,2019,0,0
1913,2019,0,0
1920,2019,0,0
1925,2019,0,0
1933,2019,0,0
1938,2019,0,0
1945,2019,0,0
1951,2019,0,0
1960,2019,0,0
1966,2019,0,0
1975,2019,0,0
1980,2019,0,0
1988,2019,0,0
1993,2019,0,0
2000,2019,0,0
2005,2019,0,0
2011,2019,0,0
2016,2019,0,0
2024,2019,0,0
2029,2019,0,0
2358,2019,0,0
2365,2019,0,0
2376,2019,0,0
2388,2019,0,0
2400,2019,0,0
2413,2019,0,0
2425,2019,0,0
2435,2019,0,0
2448,2019,0,0
2459,2019,0,0
2471,2019,0,0
2484,2019,0,0
2495,2019,0,0
2505,2019,0,0
2518,2019,0,0
2528,2019,0,0
2538,2019,0,0
2552,2019,0,0
2573,2019,0,0
2862,2019,0,0
2877,2019,0,0
2897,2019,0,0
2903,2019,0,0
2910,2019,0,0
2926,2019,1,0
2942,2019,0,0
2983,2019,1,0
3013,2019,0,2
3033,2019,0,0
3051,2019,0,0
3059,2019,0,0
3068,2019,0,0
3082,2019,0,0
3090,2019,0,0
3098,2019,0,0
3106,2019,0,0
3115,2019,0,0
3125,2019,0,0
3141,2019,0,0
3159,2019,0,0
3195,2019,0,1
3241,2019,0,1
3249,2019,0,1
3259,2019,0,2
3275,2019,0,0
3282,2019,0,0
3289,2019,0,0
3303,2019,0,0
3310,2019,0,0
3325,2019,0,0
3333,2019,0,0
3342,2019,1,0
3348,2019,0,0
3353,2019,0,0
3361,2019,0,0
3368,2019,0,0
3383,2019,0,0
3393,2019,0,0
3429,2019,0,0
3457,2019,2,0
3484,2019,0,0
3505,2019,0,0
3515,2019,0,0
3525,2019,0,0
3558,2019,0,2
3573,2019,0,2
3604,2019,0,2
3611,2019,0,2
3619,2019,1,1
3647,2019,1,1
3680,2019,0,1
3863,2019,1,2
3874,2019,1,2
3886,2019,0,2
3895,2019,2,2
3907,2019,0,2
3916,2019,0,2
3928,2019,1,2
3940,2019,1,2
3962,2019,1,2
3973,2019,1,2
3981,2019,1,1
3990,2019,1,2
3997,2019,1,2
4007,2019,1,2
4015,2019,0,2
4021,2019,0,2
4031,2019,0,2
4052,2019,0,2
4057,2019,0,1
4070,2019,0,2
4080,2019,0,2
4091,2019,0,2
4102,2019,1,1
4115,2019,0,2
4130,2019,1,2
4144,2019,0,2
4157,2019,0,2
4172,2019,0,2
4200,2019,0,1
4229,2019,1,1
4243,2019,2,2
4256,2019,2,1
4267,2019,1,2
4273,2019,0,2
4284,2019,1,2
4303,2019,2,2
4314,2019,1,2
4328,2019,0,1
4339,2019,0,2
4350,2019,2,1
4365,2019,1,1
4380,2019,1,1
4408,2019,0,2
4421,2019,1,2
4443,2019,1,2
4458,2019,0,2
4483,2019,0,2
4498,2019,0,2
4528,2019,1,1
4539,2019,1,2
4544,2019,2,1
4550,2019,1,2
4555,2019,2,2
4562,2019,0,2
4567,2019,1,2
4574,2019,0,0
4583,2019,1,1
4588,2019,0,2
4596,2019,1,1
4604,2019,1,2
4620,2019,0,2
4629,2019,0,2
4632,2019,0,1
4647,2019,0,1
4651,2019,0,1
4657,2019,0,2
4674,2019,0,1
4677,2019,0,1
4686,2019,1,0
4697,2019,2,2
4704,2019,0,2
4716,2019,2,2
4723,2019,0,1
4729,2019,2,2
4735,2019,0,2
4744,2019,1,2
4753,2019,2,2
4762,2019,0,2
4769,2019,2,2
4776,2019,0,2
4785,2019,0,2
4790,2019,0,2
4794,2019,0,0
4796,2019,1,1
4799,2019,0,0
4803,2019,0,0
4805,2019,0,0
4809,2019,0,0
4811,2019,0,0
4815,2019,0,0
4817,2019,1,0
4821,2019,0,0
4823,2019,0,1
4827,2019,0,0
4829,2019,0,1
4833,2019,0,0
4835,2019,0,0
4839,2019,0,0
4841,2019,1,1
4845,2019,0,0
4847,2019,0,0
4851,2019,0,0
4853,2019,0,0
4856,2019,0,0
4858,2019,0,0
4863,2019,1,1
4866,2019,0,0
4868,2019,2,2
4872,2019,0,0
4874,2019,0,1
4878,2019,0,0
4880,2019,0,0
4884,2019,0,0
4886,2019,0,0
4889,2019,0,0
4891,2019,2,2
4895,2019,0,0
4897,2019,0,0
4901,2019,0,0
4904,2019,0,0
4909,2019,0,0
4911,2019,0,0
4915,2019,0,0
4917,2019,0,1
4921,2019,0,0
4925,2019,0,0
4927,2019,1,1
4931,2019,0,0
4934,2019,0,0
4938,2019,0,0
4940,2019,0,0
4944,2019,0,0
4946,2019,0,0
4950,2019,0,0
4952,2019,0,0
4955,2019,0,0
4957,2019,0,0
4961,2019,0,0
4963,2019,0,0
4967,2019,0,0
4971,2019,0,0
4973,2019,0,0
4976,2019,0,0
4978,2019,1,1
4982,2019,0,0
4984,2019,0,0
4987,2019,0,0
4989,2019,0,0
4993,2019,0,0
4998,2019,0,0
5000,2019,1,1
5003,2019,0,0
5005,2019,0,0
5007,2019,0,0
5009,2019,1,1
5012,2019,0,0
5017,2019,0,0
5021,2019,0,0
5023,2019,0,0
5027,2019,1,2
5031,2019,1,1
5037,2019,0,1
5041,2019,0,0
5045,2019,0,1
5049,2019,0,0
5052,2019,0,1
5055,2019,0,2
5058,2019,1,0
5064,2019,0,0
5068,2019,0,2
5072,2019,0,2
5074,2019,0,0
5076,2019,0,0
5079,2019,0,0
5081,2019,0,0
5084,2019,0,0
5087,2019,0,0
5090,2019,0,0
5092,2019,0,0
5095,2019,0,0
5097,2019,0,0
5100,2019,0,0
5102,2019,0,0
5104,2019,0,0
5106,2019,0,2
5108,2019,0,0
5110,2019,0,1
5112,2019,0,0
5115,2019,0,0
5117,2019,0,0
5119,2019,0,0
5123,2019,0,0
5125,2019,0,2
5127,2019,0,0
5130,2019,0,0
5132,2019,0,1
5134,2019,0,0
5136,2019,0,0
5139,2019,0,0
5144,2019,0,0
5146,2019,2,2
5151,2019,0,0
5153,2019,1,0
5158,2019,0,0
5160,2019,1,0
5165,2019,0,0
5167,2019,0,2
5172,2019,0,0
5174,2019,2,1
5179,2019,0,0
5181,2019,2,1
5186,2019,0,0
5188,2019,1,1
5193,2019,0,0
5195,2019,2,1
5200,2019,0,0
5202,2019,2,1
5207,2019,0,0
5209,2019,1,1
5215,2019,2,1
5220,2019,0,0
5222,2019,2,1
5227,2019,0,0
5229,2019,2,2
5234,2019,0,0
5236,2019,2,1
5241,2019,0,0
5243,2019,2,0
5248,2019,0,0
5250,2019,2,1
5255,2019,0,0
5257,2019,0,1
5269,2019,0,0
5275,2019,0,2
5280,2019,0,1
5289,2019,1,2
5299,2019,0,0
5305,2019,2,2
5311,2019,2,2
5317,2019,2,2
5323,2019,0,2
5335,2019,2,2
5340,2019,0,0
5349,2019,0,1
5353,2019,1,0
5362,2019,0,2
5367,2019,0,2
5385,2019,2,2
5396,2019,1,2
5402,2019,2,2
5411,2019,2,0
5416,2019,2,2
5425,2019,2,2
5443,2019,2,2
5446,2019,2,2
5485,2019,0,1
5488,2019,1,2
5493,2019,0,0
5496,2019,0,2
5506,2019,0,1
5509,2019,2,2
5513,2019,1,0
5516,2019,2,2
5521,2019,0,0
5524,2019,0,2
5528,2019,1,0
5531,2019,0,2
5549,2019,0,1
5556,2019,0,1
5562,2019,0,2
5566,2019,1,2
5579,2019,0,2
5589,2019,0,1
5614,2019,1,2
5667,2019,0,0
5677,2019,0,2
5691,2019,2,2
5697,2019,2,2
5699,2019,0,2
5704,2019,1,2
5715,2019,0,2
5722,2019,0,2
5728,2019,0,2
5732,2019,0,2
5737,2019,0,2
5741,2019,0,2
5750,2019,0,2
5755,2019,2,2
5762,2019,1,2
5769,2019,0,2
5777,2019,1,2
5783,2019,0,2
5789,2019,0,2
6,2020,0,0
8,2020,0,0
13,2020,0,0
15,2020,0,0
17,2020,0,0
22,2020,0,0
28,2020,0,0
30,2020,0,0
35,2020,0,0
41,2020,0,0
48,2020,0,0
53,2020,0,0
59,2020,0,0
65,2020,0,0
67,2020,0,0
73,2020,0,0
79,2020,0,0
85,2020,0,0
91,2020,0,0
97,2020,0,0
103,2020,0,0
106,2020,1,0
112,2020,0,0
117,2020,0,0
123,2020,0,0
128,2020,0,0
133,2020,0,0
140,2020,2,0
147,2020,0,0
150,2020,0,0
156,2020,0,0
163,2020,0,0
169,2020,0,0
173,2020,0,0
179,2020,0,0
183,2020,0,0
191,2020,0,0
194,2020,0,0
196,2020,0,0
203,2020,0,0
211,2020,0,0
214,2020,1,0
219,2020,0,0
222,2020,1,0
235,2020,0,0
238,2020,0,0
243,2020,0,0
246,2020,0,0
251,2020,0,0
258,2020,0,0
261,2020,0,0
267,2020,0,0
270,2020,2,0
278,2020,0,0
285,2020,1,0
291,2020,0,0
298,2020,0,0
301,2020,0,0
309,2020,1,0
316,2020,0,0
323,2020,0,0
330,2020,0,0
334,2020,0,0
337,2020,0,0
339,2020,0,0
340,2020,0,0
342,2020,0,0
346,2020,1,0
349,2020,0,0
351,2020,0,0
353,2020,0,0
355,2020,0,0
357,2020,0,0
359,2020,0,0
364,2020,0,0
370,2020,0,0
377,2020,0,0
384,2020,1,0
386,2020,0,0
393,2020,0,0
396,2020,0,0
398,2020,0,0
403,2020,0,0
409,2020,0,0
413,2020,0,0
420,2020,0,0
427,2020,0,0
434,2020,0,0
442,2020,0,0
449,2020,0,0
456,2020,0,0
461,2020,0,0
467,2020,0,0
473,2020,0,0
478,2020,0,0
485,2020,0,0
491,2020,0,0
767,2020,0,0
768,2020,0,0
777,2020,0,0
778,2020,0,0
785,2020,0,0
786,2020,0,0
796,2020,0,0
797,2020,0,0
804,2020,0,0
805,2020,0,0
815,2020,0,0
816,2020,0,0
826,2020,0,0
827,2020,0,0
833,2020,0,0
834,2020,0,0
844,2020,0,0
845,2020,0,0
856,2020,0,0
857,2020,0,0
866,2020,0,0
867,2020,0,0
876,2020,0,0
884,2020,0,0
885,2020,0,0
891,2020,0,0
899,2020,0,0
900,2020,0,0
906,2020,0,0
907,2020,0,0
915,2020,0,0
916,2020,0,0
923,2020,0,0
924,2020,0,0
934,2020,0,0
935,2020,0,0
946,2020,0,0
947,2020,0,0
957,2020,0,0
958,2020,0,0
968,2020,0,0
969,2020,0,0
981,2020,0,0
982,2020,0,0
988,2020,0,0
989,2020,0,0
999,2020,0,0
1000,2020,0,0
1009,2020,0,0
1010,2020,0,0
1017,2020,0,0
1018,2020,0,0
1028,2020,0,0
1029,2020,1,0
1038,2020,0,0
1039,2020,0,0
1048,2020,0,0
1058,2020,0,0
1069,2020,0,0
1070,2020,0,0
1078,2020,0,0
1079,2020,0,0
1088,2020,0,0
1089,2020,0,0
1098,2020,0,0
1099,2020,0,0
1109,2020,0,0
1110,2020,0,0
1119,2020,0,0
1128,2020,0,0
1136,2020,0,0
1137,2020,0,0
1145,2020,0,0
1146,2020,0,0
1155,2020,0,0
1156,2020,0,0
1164,2020,0,0
1165,2020,0,0
1173,2020,0,0
1174,2020,0,0
1184,2020,0,0
1195,2020,0,0
1196,2020,0,0
1205,2020,0,0
1206,2020,0,0
1216,2020,0,0
1217,2020,0,0
1229,2020,0,0
1230,2020,0,0
1528,2020,0,0
1534,2020,0,0
1535,2020,0,1
1536,2020,0,1
1538,2020,0,0
1544,2020,0,0
1546,2020,0,1
1547,2020,0,0
1548,2020,0,1
1550,2020,0,0
1556,2020,0,0
1557,2020,0,1
1558,2020,1,2
1560,2020,0,0
1565,2020,0,0
1567,2020,0,0
1568,2020,0,2
1570,2020,0,0
1575,2020,0,0
1576,2020,0,0
1578,2020,0,0
1583,2020,0,0
1584,2020,0,1
1585,2020,0,2
1586,2020,0,0
1588,2020,0,0
1593,2020,0,0
1595,2020,0,0
1596,2020,1,2
1598,2020,0,0
1604,2020,0,0
1606,2020,0,0
1607,2020,1,2
1614,2020,0,0
1617,2020,0,0
1618,2020,0,0
1620,2020,0,0
1625,2020,0,0
1628,2020,0,0
1629,2020,0,0
1631,2020,0,0
1636,2020,0,0
1639,2020,0,0
1640,2020,0,0
1646,2020,0,0
1649,2020,0,0
1650,2020,0,0
1655,2020,0,0
1658,2020,0,0
1659,2020,0,0
1661,2020,0,0
1666,2020,0,0
1669,2020,0,0
1670,2020,0,0
1672,2020,0,0
1677,2020,0,0
1679,2020,0,0
1680,2020,0,0
1686,2020,0,0
1688,2020,0,0
1694,2020,0,0
1697,2020,0,0
1698,2020,0,0
1700,2020,0,0
1705,2020,0,0
1707,2020,0,0
1713,2020,0,0
1716,2020,0,0
1717,2020,0,0
1719,2020,0,0
1725,2020,0,0
1727,2020,0,0
1729,2020,0,0
1736,2020,0,0
1740,2020,0,0
1741,2020,2,2
1742,2020,0,0
1744,2020,0,0
1751,2020,0,0
1755,2020,0,0
1756,2020,2,2
1757,2020,0,0
1759,2020,0,0
1765,2020,0,0
1768,2020,0,0
1769,2020,1,0
1770,2020,0,0
1778,2020,0,0
1781,2020,0,0
1782,2020,1,2
1783,2020,0,0
1791,2020,0,0
1794,2020,0,0
1795,2020,0,2
1796,2020,0,0
1798,2020,0,0
1804,2020,0,0
1808,2020,0,0
1809,2020,1,0
1810,2020,0,0
1812,2020,0,0
1819,2020,0,0
1823,2020,0,0
1824,2020,0,0
1825,2020,0,0
1827,2020,0,0
1833,2020,0,0
1836,2020,0,0
1837,2020,0,1
1838,2020,0,0
1840,2020,0,0
1846,2020,0,0
1849,2020,0,0
1850,2020,0,0
1851,2020,0,0
1853,2020,0,0
1859,2020,0,0
1862,2020,0,0
1863,2020,0,0
1864,2020,0,0
1866,2020,0,0
1872,2020,0,0
1875,2020,0,0
1876,2020,0,0
1877,2020,0,0
1879,2020,0,0
1885,2020,0,0
1888,2020,0,0
1889,2020,0,1
1890,2020,0,0
1892,2020,0,0
1898,2020,0,0
1901,2020,0,0
1902,2020,0,1
1903,2020,0,0
1905,2020,0,0
1911,2020,0,0
1914,2020,0,0
1915,2020,0,0
1917,2020,0,0
1923,2020,0,0
1926,2020,0,0
1927,2020,0,2
1928,2020,0,0
1930,2020,0,0
1936,2020,0,0
1939,2020,0,0
1940,2020,0,0
1942,2020,0,0
1949,2020,0,0
1953,2020,0,0
1954,2020,0,1
1955,2020,0,0
1957,2020,0,0
1964,2020,0,0
1968,2020,0,0
1969,2020,0,1
1970,2020,0,0
1972,2020,0,0
1978,2020,0,0
1981,2020,0,0
1982,2020,0,1
1983,2020,0,0
1985,2020,0,0
1991,2020,0,0
1994,2020,0,0
1995,2020,0,0
1997,2020,0,0
2003,2020,0,0
2006,2020,0,0
2007,2020,0,0
2008,2020,0,0
2014,2020,0,0
2017,2020,0,0
2018,2020,1,2
2019,2020,0,0
2021,2020,0,0
2027,2020,0,0
2030,2020,0,0
2031,2020,1,2
2032,2020,0,0
2034,2020,0,0
2039,2020,0,0
2041,2020,0,0
2042,2020,0,0
2043,2020,0,0
2044,2020,0,0
2049,2020,0,0
2051,2020,0,0
2052,2020,0,0
2053,2020,0,0
2054,2020,0,0
2059,2020,0,0
2061,2020,0,1
2062,2020,0,0
2063,2020,0,0
2068,2020,0,0
2070,2020,0,0
2071,2020,0,0
2077,2020,0,0
2079,2020,0,0
2080,2020,0,0
2081,2020,0,0
2083,2020,0,0
2088,2020,0,0
2090,2020,0,1
2091,2020,0,0
2092,2020,0,0
2098,2020,0,0
2100,2020,0,0
2101,2020,0,0
2106,2020,0,0
2108,2020,0,0
2109,2020,0,0
2110,2020,0,0
2116,2020,0,0
2118,2020,0,0
2119,2020,0,0
2120,2020,0,0
2121,2020,0,0
2125,2020,0,0
2127,2020,0,0
2128,2020,0,0
2129,2020,0,0
2133,2020,0,0
2135,2020,0,1
2136,2020,0,0
2138,2020,0,0
2143,2020,0,0
2145,2020,0,0
2146,2020,0,0
2147,2020,0,0
2152,2020,0,0
2154,2020,0,0
2155,2020,0,0
2157,2020,0,0
2162,2020,0,0
2164,2020,0,0
2165,2020,0,0
2166,2020,0,0
2171,2020,0,0
2173,2020,0,1
2174,2020,0,0
2175,2020,0,0
2181,2020,0,0
2183,2020,0,0
2184,2020,0,0
2185,2020,0,0
2190,2020,0,0
2192,2020,0,0
2193,2020,0,0
2194,2020,0,0
2199,2020,0,0
2201,2020,0,1
2202,2020,0,0
2203,2020,0,0
2205,2020,0,0
2211,2020,0,0
2213,2020,0,1
2214,2020,1,0
2215,2020,0,0
2217,2020,0,0
2223,2020,0,0
2225,2020,0,1
2226,2020,0,0
2228,2020,0,0
2232,2020,0,0
2234,2020,0,0
2235,2020,0,0
2236,2020,0,0
2242,2020,0,0
2244,2020,0,2
2245,2020,1,0
2246,2020,0,0
2248,2020,0,0
2253,2020,0,0
2255,2020,0,1
2256,2020,0,0
2258,2020,0,0
2263,2020,0,0
2265,2020,0,0
2266,2020,0,0
2272,2020,0,0
2274,2020,0,0
2275,2020,0,0
2276,2020,0,0
2277,2020,0,0
2283,2020,0,0
2285,2020,0,0
2286,2020,0,0
2288,2020,0,0
2294,2020,0,0
2296,2020,0,0
2297,2020,0,0
2298,2020,0,0
2299,2020,0,0
2305,2020,0,0
2307,2020,0,0
2308,2020,0,1
2309,2020,0,0
2310,2020,0,0
2316,2020,0,0
2318,2020,0,0
2319,2020,0,1
2320,2020,0,0
2322,2020,0,0
2328,2020,0,0
2330,2020,0,1
2331,2020,0,0
2332,2020,0,0
2334,2020,0,0
2339,2020,0,0
2341,2020,0,0
2342,2020,0,0
2343,2020,0,0
2345,2020,0,0
2350,2020,0,0
2352,2020,0,0
2353,2020,1,0
2354,2020,0,0
2356,2020,0,0
2359,2020,0,0
2361,2020,0,0
2362,2020,0,0
2363,2020,0,0
2367,2020,0,0
2370,2020,0,0
2371,2020,0,0
2373,2020,0,0
2380,2020,0,0
2382,2020,0,0
2383,2020,0,1
2384,2020,0,0
2391,2020,0,0
2393,2020,0,0
2394,2020,0,0
2395,2020,0,0
2397,2020,0,0
2404,2020,0,0
2407,2020,0,0
2408,2020,0,0
2409,2020,0,0
2417,2020,0,0
2420,2020,0,0
2421,2020,0,0
2427,2020,0,0
2429,2020,0,0
2430,2020,0,0
2432,2020,0,0
2439,2020,0,0
2442,2020,0,0
2443,2020,0,0
2445,2020,0,0
2452,2020,0,0
2454,2020,0,0
2455,2020,0,0
2456,2020,1,0
2462,2020,0,0
2464,2020,1,0
2465,2020,2,2
2466,2020,0,0
2468,2020,0,0
2475,2020,0,0
2477,2020,0,0
2478,2020,0,1
2479,2020,0,0
2481,2020,0,0
2488,2020,0,0
2490,2020,0,0
2491,2020,0,0
2492,2020,0,0
2494,2020,0,0
2497,2020,0,0
2499,2020,0,0
2500,2020,0,0
2502,2020,1,0
2509,2020,0,0
2512,2020,1,0
2513,2020,0,0
2514,2020,0,0
2520,2020,0,0
2522,2020,0,0
2523,2020,0,0
2525,2020,0,0
2530,2020,0,0
2532,2020,0,0
2533,2020,0,0
2535,2020,0,0
2542,2020,0,0
2545,2020,0,0
2546,2020,0,0
2547,2020,0,0
2549,2020,0,0
2556,2020,0,0
2559,2020,0,0
2560,2020,1,1
2561,2020,0,0
2563,2020,0,0
2566,2020,0,0
2568,2020,0,0
2570,2020,0,0
2577,2020,0,0
2579,2020,0,0
2580,2020,0,1
2581,2020,0,0
2583,2020,0,0
2588,2020,0,0
2590,2020,0,0
2591,2020,0,0
2592,2020,0,0
2598,2020,0,0
2600,2020,0,0
2601,2020,0,0
2602,2020,0,0
2608,2020,0,0
2610,2020,0,0
2611,2020,0,0
2612,2020,0,0
2618,2020,0,0
2620,2020,0,0
2621,2020,0,0
2622,2020,0,0
2627,2020,0,0
2629,2020,0,0
2630,2020,0,0
2635,2020,0,0
2637,2020,0,0
2638,2020,0,0
2639,2020,0,0
2645,2020,0,0
2647,2020,0,0
2648,2020,0,0
2649,2020,0,0
2654,2020,0,0
2656,2020,0,0
2657,2020,0,0
2658,2020,0,0
2664,2020,0,0
2666,2020,0,0
2667,2020,0,0
2668,2020,0,0
2673,2020,0,0
2675,2020,0,0
2676,2020,0,0
2677,2020,0,0
2683,2020,0,0
2685,2020,0,0
2686,2020,0,0
2687,2020,0,0
2693,2020,0,0
2695,2020,0,0
2696,2020,0,0
2697,2020,0,0
2703,2020,0,0
2705,2020,0,0
2706,2020,0,0
2707,2020,0,0
2712,2020,0,0
2714,2020,0,0
2715,2020,0,0
2720,2020,0,0
2722,2020,0,0
2723,2020,1,2
2724,2020,0,0
2729,2020,0,0
2731,2020,0,0
2732,2020,0,0
2733,2020,0,0
2739,2020,0,0
2741,2020,0,0
2742,2020,0,0
2743,2020,0,0
2749,2020,0,0
2751,2020,0,0
2752,2020,0,0
2753,2020,0,0
2758,2020,0,0
2759,2020,0,0
2760,2020,0,0
2762,2020,0,0
2767,2020,0,0
2768,2020,0,0
2769,2020,0,0
2771,2020,0,0
2776,2020,0,0
2778,2020,0,0
2779,2020,0,0
2781,2020,0,0
2786,2020,0,0
2787,2020,0,0
2788,2020,0,0
2794,2020,0,0
2796,2020,0,0
2797,2020,0,0
2802,2020,0,0
2804,2020,0,0
2806,2020,0,0
2811,2020,0,0
2813,2020,0,0
2814,2020,0,0
2820,2020,0,0
2822,2020,0,0
2823,2020,0,0
2824,2020,0,0
2829,2020,0,0
2830,2020,0,0
2831,2020,0,0
2836,2020,0,0
2838,2020,0,0
2839,2020,0,0
2840,2020,0,0
2844,2020,0,0
2845,2020,0,0
2846,2020,0,0
2847,2020,0,0
2852,2020,0,0
2853,2020,0,0
2854,2020,0,0
2859,2020,0,0
2860,2020,0,0
2861,2020,0,0
2865,2020,0,0
2867,2020,0,2
2870,2020,0,0
2872,2020,0,2
2875,2020,1,0
2881,2020,0,0
2884,2020,0,1
2885,2020,0,0
2889,2020,0,0
2891,2020,0,1
2894,2020,0,0
2900,2020,0,0
2902,2020,0,0
2907,2020,0,0
2909,2020,0,1
2913,2020,0,0
2915,2020,0,0
2918,2020,0,0
2920,2020,0,0
2923,2020,0,0
2925,2020,0,0
2929,2020,2,0
2932,2020,1,2
2933,2020,0,0
2936,2020,1,0
2939,2020,1,2
2940,2020,0,0
2941,2020,0,0
2945,2020,0,0
2948,2020,0,2
2949,2020,0,0
2952,2020,0,0
2955,2020,0,2
2956,2020,0,0
2959,2020,0,0
2961,2020,0,0
2962,2020,0,0
2965,2020,0,0
2968,2020,0,0
2969,2020,0,0
2972,2020,1,0
2975,2020,0,2
2976,2020,0,0
2979,2020,0,0
2982,2020,0,0
2986,2020,0,0
2989,2020,0,0
2992,2020,0,0
2994,2020,0,0
2997,2020,1,0
2999,2020,0,2
3000,2020,0,0
3003,2020,0,0
3006,2020,0,2
3007,2020,0,0
3010,2020,0,0
3012,2020,0,0
3017,2020,0,0
3020,2020,0,0
3021,2020,0,0
3024,2020,0,0
3026,2020,0,0
3029,2020,0,0
3031,2020,0,0
3032,2020,0,0
3036,2020,0,0
3039,2020,0,1
3040,2020,0,0
3041,2020,0,0
3045,2020,0,0
3048,2020,0,0
3049,2020,0,0
3050,2020,0,0
3054,2020,1,0
3056,2020,1,2
3057,2020,0,0
3058,2020,0,0
3062,2020,0,0
3065,2020,0,1
3066,2020,0,0
3067,2020,0,0
3071,2020,0,0
3074,2020,0,0
3075,2020,0,0
3078,2020,0,0
3080,2020,0,0
3081,2020,0,0
3085,2020,0,0
3087,2020,0,1
3088,2020,0,0
3089,2020,0,0
3093,2020,0,0
3095,2020,0,1
3096,2020,0,0
3097,2020,0,0
3101,2020,0,0
3104,2020,0,0
3105,2020,0,0
3109,2020,0,0
3112,2020,0,2
3113,2020,0,0
3114,2020,0,0
3119,2020,0,0
3122,2020,1,0
3123,2020,0,0
3124,2020,0,0
3129,2020,2,0
3131,2020,1,1
3132,2020,0,0
3133,2020,0,0
3136,2020,0,0
3138,2020,0,0
3139,2020,0,0
3140,2020,0,0
3145,2020,0,0
3148,2020,0,0
3149,2020,0,0
3150,2020,0,0
3154,2020,0,0
3156,2020,0,0
3157,2020,0,0
3158,2020,0,0
3163,2020,0,0
3166,2020,0,0
3167,2020,0,0
3168,2020,0,0
3171,2020,0,0
3173,2020,0,0
3174,2020,0,0
3175,2020,0,0
3178,2020,0,0
3180,2020,0,0
3181,2020,0,0
3184,2020,0,0
3186,2020,0,0
3187,2020,0,0
3190,2020,0,0
3192,2020,0,0
3193,2020,0,0
3194,2020,0,0
3198,2020,0,2
3201,2020,0,0
3202,2020,0,0
3206,2020,0,0
3207,2020,0,0
3210,2020,0,0
3212,2020,0,0
3215,2020,0,0
3217,2020,0,0
3218,2020,0,0
3221,2020,0,0
3223,2020,0,0
3224,2020,0,0
3227,2020,0,0
3229,2020,0,0
3230,2020,0,0
3234,2020,0,0
3235,2020,0,0
3239,2020,0,0
3240,2020,0,0
3244,2020,1,1
3247,2020,0,0
3248,2020,0,0
3253,2020,0,0
3256,2020,0,0
3257,2020,0,0
3258,2020,0,0
3263,2020,0,0
3266,2020,0,0
3267,2020,0,0
3268,2020,0,0
3272,2020,0,0
3273,2020,0,0
3274,2020,0,0
3278,2020,0,0
3280,2020,0,0
3281,2020,0,0
3285,2020,0,0
3286,2020,0,0
3287,2020,1,2
3288,2020,0,0
3292,2020,0,0
3293,2020,0,0
3294,2020,0,2
3295,2020,0,0
3298,2020,0,0
3300,2020,0,0
3301,2020,0,2
3302,2020,0,0
3306,2020,0,0
3308,2020,0,0
3309,2020,1,0
3313,2020,0,0
3315,2020,0,0
3316,2020,1,1
3317,2020,0,0
3320,2020,0,0
3322,2020,0,0
3323,2020,0,1
3324,2020,0,0
3328,2020,0,0
3330,2020,0,0
3331,2020,2,1
3332,2020,0,0
3337,2020,0,0
3339,2020,0,0
3340,2020,2,1
3341,2020,0,0
3345,2020,0,0
3346,2020,0,0
3347,2020,1,2
3349,2020,0,0
3351,2020,0,0
3352,2020,0,0
3356,2020,0,0
3358,2020,0,0
3359,2020,1,2
3360,2020,0,0
3364,2020,0,0
3366,2020,0,0
3367,2020,0,0
3371,2020,0,0
3373,2020,0,0
3374,2020,0,2
3375,2020,0,0
3378,2020,0,0
3380,2020,0,0
3381,2020,0,0
3386,2020,0,0
3389,2020,0,0
3390,2020,0,0
3391,2020,0,0
3397,2020,0,0
3399,2020,0,0
3400,2020,0,2
3401,2020,1,0
3402,2020,0,0
3405,2020,0,0
3407,2020,0,0
3412,2020,0,0
3415,2020,0,0
3416,2020,0,2
3417,2020,0,0
3421,2020,0,0
3424,2020,0,0
3425,2020,0,2
3426,2020,0,0
3427,2020,0,0
3433,2020,0,0
3436,2020,0,0
3437,2020,1,0
3438,2020,0,0
3442,2020,0,0
3444,2020,0,0
3445,2020,0,2
3446,2020,0,0
3450,2020,0,0
3453,2020,0,0
3454,2020,0,1
3455,2020,0,0
3460,2020,0,0
3463,2020,0,0
3464,2020,2,0
3465,2020,0,0
3469,2020,0,0
3472,2020,0,0
3473,2020,0,0
3474,2020,0,0
3478,2020,0,0
3480,2020,0,0
3481,2020,0,0
3482,2020,0,0
3488,2020,0,0
3491,2020,0,0
3492,2020,0,0
3493,2020,0,0
3498,2020,0,0
3501,2020,0,0
3502,2020,1,0
3503,2020,0,0
3508,2020,1,1
3511,2020,0,0
3512,2020,0,0
3513,2020,0,0
3519,2020,0,1
3521,2020,0,0
3522,2020,0,0
3523,2020,0,0
3529,2020,0,0
3532,2020,0,0
3533,2020,0,1
3534,2020,0,0
3539,2020,0,0
3540,2020,0,0
3544,2020,0,0
3553,2020,1,2
3556,2020,0,0
3562,2020,0,0
3563,2020,0,1
3567,2020,2,2
3570,2020,0,2
3571,2020,0,2
3577,2020,2,2
3580,2020,0,0
3584,2020,1,1
3587,2020,2,0
3588,2020,0,0
3592,2020,0,0
3594,2020,0,0
3598,2020,0,0
3600,2020,0,0
3601,2020,0,1
3602,2020,0,0
3607,2020,0,0
3609,2020,0,0
3610,2020,2,0
3614,2020,1,0
3616,2020,0,0
3617,2020,0,2
3624,2020,0,1
3625,2020,0,0
3626,2020,0,0
3632,2020,0,0
3633,2020,0,0
3634,2020,0,0
3638,2020,0,0
3640,2020,0,0
3645,2020,0,0
3646,2020,2,0
3650,2020,1,0
3653,2020,0,1
3654,2020,2,0
3660,2020,0,0
3664,2020,0,0
3667,2020,0,0
3668,2020,0,0
3672,2020,0,0
3673,2020,0,0
3678,2020,0,0
3683,2020,0,0
3686,2020,0,0
3690,2020,0,0
3692,2020,0,0
3693,2020,0,0
3694,2020,0,0
3696,2020,0,1
3698,2020,0,0
3700,2020,1,1
3701,2020,0,0
3703,2020,0,1
3704,2020,0,0
3706,2020,2,0
3708,2020,0,0
3710,2020,0,1
3712,2020,0,0
3714,2020,0,1
3716,2020,0,0
3718,2020,1,1
3719,2020,0,0
3721,2020,0,1
3723,2020,0,0
3725,2020,0,1
3727,2020,0,0
3729,2020,0,1
3731,2020,0,0
3733,2020,0,1
3734,2020,0,0
3736,2020,0,2
3738,2020,0,0
3740,2020,0,1
3742,2020,0,0
3744,2020,1,1
3748,2020,0,1
3752,2020,0,0
3755,2020,1,0
3758,2020,0,0
3762,2020,1,0
3766,2020,0,1
3770,2020,1,2
3773,2020,0,0
3777,2020,1,1
3781,2020,1,1
3785,2020,1,1
3787,2020,0,0
3790,2020,0,0
3792,2020,0,0
3794,2020,0,0
3795,2020,0,0
3797,2020,0,0
3799,2020,0,0
3801,2020,0,0
3802,2020,1,0
3804,2020,1,0
3805,2020,0,0
3807,2020,1,0
3809,2020,2,0
3810,2020,0,2
3811,2020,0,2
3812,2020,1,2
3813,2020,0,2
3814,2020,0,2
3815,2020,1,2
3817,2020,1,2
3818,2020,0,1
3819,2020,2,0
3820,2020,2,2
3821,2020,2,0
3822,2020,2,2
3823,2020,1,0
3824,2020,0,2
3825,2020,0,2
3826,2020,0,0
3827,2020,0,2
4795,2020,0,0
4800,2020,0,0
4804,2020,0,0
4810,2020,1,0
4816,2020,0,0
4822,2020,0,0
4828,2020,0,0
4834,2020,0,0
4840,2020,0,0
4846,2020,1,0
4852,2020,0,0
4857,2020,0,0
4862,2020,1,0
4867,2020,0,0
4873,2020,0,0
4879,2020,0,0
4885,2020,0,0
4890,2020,0,0
4896,2020,0,0
4902,2020,0,0
4905,2020,0,0
4910,2020,0,0
4916,2020,0,0
4922,2020,0,0
4926,2020,0,0
4932,2020,0,0
4935,2020,0,0
4939,2020,0,0
4945,2020,0,0
4951,2020,0,0
4956,2020,0,0
4962,2020,0,0
4968,2020,0,0
4972,2020,0,0
4977,2020,0,0
4983,2020,0,0
4988,2020,0,0
4994,2020,0,0
4999,2020,0,0
5004,2020,0,0
5008,2020,0,0
5013,2020,0,0
5018,2020,1,0
5022,2020,0,0
5026,2020,0,0
5030,2020,0,0
5033,2020,0,0
5034,2020,0,0
5036,2020,0,0
5040,2020,0,0
5044,2020,0,0
5048,2020,0,0
5051,2020,0,0
5054,2020,0,0
5057,2020,0,0
5063,2020,0,0
5067,2020,0,0
5071,2020,0,0
5075,2020,0,0
5080,2020,1,0
5085,2020,0,0
5088,2020,0,0
5091,2020,0,0
5096,2020,0,0
5101,2020,0,0
5105,2020,2,0
5109,2020,0,0
5113,2020,0,0
5116,2020,0,0
5120,2020,0,0
5124,2020,0,0
5128,2020,0,0
5131,2020,0,0
5135,2020,0,0
5140,2020,0,0
5145,2020,0,0
5152,2020,0,0
5159,2020,0,0
5166,2020,0,0
5173,2020,0,0
5180,2020,0,0
5187,2020,0,0
5194,2020,0,0
5201,2020,0,0
5208,2020,0,0
5214,2020,0,0
5221,2020,0,0
5228,2020,1,0
5235,2020,0,0
5242,2020,0,0
5249,2020,0,0
5256,2020,0,0
5268,2020,0,0
5274,2020,0,0
5279,2020,0,0
5284,2020,0,0
5288,2020,0,0
5293,2020,0,0
5298,2020,0,0
5304,2020,0,0
5307,2020,0,0
5310,2020,0,0
5316,2020,0,0
5322,2020,0,0
5325,2020,0,0
5329,2020,0,0
5334,2020,0,0
5339,2020,0,0
5344,2020,0,0
5348,2020,0,0
5352,2020,0,0
5356,2020,0,0
5361,2020,0,0
5366,2020,0,0
5372,2020,0,0
5375,2020,0,0
5379,2020,0,0
5384,2020,0,0
5390,2020,0,0
5395,2020,0,0
5401,2020,0,0
5406,2020,0,0
5410,2020,0,0
5415,2020,0,0
5419,2020,0,0
5424,2020,0,0
5430,2020,0,0
5435,2020,0,0
5437,2020,0,0
5442,2020,0,0
5445,2020,0,0
5449,2020,0,0
5453,2020,0,0
5455,2020,0,0
5457,2020,0,0
5460,2020,0,0
5462,2020,0,0
5465,2020,0,0
5468,2020,0,0
5470,2020,0,0
5471,2020,0,0
5473,2020,0,0
5475,2020,0,0
5478,2020,0,0
5480,2020,0,0
5482,2020,0,0
5487,2020,0,0
5495,2020,0,0
5501,2020,1,0
5508,2020,0,0
5515,2020,0,0
5523,2020,0,0
5530,2020,0,0
5538,2020,0,0
5543,2020,0,0
5550,2020,0,0
5552,2020,0,0
5568,2020,0,0
5581,2020,0,0
5591,2020,0,0
5600,2020,0,0
5601,2020,0,0
5604,2020,0,0
5609,2020,0,0
5610,2020,0,0
5616,2020,0,0
5618,2020,0,0
5627,2020,0,0
5633,2020,0,0
5638,2020,0,0
5643,2020,0,1
5647,2020,0,0
5650,2020,0,0
5653,2020,0,0
5658,2020,0,0
5661,2020,0,0
5666,2020,0,0
5670,2020,0,0
5673,2020,0,0
5681,2020,0,0
5693,2020,0,0
5701,2020,0,0
5706,2020,0,0
5710,2020,0,0
5712,2020,0,0
5717,2020,0,0
5724,2020,0,0
5726,2020,0,2
5730,2020,0,0
5734,2020,0,0
5739,2020,0,0
5743,2020,0,0
5747,2020,0,0
5749,2020,0,0
5752,2020,0,0
5757,2020,0,0
5764,2020,0,0
5766,2020,0,2
5771,2020,0,0
5773,2020,0,0
5779,2020,0,0
5781,2020,0,2
5785,2020,0,0
5787,2020,0,0
5790,2020,0,0
