fpr,tpr,thresholds,auc
0.0,0.0,1.9887514305617753,0.6754735792622133
0.00423728813559322,0.0,0.9887514305617754,0.6754735792622133
0.00423728813559322,0.0196078431372549,0.9869278231347197,0.6754735792622133
0.012711864406779662,0.0196078431372549,0.943501063113132,0.6754735792622133
0.012711864406779662,0.0392156862745098,0.9075356874925843,0.6754735792622133
0.0211864406779661,0.0392156862745098,0.887013656841243,0.6754735792622133
0.0211864406779661,0.049019607843137254,0.8823249786611858,0.6754735792622133
0.038135593220338986,0.049019607843137254,0.8590201704425839,0.6754735792622133
0.038135593220338986,0.058823529411764705,0.8555162270679513,0.6754735792622133
0.059322033898305086,0.058823529411764705,0.819171501391329,0.6754735792622133
0.059322033898305086,0.06862745098039216,0.8116042482421794,0.6754735792622133
0.0635593220338983,0.06862745098039216,0.8002246316901488,0.6754735792622133
0.0635593220338983,0.0784313725490196,0.787339546581433,0.6754735792622133
0.06779661016949153,0.0784313725490196,0.7853032095805929,0.6754735792622133
0.06779661016949153,0.09803921568627451,0.781162958210372,0.6754735792622133
0.07203389830508475,0.09803921568627451,0.780851476110097,0.6754735792622133
0.07203389830508475,0.11764705882352941,0.7775554474261371,0.6754735792622133
0.07627118644067797,0.11764705882352941,0.7733553725123199,0.6754735792622133
0.07627118644067797,0.12745098039215685,0.7676518165742305,0.6754735792622133
0.09322033898305085,0.12745098039215685,0.7576292312600628,0.6754735792622133
0.09322033898305085,0.13725490196078433,0.7554025986364918,0.6754735792622133
0.11016949152542373,0.13725490196078433,0.7379905309925593,0.6754735792622133
0.11016949152542373,0.14705882352941177,0.7340167495339908,0.6754735792622133
0.1271186440677966,0.14705882352941177,0.7198473116639953,0.6754735792622133
0.1271186440677966,0.1568627450980392,0.7112490957318545,0.6754735792622133
0.13135593220338984,0.1568627450980392,0.7096804311307355,0.6754735792622133
0.13135593220338984,0.16666666666666666,0.7033517141642742,0.6754735792622133
0.13559322033898305,0.16666666666666666,0.6996817390363217,0.6754735792622133
0.13559322033898305,0.18627450980392157,0.6980604883622126,0.6754735792622133
0.1483050847457627,0.18627450980392157,0.6946823172038689,0.6754735792622133
0.1483050847457627,0.22549019607843138,0.6803425790177818,0.6754735792622133
0.15254237288135594,0.22549019607843138,0.6801663614163616,0.6754735792622133
0.15254237288135594,0.23529411764705882,0.6778523813069959,0.6754735792622133
0.15677966101694915,0.23529411764705882,0.6737000392553131,0.6754735792622133
0.15677966101694915,0.24509803921568626,0.6725693818239457,0.6754735792622133
0.1652542372881356,0.24509803921568626,0.6702263668001097,0.6754735792622133
0.1652542372881356,0.2647058823529412,0.6630775650425752,0.6754735792622133
0.1864406779661017,0.2647058823529412,0.6604414742345777,0.6754735792622133
0.1864406779661017,0.27450980392156865,0.660369185553009,0.6754735792622133
0.19491525423728814,0.27450980392156865,0.6557185152012737,0.6754735792622133
0.19491525423728814,0.29411764705882354,0.6438166197674312,0.6754735792622133
0.19915254237288135,0.29411764705882354,0.6424885902636915,0.6754735792622133
0.19915254237288135,0.3235294117647059,0.6331913494438849,0.6754735792622133
0.21610169491525424,0.3235294117647059,0.6208826100370217,0.6754735792622133
0.21610169491525424,0.3333333333333333,0.6174446243411762,0.6754735792622133
0.22033898305084745,0.3333333333333333,0.6125712016178548,0.6754735792622133
0.22033898305084745,0.37254901960784315,0.6036323716110467,0.6754735792622133
0.2288135593220339,0.37254901960784315,0.5993705056775543,0.6754735792622133
0.2288135593220339,0.38235294117647056,0.5991996401105506,0.6754735792622133
0.2627118644067797,0.38235294117647056,0.586857826081964,0.6754735792622133
0.2627118644067797,0.4215686274509804,0.5745182052520982,0.6754735792622133
0.2669491525423729,0.4215686274509804,0.5731010333761346,0.6754735792622133
0.2669491525423729,0.43137254901960786,0.5728190209047207,0.6754735792622133
0.2796610169491525,0.43137254901960786,0.5699358509389737,0.6754735792622133
0.2796610169491525,0.4411764705882353,0.5675485194881748,0.6754735792622133
0.3008474576271186,0.4411764705882353,0.5587033219766485,0.6754735792622133
0.3008474576271186,0.46078431372549017,0.5565653392415562,0.6754735792622133
0.3135593220338983,0.46078431372549017,0.5550047892720307,0.6754735792622133
0.3135593220338983,0.4803921568627451,0.55031908380666,0.6754735792622133
0.3220338983050847,0.4803921568627451,0.5449736725496822,0.6754735792622133
0.3220338983050847,0.5098039215686274,0.5429886847876868,0.6754735792622133
0.326271186440678,0.5098039215686274,0.5413850713566472,0.6754735792622133
0.326271186440678,0.5196078431372549,0.5400175607579258,0.6754735792622133
0.3474576271186441,0.5196078431372549,0.5318488693805632,0.6754735792622133
0.3474576271186441,0.5294117647058824,0.5264403340911963,0.6754735792622133
0.3516949152542373,0.5294117647058824,0.5204365318589457,0.6754735792622133
0.3516949152542373,0.5392156862745098,0.5198173277027232,0.6754735792622133
0.3601694915254237,0.5392156862745098,0.5187473288709676,0.6754735792622133
0.3601694915254237,0.5490196078431373,0.5168207510879925,0.6754735792622133
0.3644067796610169,0.5490196078431373,0.5158417365821016,0.6754735792622133
0.3644067796610169,0.5686274509803921,0.5142844407677064,0.6754735792622133
0.3728813559322034,0.5686274509803921,0.5121093789577562,0.6754735792622133
0.3728813559322034,0.5784313725490197,0.5114915527857906,0.6754735792622133
0.3983050847457627,0.5784313725490197,0.49957518535104756,0.6754735792622133
0.3983050847457627,0.5882352941176471,0.4965471261046818,0.6754735792622133
0.4025423728813559,0.5882352941176471,0.4964442765089318,0.6754735792622133
0.4025423728813559,0.5980392156862745,0.494589885585013,0.6754735792622133
0.423728813559322,0.5980392156862745,0.48890289055096353,0.6754735792622133
0.423728813559322,0.6176470588235294,0.4803379019364776,0.6754735792622133
0.4279661016949153,0.6176470588235294,0.4797919823021243,0.6754735792622133
0.4279661016949153,0.6372549019607843,0.4759987638854272,0.6754735792622133
0.4406779661016949,0.6372549019607843,0.4631580180521944,0.6754735792622133
0.4406779661016949,0.6568627450980392,0.4624832170027403,0.6754735792622133
0.4449152542372881,0.6568627450980392,0.45878618905616436,0.6754735792622133
0.4449152542372881,0.6666666666666666,0.4570922372646511,0.6754735792622133
0.4491525423728814,0.6666666666666666,0.45319693414067275,0.6754735792622133
0.4491525423728814,0.6862745098039216,0.44885189044671814,0.6754735792622133
0.4533898305084746,0.6862745098039216,0.44560992566438373,0.6754735792622133
0.4533898305084746,0.7156862745098039,0.4424242185018047,0.6754735792622133
0.461864406779661,0.7156862745098039,0.4349516742835709,0.6754735792622133
0.461864406779661,0.7254901960784313,0.4318400037618554,0.6754735792622133
0.4703389830508475,0.7254901960784313,0.41362188422913576,0.6754735792622133
0.4703389830508475,0.7352941176470589,0.40684571348485715,0.6754735792622133
0.4788135593220339,0.7352941176470589,0.4021545265079748,0.6754735792622133
0.4788135593220339,0.7843137254901961,0.38407957453590885,0.6754735792622133
0.4830508474576271,0.7843137254901961,0.3833143030341307,0.6754735792622133
0.4830508474576271,0.8137254901960784,0.37203054369002636,0.6754735792622133
0.5,0.8137254901960784,0.3689093473576232,0.6754735792622133
0.5,0.8333333333333334,0.3659796621003518,0.6754735792622133
0.5169491525423728,0.8333333333333334,0.3610493898146027,0.6754735792622133
0.5169491525423728,0.8529411764705882,0.35960902969016567,0.6754735792622133
0.5338983050847458,0.8529411764705882,0.34143490357192713,0.6754735792622133
0.5338983050847458,0.8627450980392157,0.3388726061520179,0.6754735792622133
0.538135593220339,0.8627450980392157,0.3380437035355901,0.6754735792622133
0.538135593220339,0.8725490196078431,0.3369546880322742,0.6754735792622133
0.5508474576271186,0.8725490196078431,0.3345670373687615,0.6754735792622133
0.5508474576271186,0.8823529411764706,0.33360024541399314,0.6754735792622133
0.5550847457627118,0.8823529411764706,0.33323895931654557,0.6754735792622133
0.5550847457627118,0.8921568627450981,0.3218047996065238,0.6754735792622133
0.559322033898305,0.8921568627450981,0.32150852147449244,0.6754735792622133
0.559322033898305,0.9019607843137255,0.31771700169899963,0.6754735792622133
0.5635593220338984,0.9019607843137255,0.316158814421999,0.6754735792622133
0.5635593220338984,0.9117647058823529,0.31351969390762485,0.6754735792622133
0.5847457627118644,0.9117647058823529,0.29815291747740774,0.6754735792622133
0.5847457627118644,0.9215686274509803,0.2918371738414841,0.6754735792622133
0.5932203389830508,0.9215686274509803,0.2871813348360003,0.6754735792622133
0.5932203389830508,0.9313725490196079,0.27480215792208695,0.6754735792622133
0.597457627118644,0.9313725490196079,0.2680759374724891,0.6754735792622133
0.597457627118644,0.9509803921568627,0.25603395646499094,0.6754735792622133
0.6016949152542372,0.9509803921568627,0.25007090329098436,0.6754735792622133
0.6016949152542372,0.9607843137254902,0.24966528921270298,0.6754735792622133
0.6228813559322034,0.9607843137254902,0.22785003550089747,0.6754735792622133
0.6228813559322034,0.9705882352941176,0.2193061790868586,0.6754735792622133
0.6313559322033898,0.9705882352941176,0.21088177303314223,0.6754735792622133
0.6313559322033898,0.9803921568627451,0.20871569860160122,0.6754735792622133
0.6779661016949152,0.9803921568627451,0.15876400897952622,0.6754735792622133
0.6779661016949152,1.0,0.11192086170534449,0.6754735792622133
0.6991525423728814,1.0,0.028474399164054334,0.6754735792622133
0.711864406779661,1.0,0.02586206896551724,0.6754735792622133
0.7203389830508474,1.0,0.022988505747126436,0.6754735792622133
0.7288135593220338,1.0,0.02011494252873563,0.6754735792622133
0.7372881355932204,1.0,0.018318965517241378,0.6754735792622133
0.7584745762711864,1.0,0.017241379310344827,0.6754735792622133
0.7669491525423728,1.0,0.01053639846743295,0.6754735792622133
0.7754237288135594,1.0,0.010389299397920085,0.6754735792622133
0.7796610169491526,1.0,0.008141762452107279,0.6754735792622133
0.7966101694915254,1.0,0.007926245210727968,0.6754735792622133
0.8135593220338984,1.0,0.0049261083743842365,0.6754735792622133
0.8305084745762712,1.0,0.0010775862068965517,0.6754735792622133
0.8432203389830508,1.0,0.0008620689655172415,0.6754735792622133
1.0,1.0,0.0,0.6754735792622133
