gridid,glat,glon
PH012801000,18.453,120.91
PH012802000,18.267,120.61
PH012803000,17.906,120.5
PH012804000,18.49,120.75
PH012805000,18.038,120.58
PH012807000,18.219,120.86
PH012808000,18.011,120.5
PH012820000,18.146,120.59
PH012901000,16.893,120.57
PH012809000,18.077,120.72
PH101314000,8.374,124.89
PH101315000,7.812,124.96
PH101316000,7.805,124.8
PH101317000,7.713,125.16
PH071225000,9.693,124.34
PH012810000,18.477,120.83
PH012811000,17.967,120.65
PH012812000,18.195,120.57
PH103508000,8.089,123.89
PH103509000,7.954,123.76
PH103510000,8.168,124.15
PH103511000,8.013,123.92
PH103512000,8.115,123.97
PH103513000,8.122,124.16
PH103514000,8.021,124.05
PH071232000,9.753,123.85
PH012813000,18.025,120.69
PH012814000,17.982,120.78
PH012815000,18.563,120.86
PH012816000,18.085,120.51
PH012817000,18.371,120.63
PH012908000,16.99,120.7
PH012818000,18.18,120.75
PH012819000,17.948,120.54
PH012821000,18.135,120.64
PH012823000,18.329,120.78
PH104302000,8.746,124.84
PH012822000,18.101,120.79
PH153827000,6.89,124.39
PH012902000,17.246,120.49
PH012911000,17.259,120.53
PH012912000,17.683,120.45
PH071218000,9.962,124.2
PH071219000,9.61,123.83
PH012903000,17.598,120.45
PH012904000,17.314,120.51
PH012905000,17.788,120.49
PH012906000,17.193,120.46
PH012907000,17.535,120.39
PH071220000,9.65,124.15
PH071221000,9.739,124.38
PH071222000,9.663,124.28
PH012909000,17.188,120.51
PH012910000,17.152,120.61
PH071223000,9.775,124.44
PH071224000,10.001,124.09
PH012913000,17.44,120.55
PH012914000,17.447,120.5
PH012915000,17.123,120.71
PH071226000,10.127,124.18
PH071227000,9.608,124.1
PH071228000,9.611,124.01
PH104319000,8.887,124.97
PH012916000,17.12,120.54
PH012917000,17.24,120.6
PH012918000,17.325,120.45
PH012919000,17.619,120.4
PH012920000,17.733,120.47
PH012921000,17.612,120.36
PH012922000,17.518,120.44
PH012923000,17.586,120.35
PH025012000,16.183,120.9
PH012924000,17.056,120.48
PH071229000,9.644,124.04
PH071230000,9.819,123.82
PH071231000,9.905,124.51
PH012925000,17.126,120.47
PH012926000,17.367,120.49
PH012927000,17.273,120.44
PH012928000,17.644,120.42
PH012929000,17.056,120.6
PH012930000,17.859,120.48
PH012932000,16.979,120.55
PH012933000,16.938,120.46
PH012934000,17.563,120.38
PH013301000,16.326,120.37
PH013302000,16.41,120.4
PH013303000,16.744,120.37
PH071233000,9.579,123.77
PH071234000,9.846,124.35
PH071235000,10.104,124.56
PH012931000,16.779,120.55
PH031402000,14.828,120.9
PH013304000,16.609,120.47
PH013305000,16.806,120.4
PH013306000,16.88,120.43
PH013307000,16.513,120.34
PH015540000,15.865,120.57
PH031413000,14.878,121.18
PH013308000,16.532,120.47
PH013309000,16.44,120.37
PH013310000,16.839,120.37
PH013311000,16.526,120.41
PH104217000,8.266,123.61
PH104301000,8.488,124.43
PH013312000,16.313,120.48
PH013313000,16.245,120.45
PH013314000,16.608,120.35
PH013315000,16.684,120.47
PH013316000,16.67,120.37
PH013317000,16.273,120.39
PH013318000,16.75,120.49
PH104303000,8.936,124.87
PH104304000,8.919,124.79
PH104305000,8.373,124.6
PH104306000,8.669,124.99
PH104307000,8.514,124.49
PH104308000,8.776,125.1
PH104309000,8.56,124.4
PH104310000,8.483,124.34
PH104311000,8.655,124.77
PH104312000,8.954,124.82
PH104313000,8.808,124.82
PH104314000,8.592,124.44
PH104315000,8.53,124.37
PH104316000,8.341,124.29
PH104317000,8.971,125.2
PH104318000,8.365,124.35
PH013319000,16.847,120.49
PH104320000,8.419,124.34
PH104321000,8.427,124.5
PH104322000,8.861,124.83
PH104323000,8.927,124.81
PH104324000,8.535,124.79
PH104325000,8.96,124.9
PH104326000,8.576,124.79
PH112301000,7.633,125.79
PH112303000,7.372,125.67
PH013320000,16.344,120.42
PH015501000,16.102,119.8
PH015502000,15.837,120.21
PH015503000,16.152,119.97
PH015504000,15.837,120.52
PH015505000,16.293,119.97
PH037707000,15.773,121.4
PH015506000,15.996,120.65
PH015507000,15.89,120.69
PH015508000,16.209,119.85
PH015509000,15.866,120.39
PH042117000,14.414,120.86
PH015510000,15.797,120.51
PH015511000,15.789,120.44
PH045634000,13.81,122.09
PH015512000,16.058,120.59
PH015513000,16.006,120.28
PH015514000,16.323,119.87
PH015515000,15.922,120.17
PH015516000,16.028,119.84
PH015517000,15.993,120.36
PH015518000,16.054,120.34
PH015519000,15.947,119.89
PH015520000,15.865,120
PH015521000,15.998,120.11
PH015522000,16.003,120.22
PH015523000,16.013,119.98
PH015524000,15.909,120.45
PH015525000,16.031,120.5
PH015526000,16.062,120.4
PH015527000,15.736,120.28
PH015545000,15.825,120.35
PH015546000,15.97,120.56
PH054110000,12.226,123.31
PH015528000,16.02,120.45
PH140125000,17.832,120.9
PH015529000,16.048,120.83
PH021512000,17.548,121.69
PH021513000,18.052,121.88
PH021514000,18.251,122.12
PH015530000,16.113,120.52
PH015531000,15.869,120.63
PH015532000,15.908,120.32
PH015533000,16.145,120.43
PH034913000,15.541,121.18
PH034914000,15.532,120.76
PH034915000,15.671,121.01
PH015534000,16.086,120.45
PH015535000,16.104,120.67
PH034917000,15.733,120.89
PH071241000,9.691,123.99
PH015536000,16.124,120.77
PH015537000,15.985,120.82
PH015538000,15.988,120.42
PH015539000,15.963,120.7
PH035422000,14.885,120.62
PH082619000,11.158,125.62
PH015541000,16.168,120.55
PH015542000,16.087,120.05
PH021515000,17.747,121.75
PH021516000,18.154,121.85
PH015543000,16.013,120.74
PH015544000,15.902,120.81
PH060614000,10.898,122.17
PH060615000,11.589,122.11
PH082621000,12.218,125.45
PH015547000,15.908,120.56
PH015548000,16.043,120.54
PH020901000,20.459,121.99
PH020902000,20.769,121.84
PH020903000,20.379,121.93
PH020904000,20.405,121.95
PH020905000,20.311,121.85
PH020906000,20.369,121.95
PH021501000,18.391,121.43
PH086410000,10.068,125
PH021502000,17.916,121.67
PH021503000,18.2,121.54
PH021504000,17.812,121.69
PH021505000,18.535,121.52
PH021506000,17.923,121.97
PH021507000,18.351,121.5
PH021508000,18.243,121.8
PH021509000,19.187,121.65
PH072242000,10.647,124.33
PH072243000,10.98,123.93
PH072244000,11.218,123.82
PH021510000,18.27,121.68
PH021511000,18.575,121.09
PH023101000,16.815,121.67
PH021517000,18.059,121.54
PH021518000,18.445,121.32
PH021519000,17.684,121.96
PH036901000,15.735,120.61
PH021520000,17.774,121.51
PH021521000,17.914,121.39
PH021522000,18.539,121.21
PH021523000,18.393,122.22
PH021524000,18.533,121
PH021525000,18.216,121.9
PH023103000,16.984,121.64
PH036902000,15.245,120.46
PH118604000,6.493,125.46
PH021526000,17.913,121.53
PH141107000,16.619,120.84
PH124702000,7.313,124.76
PH021527000,17.664,121.64
PH060616000,10.772,122.07
PH060617000,11.313,122.08
PH097341000,7.519,123.17
PH021528000,17.679,121.5
PH098309000,7.842,122.71
PH021529000,17.61,121.74
PH060618000,11.03,122.2
PH101312000,8.16,125.18
PH101313000,8.526,124.95
PH023102000,16.78,121.8
PH063007000,10.909,122.72
PH063008000,11.087,122.87
PH063009000,11.402,123.1
PH063010000,11.208,122.57
PH103507000,8.147,124.08
PH023104000,16.902,121.96
PH023107000,16.935,121.66
PH023108000,16.878,121.82
PH023105000,17.063,121.71
PH043418000,14.375,121.53
PH023106000,17.386,121.88
PH043419000,14.252,121.44
PH043420000,14.388,121.44
PH023109000,16.723,121.43
PH023110000,16.687,122.26
PH023111000,17.242,122.31
PH023116000,16.968,121.72
PH023117000,17.432,122.14
PH043421000,14.423,121.48
PH023112000,16.643,121.77
PH023113000,17.074,121.8
PH023114000,17.15,122.02
PH023115000,16.547,121.82
PH142709000,16.861,121.1
PH023118000,17.27,121.74
PH023127000,16.466,121.77
PH142710000,16.697,120.95
PH023119000,17.21,121.62
PH023120000,16.978,121.88
PH023121000,17.009,122.42
PH023122000,17.31,121.61
PH023123000,17.156,121.73
PH023124000,16.789,121.52
PH023125000,17.001,121.77
PH023126000,17.123,121.61
PH142711000,16.676,121.05
PH143201000,17.537,121.16
PH023128000,16.676,121.96
PH023129000,16.742,121.62
PH023130000,17.034,121.62
PH023131000,16.903,122.15
PH023136000,17.37,121.73
PH023132000,16.875,121.58
PH023133000,17.475,121.93
PH071236000,9.911,124.09
PH023134000,17.47,121.7
PH023137000,17.292,121.92
PH025001000,16.544,121.05
PH025002000,16.237,121.02
PH025003000,16.598,121.26
PH023135000,16.678,121.55
PH025011000,16.479,121.29
PH025004000,16.389,121.09
PH025005000,16.477,121.14
PH025013000,16.545,121.17
PH025014000,16.605,121.15
PH025015000,15.909,121.32
PH025701000,16.414,121.58
PH025006000,16.642,121.35
PH025007000,16.205,121.23
PH025008000,16.118,121.18
PH031403000,14.961,120.88
PH025009000,16.329,121.34
PH025010000,16.4,120.92
PH031414000,14.72,120.92
PH031415000,14.881,120.94
PH031416000,14.81,120.78
PH031417000,14.888,120.86
PH025702000,16.442,121.49
PH031421000,15.18,121.01
PH031422000,14.993,120.96
PH031423000,14.839,120.98
PH031424000,15.07,121.19
PH034901000,15.506,120.86
PH034902000,15.658,121.22
PH034903000,15.492,120.99
PH034904000,15.235,120.84
PH034905000,16.015,121.02
PH034906000,15.786,120.7
PH034907000,15.498,121.28
PH034908000,15.285,121
PH034909000,15.591,121.05
PH034910000,15.327,121.21
PH034911000,15.656,120.75
PH034912000,15.381,120.87
PH025703000,16.55,121.45
PH025704000,16.354,121.78
PH025705000,16.548,121.57
PH025706000,16.132,121.52
PH030801000,14.722,120.48
PH030802000,14.589,120.41
PH030803000,14.668,120.48
PH030804000,14.877,120.42
PH030805000,14.817,120.42
PH030806000,14.538,120.56
PH030807000,14.475,120.5
PH030808000,14.705,120.32
PH030809000,14.79,120.48
PH030810000,14.59,120.53
PH030811000,14.63,120.51
PH030812000,14.76,120.49
PH031401000,14.93,121
PH031404000,14.799,120.93
PH031405000,14.768,120.87
PH031406000,14.931,120.92
PH031407000,14.902,120.76
PH031408000,14.844,120.88
PH031409000,14.817,120.73
PH031410000,14.833,120.82
PH031411000,14.773,120.97
PH031412000,14.752,120.96
PH031418000,14.922,120.83
PH031419000,15.062,120.99
PH031420000,14.816,121.08
PH034916000,15.854,120.9
PH034918000,15.717,120.66
PH034919000,15.493,121.11
PH034920000,15.823,121.15
PH034921000,15.376,121.02
PH034922000,15.567,120.82
PH034923000,15.686,121.11
PH034924000,15.328,120.8
PH034925000,15.271,120.91
PH034926000,15.786,121
PH034927000,15.36,120.94
PH034928000,15.432,120.96
PH034929000,15.622,120.87
PH034930000,15.621,120.93
PH034931000,15.763,120.81
PH034932000,15.445,120.79
PH035401000,15.165,120.55
PH035402000,14.958,120.78
PH035403000,15.18,120.76
PH035404000,15.037,120.62
PH035405000,15.104,120.87
PH035406000,14.978,120.48
PH035407000,14.986,120.59
PH035408000,14.899,120.56
PH035409000,15.217,120.55
PH035410000,14.871,120.66
PH035411000,15.234,120.67
PH035412000,14.848,120.68
PH035413000,15.102,120.69
PH035414000,14.96,120.69
PH035415000,15.099,120.47
PH035416000,15.068,120.65
PH035417000,15.034,120.81
PH035418000,15.002,120.79
PH035419000,15.106,120.75
PH036904000,15.334,120.44
PH036905000,15.336,120.66
PH035420000,15.017,120.59
PH071239000,9.721,124.05
PH035421000,15,120.71
PH036903000,15.683,120.41
PH036906000,15.595,120.56
PH036907000,15.446,120.71
PH143211000,17.505,121.57
PH143213000,17.41,121.43
PH036908000,15.559,120.31
PH036911000,15.622,120.64
PH143214000,17.279,121.27
PH036909000,15.735,120.54
PH036910000,15.664,120.54
PH036914000,15.815,120.59
PH144408000,17.187,121.02
PH036912000,15.674,120.63
PH036913000,15.666,120.32
PH037708000,15.612,121.45
PH041001000,13.968,120.92
PH036915000,15.581,120.44
PH071202000,9.892,124.42
PH036916000,15.481,120.59
PH036917000,15.572,120.68
PH071203000,9.768,124.55
PH036918000,15.437,120.33
PH037101000,15.238,120.19
PH037102000,15.161,120.11
PH037103000,15.631,120.08
PH041018000,13.976,121.1
PH041019000,14.119,120.68
PH071211000,9.828,124.48
PH037104000,14.928,120.2
PH037105000,15.368,120.03
PH037106000,15.538,120.05
PH037107000,14.827,120.3
PH037108000,15.447,120.05
PH037109000,14.879,120.1
PH037110000,15.074,120.11
PH037111000,15.02,120.29
PH042101000,14.118,120.84
PH037112000,15.01,120.11
PH037113000,15.759,120.03
PH037114000,14.877,120.27
PH037701000,15.745,121.57
PH037702000,16.241,122.05
PH037703000,16.4,122.09
PH037704000,16.186,121.88
PH037705000,15.269,121.37
PH037706000,15.997,121.62
PH041002000,13.866,121.01
PH041003000,13.966,120.73
PH041004000,14.012,121.1
PH041005000,13.71,121.1
PH041006000,13.801,120.97
PH041007000,13.977,120.82
PH041008000,13.864,120.65
PH041009000,13.906,121.05
PH041010000,13.819,121.14
PH041011000,14.051,120.9
PH041012000,13.955,120.88
PH041013000,13.993,120.64
PH041014000,13.94,121.17
PH041015000,13.666,121.26
PH041016000,13.73,120.91
PH041017000,14.033,121.14
PH112305000,7.837,125.57
PH041020000,13.874,121.24
PH041021000,13.805,121.27
PH112411000,6.644,125.34
PH112412000,6.905,125.39
PH041022000,13.878,121.09
PH041023000,13.758,121.39
PH041024000,13.835,120.94
PH042114000,14.13,120.89
PH042115000,14.293,120.79
PH042116000,14.436,120.88
PH041025000,13.962,120.97
PH041026000,13.818,121.03
PH042118000,14.215,120.98
PH045615000,14.013,121.4
PH045616000,13.697,122.22
PH045617000,14.882,121.46
PH045618000,13.908,122.42
PH045619000,13.877,122.12
PH041027000,13.878,120.97
PH041028000,14.076,121.18
PH041029000,13.887,120.93
PH041030000,14.093,121.01
PH041031000,14.094,121.09
PH041032000,13.753,121.22
PH041033000,13.648,120.89
PH043408000,14.481,121.47
PH043409000,14.333,121.53
PH045620000,14.676,121.58
PH045621000,14.701,122.37
PH045622000,13.837,122.29
PH045623000,14.111,121.57
PH045624000,13.937,121.61
PH045625000,13.76,122.18
PH045627000,14.232,121.7
PH045628000,13.525,122.45
PH045629000,13.927,121.84
PH045630000,13.982,121.72
PH045631000,14.973,121.88
PH045632000,14.796,122.18
PH045633000,14.178,121.95
PH041034000,14.028,120.73
PH042102000,14.178,120.92
PH042103000,14.415,120.97
PH042104000,14.302,121.03
PH042105000,14.434,120.74
PH042106000,14.313,120.96
PH042107000,14.179,120.8
PH042108000,14.322,120.9
PH042109000,14.396,120.93
PH042110000,14.191,120.87
PH042111000,14.437,120.9
PH042112000,14.162,120.74
PH042113000,14.231,120.72
PH045635000,13.941,122.01
PH045636000,14.738,121.95
PH045637000,14.055,122.12
PH045638000,14.513,121.58
PH112414000,6.579,125.3
PH112501000,7.568,126.43
PH112502000,7.05,126.02
PH112503000,7.917,126.27
PH112504000,7.36,126.43
PH112505000,7.758,126.34
PH112506000,6.539,126.13
PH112507000,7.074,126.15
PH112508000,7.209,126.43
PH112509000,6.831,126.22
PH112510000,6.792,126.12
PH112511000,7.081,126.37
PH042119000,14.116,120.95
PH042120000,14.348,120.83
PH042121000,14.264,120.67
PH042122000,14.276,120.86
PH042123000,14.31,121.01
PH050507000,13.249,123.37
PH050508000,13.184,123.49
PH050509000,13.304,123.73
PH050510000,13.383,123.65
PH050511000,13.086,123.87
PH050512000,13.167,123.4
PH050513000,13.063,123.46
PH050514000,13.324,123.49
PH050515000,13.234,124.06
PH050516000,13.244,123.75
PH050517000,13.333,123.69
PH050518000,13.462,123.61
PH051601000,13.99,122.97
PH051602000,14.268,122.49
PH051603000,14.106,122.94
PH051604000,14.015,122.87
PH051605000,14.263,122.65
PH051606000,14.136,122.69
PH051607000,13.974,123.04
PH051608000,14.254,122.77
PH043401000,14.043,121.24
PH043402000,14.145,121.26
PH043403000,14.307,121.06
PH043404000,14.239,121.11
PH043405000,14.187,121.12
PH051717000,13.822,123.51
PH051718000,13.665,122.97
PH051719000,13.853,122.89
PH051720000,13.672,123.16
PH043406000,14.133,121.29
PH043407000,14.246,121.55
PH051727000,13.555,122.99
PH051728000,13.589,123.29
PH051729000,13.747,123.72
PH051730000,13.865,122.77
PH051731000,13.561,123.51
PH043410000,14.142,121.43
PH051732000,13.524,123.12
PH051733000,13.692,123.55
PH051734000,13.794,122.96
PH051735000,14.016,123.29
PH071240000,9.78,124.28
PH043411000,14.153,121.22
PH043412000,14.188,121.52
PH043413000,14.298,121.51
PH043414000,14.43,121.4
PH052009000,13.704,124.25
PH052010000,13.847,124.31
PH052011000,13.601,124.19
PH054101000,12.439,123.34
PH054102000,12.424,123.48
PH054103000,12.021,123.23
PH054104000,12.4,123.76
PH054105000,12.001,123.95
PH054106000,12.019,123.75
PH054107000,12.868,123.22
PH054108000,12.154,123.85
PH054109000,11.812,124.01
PH043415000,14.207,121.43
PH043417000,14.134,121.4
PH043416000,14.139,121.48
PH054111000,12.337,123.56
PH054112000,12.203,123.52
PH054113000,12.274,123.66
PH054114000,12.63,123.63
PH054115000,12.098,123.89
PH054116000,11.856,124.03
PH054117000,11.928,123.89
PH054118000,12.479,123.72
PH054119000,12.557,123.69
PH054120000,13.058,123.02
PH054121000,12.171,123.76
PH056202000,12.833,124.11
PH056203000,12.684,123.92
PH056204000,12.757,124.1
PH056205000,12.859,124.04
PH056206000,12.95,123.81
PH056207000,12.971,123.57
PH056208000,12.925,124.1
PH043422000,14.231,121.36
PH043423000,14.095,121.4
PH043424000,14.05,121.33
PH043425000,14.349,121.04
PH071242000,9.666,123.87
PH071243000,10.117,124.27
PH043426000,14.261,121.4
PH072245000,9.443,123.32
PH072246000,10.025,123.57
PH043427000,14.511,121.42
PH043428000,14.272,121.09
PH072247000,10.761,123.96
PH072248000,10.931,124
PH072249000,10.839,123.9
PH072250000,10.284,123.82
PH072251000,10.359,123.69
PH072252000,10.692,123.85
PH072253000,10.662,124.48
PH076101000,9.261,123.63
PH076102000,9.24,123.6
PH076103000,9.14,123.6
PH076104000,9.178,123.65
PH076105000,9.153,123.52
PH076106000,9.193,123.53
PH082601000,12.247,125.31
PH082602000,11.197,125.36
PH082603000,11.404,125.39
PH082604000,11.588,125.33
PH082605000,11.968,125.32
PH082606000,12.065,125.33
PH082607000,11.274,125.47
PH082608000,11.163,125.45
PH082609000,10.854,125.73
PH082610000,11.323,125.58
PH043429000,14.477,121.49
PH082611000,12.277,125.21
PH082612000,11.197,125.28
PH082613000,11.352,125.44
PH082614000,12.124,125.19
PH082615000,11.464,125.36
PH082616000,11.09,125.7
PH082617000,12.163,125.38
PH082618000,11.178,125.5
PH043430000,14.205,121.33
PH045601000,13.884,121.92
PH045602000,14.118,122.02
PH045603000,13.985,121.88
PH045605000,13.74,122.43
PH045606000,14.916,121.98
PH045607000,14.054,122.28
PH045608000,13.935,121.42
PH045610000,13.644,122.31
PH082620000,11.732,125.37
PH045639000,14.184,121.63
PH045640000,13.34,122.64
PH045641000,13.901,121.29
PH045642000,13.295,122.57
PH045644000,13.556,122.53
PH045645000,13.929,121.5
PH045646000,14.027,122.53
PH045647000,14.037,121.61
PH045648000,13.939,121.33
PH045649000,13.861,122
PH082622000,11.796,125.37
PH082623000,11.872,125.34
PH083701000,10.644,125.05
PH045801000,14.54,121.16
PH045802000,14.656,121.23
PH045803000,14.575,121.27
PH045804000,14.457,121.2
PH045805000,14.587,121.11
PH045806000,14.406,121.23
PH045807000,14.339,121.33
PH045808000,14.773,121.21
PH045809000,14.534,121.23
PH045810000,14.454,121.34
PH045811000,14.683,121.16
PH045812000,14.604,121.35
PH045813000,14.555,121.13
PH045814000,14.561,121.21
PH050501000,13.286,123.84
PH084810000,12.301,125.02
PH084811000,12.535,124.36
PH084812000,12.44,125.2
PH084813000,12.412,124.77
PH084814000,12.514,125.14
PH084815000,12.459,124.93
PH084816000,12.509,124.43
PH084817000,12.41,124.26
PH084818000,12.35,124.39
PH084819000,12.493,124.48
PH084820000,12.463,124.87
PH084821000,12.34,124.06
PH050502000,13.14,123.63
PH050503000,13.115,123.68
PH050504000,13.173,123.57
PH050505000,13.049,123.58
PH050506000,13.099,123.75
PH051609000,14.081,122.86
PH051610000,14.151,122.38
PH051611000,14.141,122.92
PH051612000,14.253,122.9
PH051701000,13.482,123.36
PH051702000,13.348,123.25
PH051703000,13.32,123.31
PH051704000,13.684,123.2
PH084822000,12.281,124.86
PH084823000,12.431,124.4
PH084824000,12.314,124.64
PH086001000,11.928,124.31
PH086002000,11.39,125.15
PH086003000,12.191,124.58
PH086004000,11.605,125.08
PH086005000,11.838,124.88
PH086006000,11.63,124.78
PH051705000,13.43,123.51
PH051706000,13.456,123.26
PH051707000,13.741,123.07
PH051708000,13.71,123.27
PH086007000,12.07,124.82
PH051709000,13.624,123.15
PH051710000,13.644,123.13
PH051711000,13.798,123.83
PH051712000,13.949,122.68
PH051713000,13.602,123.13
PH051714000,13.866,123.63
PH051715000,13.73,123.43
PH051716000,13.451,123.43
PH051721000,13.595,123.19
PH051722000,13.515,123.19
PH051723000,13.396,123.34
PH051724000,13.643,123.25
PH051725000,13.581,123.38
PH086008000,11.72,125.18
PH086009000,11.851,124.97
PH086010000,11.206,125.21
PH051726000,13.589,123.07
PH051736000,13.626,123.46
PH051737000,13.867,123.35
PH052001000,13.962,124.26
PH052002000,13.694,124.36
PH052003000,13.605,124.3
PH052004000,13.873,124.18
PH052005000,13.785,124.35
PH052006000,14.031,124.19
PH052007000,13.91,124.29
PH052008000,13.662,124.11
PH056209000,12.712,124.02
PH056210000,12.811,123.97
PH056211000,12.809,123.88
PH056212000,12.589,124.03
PH056213000,12.952,123.69
PH056214000,13.036,124.15
PH056215000,12.657,124.08
PH056216000,13.018,123.99
PH060401000,11.514,122.46
PH060402000,11.527,122.37
PH060408000,11.678,122.31
PH060403000,11.599,122.32
PH060404000,11.569,122.48
PH060405000,11.832,121.91
PH060406000,11.745,122.16
PH060407000,11.694,122.37
PH060409000,11.416,122.29
PH060410000,11.466,122.22
PH060411000,11.71,122.27
PH060412000,11.894,121.94
PH060413000,11.605,122.22
PH060414000,11.844,122.03
PH060415000,11.635,122.41
PH060416000,11.718,122.33
PH060417000,11.741,122.23
PH060601000,10.447,121.96
PH060602000,11.254,122.12
PH060603000,10.849,121.98
PH060604000,11.094,122.13
PH060605000,11.971,121.44
PH060606000,11.423,122.1
PH060607000,10.521,121.97
PH060608000,10.666,122.01
PH060609000,11.156,122.11
PH060610000,11.787,121.95
PH060611000,11.742,122.09
PH060612000,10.923,122.03
PH060613000,10.772,121.95
PH086011000,12.194,125.01
PH086012000,11.899,125.01
PH061901000,11.311,122.76
PH061902000,11.375,122.7
PH086013000,11.545,125.04
PH086014000,12.07,125.05
PH086015000,11.697,125.02
PH086016000,12.058,124.71
PH086017000,11.434,125
PH086018000,11.926,124.43
PH086019000,11.509,124.84
PH061903000,11.312,122.61
PH061904000,11.249,122.74
PH061905000,11.52,122.68
PH061906000,11.367,122.4
PH086025000,11.983,124.9
PH086026000,11.964,124.75
PH086401000,10.289,125.23
PH086402000,10.382,124.92
PH086403000,10.385,125.15
PH086404000,10.345,125.23
PH086405000,10.329,125.06
PH086406000,10.133,125.16
PH086407000,10.183,124.86
PH086408000,10.091,124.95
PH086409000,10.166,124.96
PH061907000,11.353,122.84
PH061908000,11.431,122.58
PH061909000,11.535,122.83
PH086411000,9.975,125.24
PH086412000,10.317,125.11
PH086413000,10.069,125.16
PH086414000,10.272,125.19
PH086415000,9.99,125.25
PH086416000,10.514,125.12
PH086417000,10.449,124.99
PH086418000,10.275,124.95
PH086419000,9.931,125.07
PH087801000,11.635,124.4
PH087802000,11.505,124.48
PH087803000,11.505,124.56
PH087804000,11.562,124.55
PH087805000,11.636,124.5
PH087806000,11.676,124.42
PH087807000,11.789,124.32
PH087808000,11.57,124.43
PH097201000,8.593,123.44
PH097202000,8.505,123.34
PH097203000,8.399,123.27
PH061910000,11.442,122.77
PH061911000,11.462,123.01
PH061912000,11.438,122.86
PH061913000,11.419,122.94
PH061914000,11.556,122.74
PH061915000,11.5,122.58
PH061916000,11.429,122.66
PH061917000,11.257,122.41
PH063001000,11.145,122.99
PH063002000,10.854,122.38
PH063003000,11.002,122.73
PH063004000,10.991,122.53
PH063005000,11.455,123.08
PH063006000,11.04,122.79
PH063012000,10.881,122.49
PH063013000,11.151,122.49
PH063014000,11.52,123.18
PH063015000,11.217,123.11
PH063016000,11.012,122.66
PH063017000,11.056,122.58
PH063018000,10.835,122.71
PH063019000,11.453,123.13
PH063020000,10.693,122.31
PH063021000,10.754,122.24
PH063022000,10.723,122.55
PH063023000,10.996,122.42
PH063025000,11.109,122.39
PH063026000,10.79,122.59
PH063027000,11.229,122.91
PH063028000,10.825,122.34
PH063029000,10.926,122.39
PH063030000,10.685,122.18
PH063031000,10.93,122.58
PH063032000,10.872,122.57
PH063034000,10.725,122.46
PH063035000,11.167,122.66
PH140114000,17.327,120.68
PH063036000,10.77,122.53
PH063037000,10.93,122.63
PH063038000,11.327,123.07
PH118201000,7.689,126.15
PH063039000,11.105,122.71
PH063040000,10.596,122.07
PH071212000,9.836,124.19
PH071213000,9.849,124.03
PH071214000,9.945,124.04
PH118202000,7.863,125.8
PH118203000,7.3,125.93
PH118204000,7.404,125.94
PH063041000,10.785,122.47
PH063042000,11.153,122.82
PH071215000,9.689,123.93
PH071216000,9.719,123.9
PH071217000,9.907,124.27
PH063043000,10.823,122.54
PH063044000,11.302,122.99
PH063045000,10.715,122.37
PH063046000,10.801,122.28
PH063047000,10.827,122.62
PH067901000,10.689,122.66
PH067902000,10.607,122.57
PH067903000,10.468,122.54
PH067904000,10.594,122.67
PH067905000,10.514,122.61
PH071201000,9.637,123.96
PH071204000,9.79,123.91
PH071205000,9.636,123.91
PH071206000,9.766,123.99
PH071207000,9.804,124.12
PH071208000,9.706,124.11
PH071209000,10.046,124.16
PH071210000,9.883,123.88
PH071237000,9.855,123.95
PH071238000,9.979,124.33
PH071244000,10.045,124.32
PH071245000,9.926,123.97
PH071246000,9.998,124.45
PH071247000,9.664,124.21
PH071248000,10.129,124.37
PH072201000,9.965,123.44
PH072202000,9.711,123.46
PH072203000,9.744,123.38
PH072204000,10.194,123.57
PH072205000,9.918,123.54
PH072206000,10.58,123.79
PH072207000,9.85,123.41
PH072208000,10.483,123.77
PH072209000,11.188,123.72
PH072210000,10.113,123.53
PH072211000,11.019,123.99
PH072212000,9.641,123.44
PH072213000,10.849,123.99
PH072214000,10.119,123.63
PH072215000,10.599,123.97
PH072216000,10.67,123.97
PH072217000,10.379,123.86
PH072218000,10.472,123.97
PH072219000,10.396,123.95
PH072220000,10.259,123.95
PH072221000,11.227,124.02
PH072222000,9.8,123.48
PH072223000,10.54,123.94
PH072224000,10.041,123.47
PH072225000,9.579,123.34
PH072226000,10.287,123.99
PH072227000,10.42,123.97
PH072228000,11.266,123.73
PH072229000,9.656,123.36
PH072230000,10.345,123.94
PH072231000,11.143,123.97
PH072232000,10.277,123.78
PH072233000,9.938,123.42
PH072234000,10.243,123.72
PH072235000,9.539,123.4
PH072236000,10.77,124.53
PH072237000,10.266,123.61
PH072238000,10.672,124.43
PH072239000,9.994,123.45
PH072240000,9.508,123.32
PH072241000,10.185,123.67
PH083702000,11.22,124.86
PH083703000,10.924,124.71
PH083705000,11.386,124.9
PH083706000,11.306,124.77
PH083707000,10.335,124.84
PH083708000,10.675,124.83
PH083710000,10.935,124.83
PH083713000,11.478,124.37
PH083714000,11.288,124.58
PH083715000,11.254,124.69
PH083717000,11.069,124.87
PH083718000,10.965,125
PH083719000,10.415,124.82
PH083720000,10.457,124.76
PH083721000,10.515,124.81
PH083722000,10.922,124.45
PH083723000,11.16,124.76
PH083724000,10.748,124.91
PH118205000,7.338,126.16
PH083725000,10.971,124.95
PH083726000,11.182,124.6
PH083728000,10.885,124.91
PH083729000,11.341,124.49
PH083730000,10.825,124.93
PH083731000,10.582,124.96
PH083733000,11.136,124.46
PH083734000,10.26,124.82
PH083735000,10.882,124.98
PH083736000,10.957,124.5
PH083738000,11.054,124.65
PH083739000,11.159,124.97
PH083740000,11.029,124.42
PH083741000,11.124,124.88
PH083742000,11.433,124.35
PH083743000,11.321,124.84
PH083744000,11.183,124.92
PH083745000,11.32,124.41
PH083746000,11.038,124.95
PH083747000,11.271,124.95
PH083748000,11.084,124.99
PH083749000,11.035,125.02
PH118206000,7.505,125.93
PH083750000,11.254,124.75
PH083751000,11.214,124.43
PH084801000,12.512,124.3
PH084802000,12.659,124.39
PH084803000,12.439,124.53
PH084804000,12.428,124.16
PH084805000,12.424,124.62
PH084806000,12.391,125.09
PH084807000,12.387,125.26
PH084808000,12.539,125.02
PH084809000,12.312,125.28
PH086020000,11.909,124.78
PH086021000,11.539,124.94
PH086022000,11.874,125.12
PH086023000,11.661,124.85
PH086024000,12.062,124.19
PH097204000,8.46,123.52
PH097205000,8.036,122.53
PH097206000,8.083,122.67
PH097207000,8.462,123.1
PH097208000,8.381,123.51
PH097209000,8.418,123.45
PH097210000,8.454,123.39
PH097211000,8.423,123.18
PH097212000,8.554,123.53
PH097213000,8.074,122.79
PH097214000,8.289,123.38
PH118210000,7.523,126.18
PH118211000,7.202,126.04
PH118601000,6.142,125.63
PH118602000,5.846,125.52
PH118603000,6.319,125.54
PH097215000,8.156,123.12
PH097216000,7.306,122.07
PH097217000,8.604,123.48
PH097218000,8.193,123.02
PH097219000,7.685,122.22
PH097220000,7.543,122.19
PH097221000,7.96,122.68
PH097222000,8.395,123.05
PH097223000,7.949,122.36
PH097224000,7.82,122.25
PH097225000,7.993,122.83
PH097226000,8.055,122.94
PH097227000,7.952,122.53
PH097302000,7.949,123.58
PH097303000,7.899,123.03
PH097305000,7.53,123.31
PH097306000,7.627,123.34
PH097307000,7.774,123.38
PH118605000,5.418,125.42
PH124701000,7.475,124.58
PH097308000,8.162,123.28
PH097311000,7.775,123.13
PH097312000,7.909,123.42
PH097313000,7.684,123.19
PH097318000,8.028,123.25
PH097315000,8.154,123.42
PH097317000,7.575,123.18
PH097319000,8.166,123.48
PH097322000,7.885,123.34
PH097323000,8.019,123.45
PH097324000,7.691,123.26
PH097325000,7.679,123.42
PH097327000,7.42,123.41
PH097328000,8.062,123.55
PH097330000,7.908,123.53
PH097332000,7.156,122.14
PH126315000,6.572,124.76
PH126316000,6.138,124.87
PH097333000,7.892,123.15
PH126318000,6.457,124.66
PH126319000,6.244,124.59
PH126501000,6.469,124.51
PH097337000,8.215,123.53
PH097338000,7.447,123.33
PH097340000,8.035,123.37
PH097343000,7.749,123.31
PH098304000,7.645,122.93
PH098305000,7.782,122.57
PH098306000,7.862,122.82
PH098307000,7.39,122.89
PH098308000,7.62,123
PH097344000,7.843,123.25
PH098301000,7.52,122.92
PH098302000,7.754,123.04
PH098303000,7.786,122.95
PH098310000,7.337,122.82
PH098311000,7.588,122.84
PH098312000,7.702,122.43
PH098313000,7.735,122.87
PH098314000,7.367,122.85
PH098315000,7.845,122.51
PH098316000,7.568,122.37
PH099701000,6.651,121.98
PH101301000,8.246,124.7
PH101302000,7.459,124.96
PH101303000,7.596,125.01
PH101304000,7.692,124.92
PH101305000,8.393,125.12
PH101306000,7.54,124.87
PH101307000,7.78,124.73
PH101308000,7.521,125
PH101309000,7.566,125.15
PH101310000,8.062,124.98
PH101311000,8.333,124.75
PH101318000,7.813,125.35
PH101319000,8.286,124.93
PH101320000,8.056,124.69
PH101321000,7.912,125.08
PH101322000,8.073,125.32
PH101801000,9.169,124.67
PH101802000,9.12,124.77
PH101803000,9.168,124.76
PH101804000,9.22,124.71
PH101805000,9.128,124.73
PH103501000,8.151,124.02
PH103502000,8.117,124.22
PH103503000,7.979,123.82
PH103504000,8.231,124.37
PH103505000,7.893,123.73
PH103506000,7.794,123.74
PH103515000,7.791,123.93
PH103516000,8.05,124.16
PH103517000,8.096,124.12
PH103518000,7.904,123.89
PH103519000,7.835,123.84
PH103520000,8.159,124.31
PH103521000,8.029,123.98
PH103522000,7.981,123.89
PH103523000,8.088,124.28
PH104201000,8.394,123.76
PH104202000,8.616,123.61
PH104203000,8.081,123.59
PH104204000,8.521,123.64
PH104205000,8.21,123.77
PH104206000,8.41,123.59
PH104207000,8.331,123.76
PH104208000,8.498,123.7
PH104209000,8.451,123.73
PH104210000,8.156,123.77
PH104211000,8.362,123.79
PH104212000,8.588,123.69
PH104213000,8.513,123.58
PH104214000,8.295,123.75
PH104215000,8.105,123.68
PH104216000,8.25,123.75
PH112314000,7.602,125.85
PH112315000,7.33,125.6
PH112317000,7.051,125.73
PH126502000,6.637,125.01
PH140115000,17.586,121.02
PH112318000,7.511,125.63
PH112319000,7.431,125.79
PH112322000,7.687,125.49
PH140116000,17.414,120.71
PH112323000,7.44,125.68
PH112324000,7.749,125.7
PH112401000,6.856,125.22
PH112402000,7.264,125.41
PH112403000,6.839,125.31
PH112404000,6.693,125.3
PH112406000,6.531,125.2
PH112407000,6.756,125.11
PH112408000,6.537,125.37
PH133902000,14.601,120.97
PH112410000,6.661,125.16
PH118207000,7.865,126.07
PH133903000,14.599,120.98
PH118208000,7.742,125.96
PH118209000,7.549,126
PH133904000,14.599,120.96
PH124703000,7.173,124.85
PH124704000,7.037,125.06
PH133909000,14.59,120.97
PH124705000,7.288,124.54
PH124706000,7.132,125.17
PH124707000,6.932,125.11
PH124708000,7.2,124.95
PH124709000,7.152,124.52
PH140102000,17.379,120.86
PH124710000,6.941,124.9
PH140103000,17.524,120.72
PH124711000,7.308,124.43
PH124712000,7.054,124.64
PH124713000,7.303,125
PH124714000,6.817,124.95
PH124715000,7.264,125.06
PH124716000,7.483,124.71
PH124717000,7.169,124.62
PH124718000,7.353,125.17
PH140104000,17.437,120.84
PH140105000,17.45,120.95
PH126302000,6.407,124.79
PH126303000,6.131,125.13
PH140117000,17.537,120.66
PH126306000,6.479,124.88
PH126311000,6.531,124.67
PH126312000,6.261,125.08
PH126313000,6.337,124.71
PH126314000,6.47,125.01
PH126317000,6.35,124.98
PH140118000,17.539,120.57
PH126503000,6.71,124.46
PH126504000,6.612,124.44
PH126505000,6.51,124.16
PH126506000,6.67,124.16
PH126507000,6.603,124.87
PH126508000,6.791,124.63
PH126509000,6.293,124.25
PH126510000,6.718,124.73
PH126511000,6.656,124.67
PH126512000,6.43,124.34
PH128001000,6.168,125.35
PH128002000,5.785,125.34
PH128003000,6.009,124.7
PH128004000,5.939,124.96
PH128005000,6.118,124.47
PH128006000,6,125.39
PH128007000,6.363,125.3
PH129804000,7.209,124.23
PH133901000,14.619,120.96
PH133905000,14.621,120.98
PH133906000,14.605,121
PH133907000,14.596,120.99
PH140106000,17.745,120.62
PH140107000,17.647,120.72
PH133908000,14.584,120.98
PH133910000,14.568,120.99
PH133911000,14.585,120.99
PH133912000,14.59,121
PH133913000,14.589,120.96
PH133914000,14.578,121
PH140109000,17.697,120.97
PH137401000,14.583,121.04
PH137402000,14.647,121.1
PH137403000,14.579,121.08
PH137404000,14.68,121.06
PH137405000,14.602,121.03
PH137501000,14.73,121.03
PH137502000,14.674,120.95
PH137503000,14.675,120.93
PH137504000,14.71,120.97
PH137601000,14.441,120.99
PH137602000,14.553,121.03
PH137603000,14.402,121.03
PH137604000,14.484,121.01
PH137605000,14.531,121
PH137606000,14.545,121.06
PH137607000,14.517,121.06
PH140101000,17.611,120.6
PH140108000,17.665,120.65
PH140110000,17.636,120.78
PH140111000,17.78,120.71
PH140112000,17.611,120.53
PH140113000,17.573,120.87
PH140119000,17.376,120.58
PH140120000,17.483,120.79
PH140121000,17.475,120.61
PH140122000,17.706,120.75
PH140123000,17.522,120.51
PH140124000,17.607,120.67
PH140126000,17.255,120.8
PH141108000,16.607,120.59
PH140127000,17.394,120.63
PH141112000,16.499,120.51
PH141113000,16.321,120.55
PH141101000,16.593,120.71
PH153836000,7.001,124.48
PH141102000,16.4,120.59
PH141103000,16.81,120.68
PH141104000,16.461,120.8
PH141105000,16.745,120.84
PH141109000,16.702,120.67
PH141106000,16.317,120.7
PH142702000,16.872,120.98
PH141114000,16.506,120.63
PH141110000,16.463,120.59
PH141111000,16.856,120.79
PH142703000,16.775,121.08
PH142704000,16.785,121.21
PH160210000,9.259,125.64
PH160211000,9.214,125.55
PH142707000,16.959,121.49
PH142701000,16.928,121.1
PH142705000,16.693,121.19
PH142706000,16.901,121.24
PH142708000,16.939,121.36
PH143215000,17.261,121.11
PH144401000,17.074,121.13
PH143206000,17.354,121.17
PH143208000,17.353,121.05
PH160212000,9.065,125.65
PH143209000,17.575,121.37
PH166711000,9.507,125.68
PH166714000,9.562,125.5
PH166715000,9.566,125.43
PH166716000,9.855,126.08
PH166717000,9.639,125.58
PH144409000,17.094,120.9
PH166718000,9.939,126
PH166719000,9.714,125.41
PH166720000,9.934,126.07
PH166721000,10.014,126.05
PH144404000,17.093,120.98
PH144405000,17.123,121.28
PH144402000,16.929,120.87
PH144403000,17.12,120.83
PH150706000,6.524,122.15
PH148101000,18.297,121.06
PH148102000,17.758,121.25
PH148103000,18.134,121.41
PH166722000,9.647,125.49
PH166723000,9.656,125.94
PH166724000,9.776,125.54
PH166725000,9.707,125.59
PH175319000,10.455,119.19
PH153820000,6.921,124.51
PH144406000,17.181,121.45
PH144407000,16.962,120.92
PH175904000,12.612,122.06
PH144410000,16.989,120.81
PH148107000,18.269,121.44
PH150702000,6.641,122.09
PH150703000,6.62,121.86
PH150704000,6.516,121.9
PH150705000,6.488,122.01
PH148104000,17.994,121.15
PH150707000,6.602,122.2
PH150708000,6.644,122.19
PH150709000,6.485,122.17
PH150710000,6.636,122.27
PH150711000,6.508,122.1
PH150712000,6.675,121.59
PH150713000,6.321,121.98
PH166727000,9.574,125.56
PH166801000,8.524,126.12
PH166802000,8.952,126.25
PH166803000,8.183,126.28
PH166804000,8.895,126.27
PH166805000,9.3,125.87
PH166806000,9.183,125.89
PH166807000,9.387,125.87
PH166808000,9.21,126.14
PH166809000,8.392,126.3
PH166810000,9.161,126.01
PH166811000,8.694,126.07
PH166812000,8.064,126.37
PH166813000,9.241,125.88
PH166814000,8.825,126.2
PH166815000,8.754,126.19
PH184506000,9.765,122.62
PH148105000,18.305,121.3
PH148106000,18.145,121.31
PH175205000,13.354,121.18
PH175206000,12.933,121.37
PH175207000,12.542,121.35
PH175208000,13.229,121.18
PH175209000,13.019,121.41
PH175210000,13.132,121.44
PH153601000,7.888,124.12
PH153602000,7.538,124.14
PH153603000,7.921,124.18
PH175211000,13.461,120.93
PH175212000,12.62,121.45
PH175213000,13.384,120.94
PH175214000,13.054,121.33
PH175215000,13.143,121.24
PH175301000,9.508,118.44
PH175302000,11.254,120.92
PH175303000,10.579,119.91
PH175304000,8.067,117.1
PH175305000,8.566,117.42
PH175306000,8.851,117.81
PH175307000,12.173,119.95
PH175308000,9.583,121.17
PH175309000,12.053,120.17
PH175310000,10.919,120.93
PH175311000,10.524,119.66
PH175312000,11.195,119.45
PH175313000,11.428,119.81
PH175314000,10.887,121.05
PH175315000,9.277,118.29
PH175316000,9.914,118.78
PH175317000,9.253,118.03
PH175318000,10.332,119.29
PH153604000,7.777,124.19
PH175320000,10.822,119.46
PH153605000,7.795,124.15
PH175321000,11.053,114.28
PH175322000,11.834,119.97
PH175323000,8.832,117.56
PH175324000,9.065,118.01
PH175901000,12.301,122.05
PH175902000,12.939,122.07
PH175903000,12.418,122.64
PH153606000,8.003,124.45
PH153607000,7.674,124.36
PH175905000,12.926,121.7
PH175906000,12.806,122.05
PH175907000,12.268,122
PH175908000,12.472,122.52
PH175909000,12.4,122.01
PH175910000,12.549,122.28
PH175911000,12.554,122.1
PH175912000,12.54,122.04
PH175913000,12.382,122.55
PH175914000,12.064,121.93
PH175915000,12.165,122
PH175916000,12.327,121.95
PH175917000,12.406,122.08
PH184501000,10.647,122.99
PH184502000,10.5,122.98
PH184503000,10.133,122.99
PH184504000,10.852,123.25
PH184505000,10.639,123.4
PH153609000,7.807,124.1
PH153622000,7.832,124.35
PH153610000,8.066,124.37
PH153623000,7.798,124.04
PH153611000,7.785,124.47
PH153640000,7.718,124.25
PH153612000,7.75,124.23
PH153613000,7.919,124.07
PH153614000,7.872,124.03
PH153615000,7.627,124.07
PH153616000,7.962,124.22
PH153617000,8.021,124.29
PH153641000,7.729,124.21
PH153801000,6.786,124.42
PH153618000,7.793,124.36
PH153619000,7.918,124.36
PH153620000,7.751,124.12
PH184507000,9.908,122.55
PH184508000,10.843,123.05
PH184509000,10.802,123.47
PH184510000,10.06,122.92
PH184511000,10.269,122.9
PH184512000,9.585,122.57
PH184513000,9.83,122.72
PH184514000,10.206,123.03
PH184515000,9.856,122.82
PH184516000,10.414,122.98
PH153821000,7.036,124.36
PH153621000,7.992,124.16
PH184611000,10.194,123.22
PH184612000,10.011,123.12
PH184613000,10.074,123.15
PH184614000,9.699,122.92
PH184615000,9.702,123.06
PH153823000,6.785,124.77
PH153824000,7.3,124.27
PH153624000,7.996,124.35
PH160208000,9.028,125.54
PH160209000,8.928,125.33
PH153625000,8.042,124.24
PH175203000,12.702,121.4
PH175204000,12.373,121.31
PH153626000,7.872,124.33
PH153627000,7.898,124.34
PH153806000,7.037,124.47
PH153807000,7.095,124.23
PH184610000,9.303,123.28
PH153628000,7.731,124.16
PH153629000,7.905,124.14
PH153630000,7.647,124.7
PH153631000,7.631,124.18
PH153632000,7.718,124.07
PH153633000,7.951,124.39
PH153634000,7.91,124.49
PH153635000,7.7,123.97
PH153636000,7.773,124.28
PH153637000,7.759,124.59
PH153638000,8.092,124.46
PH153639000,7.488,124.18
PH153802000,7.505,124.42
PH153803000,6.697,124.8
PH153808000,6.892,124.46
PH153805000,6.743,124.9
PH153809000,7.478,124.24
PH153810000,6.969,124.73
PH153811000,7.362,124.25
PH153812000,7.254,124.31
PH153813000,6.916,124.63
PH153814000,7.119,124.36
PH153815000,6.96,124.11
PH153816000,6.946,124.3
PH153817000,6.822,124.22
PH153819000,6.841,124.74
PH153818000,7.48,124.32
PH153822000,7.063,124.76
PH153825000,6.93,124.36
PH153826000,6.955,124.43
PH153828000,6.818,124.53
PH153829000,6.919,124.56
PH153830000,6.913,124.01
PH153831000,7.01,124.35
PH153832000,6.655,124.84
PH153833000,6.752,124.8
PH153834000,7.169,124.42
PH153835000,6.855,124.4
PH153837000,6.955,124.5
PH156601000,5.994,120.96
PH156602000,6.053,121
PH156603000,5.912,121.28
PH156604000,5.966,121.32
PH156605000,5.949,121.01
PH156606000,6.228,120.91
PH156607000,5.982,121.23
PH156608000,6.221,120.47
PH156609000,5.936,120.92
PH156610000,5.818,121.16
PH156611000,6.049,121.08
PH156612000,5.537,120.86
PH156613000,5.961,121.09
PH156614000,5.711,120.96
PH156615000,6.049,121.74
PH156616000,5.966,121.18
PH156617000,5.686,120.83
PH156618000,5.558,120.7
PH156619000,5.989,121.39
PH157001000,5.14,120
PH157002000,5.089,119.81
PH157003000,7.009,118.47
PH157004000,4.865,119.82
PH157005000,4.749,119.4
PH157006000,5.28,120.56
PH157007000,5.222,120.24
PH157008000,6.159,118.21
PH157009000,5.261,120.09
PH157010000,5.09,120.22
PH157011000,4.781,119.47
PH160201000,8.845,125.37
PH160202000,8.903,125.57
PH160203000,9.144,125.65
PH160204000,8.953,125.25
PH160205000,9.346,125.6
PH160206000,9.412,125.63
PH160207000,8.735,125.5
PH160301000,8.759,125.79
PH160302000,8.194,126.03
PH160303000,8.611,125.46
PH160304000,8.257,125.6
PH160305000,8.098,125.66
PH160306000,8.647,125.9
PH160307000,8.333,126.03
PH160308000,8.471,125.94
PH160309000,8.432,125.52
PH160310000,8.005,126.01
PH160311000,8.403,125.79
PH160312000,8.068,126.14
PH160313000,8.037,125.9
PH160314000,8.969,125.77
PH166701000,9.485,125.6
PH166702000,9.573,125.62
PH166704000,10,126.07
PH166706000,9.475,125.78
PH166707000,9.75,126.04
PH166708000,9.858,125.99
PH166710000,9.788,126.13
PH166816000,8.928,125.98
PH166817000,8.415,126.18
PH166818000,8.949,126.14
PH166819000,9.074,126.12
PH168501000,10.09,125.55
PH168502000,10.028,125.65
PH168503000,9.974,125.6
PH168504000,10.19,125.56
PH168505000,10.367,125.61
PH168506000,10.018,125.6
PH168507000,10.282,125.58
PH174001000,13.395,121.91
PH174002000,13.255,121.97
PH174003000,13.324,121.88
PH174004000,13.496,121.89
PH174005000,13.462,122.03
PH174006000,13.327,122.05
PH175101000,13.397,120.72
PH175102000,12.627,120.99
PH175103000,13.745,120.27
PH175104000,13.811,120.13
PH175105000,12.337,121.18
PH175106000,13.241,120.68
PH175107000,13.415,120.47
PH175108000,12.557,121.06
PH175109000,12.889,121.03
PH175110000,12.455,121.13
PH175111000,13.116,120.84
PH175201000,13.305,120.98
PH175202000,12.829,121.35
PH184517000,10.343,123.07
PH184518000,10.914,123.14
PH184519000,10.271,123.11
PH184520000,10.579,123.1
PH184521000,10.356,122.92
PH184522000,10.52,122.81
PH184523000,10.851,123.39
PH184524000,10.489,123.3
PH184525000,10.418,122.87
PH184526000,10.767,123.08
PH184527000,9.749,122.47
PH184528000,10.701,123.08
PH184529000,10.726,123.44
PH184530000,10.462,122.85
PH184531000,10.85,123.11
PH184532000,10.589,123.25
PH184601000,9.429,123.17
PH184602000,9.85,123.03
PH184603000,9.249,123.26
PH184604000,9.591,123.02
PH184605000,9.456,122.66
PH184606000,9.509,122.81
PH184607000,9.761,123.07
PH184608000,10.377,123.2
PH184609000,9.204,123.22
PH184616000,9.428,123.04
PH184617000,9.404,123.21
PH184618000,9.297,122.94
PH184619000,9.147,123.03
PH184620000,9.351,123.16
PH184621000,9.505,123.04
PH184622000,9.944,123.07
PH184623000,9.291,123.16
PH184624000,10.343,123.29
PH184625000,9.162,123.16
PH012806000,18.48,120.64
