typhoon,SID,startdate,start_time,enddate,end_time,landfalldate,landfall_time,earliest_entry_date,earliest_entry_time,latest_exit_date,latest_exit_time,imerg_type
aere2011,2011126N11129,05/05/2011,18:00:00,15/05/2011,03:00:00,07/05/2011,21:00:00,06/05/2011,03:00:00,10/05/2011,09:00:00,final
atsani2020,2020304N08148,29/10/2020,12:00:00,07/11/2020,09:00:00,06/11/2020,00:00:00,05/11/2020,09:00:00,06/11/2020,15:00:00,final
bopha2012,2012331N03157,25/11/2012,12:00:00,09/12/2012,03:00:00,03/12/2012,21:00:00,03/12/2012,09:00:00,09/12/2012,03:00:00,final
danas2019,2019195N13136,14/07/2019,00:00:00,23/07/2019,03:00:00,17/07/2019,00:00:00,15/07/2019,18:00:00,17/07/2019,18:00:00,final
durian2006,2006329N06150,24/11/2006,12:00:00,09/12/2006,15:00:00,30/11/2006,06:00:00,29/11/2006,00:00:00,03/12/2006,03:00:00,final
fung-wong2014,2014260N13135,17/09/2014,00:00:00,25/09/2014,21:00:00,19/09/2014,03:00:00,17/09/2014,12:00:00,21/09/2014,09:00:00,final
goni2015,2015226N12151,13/08/2015,18:00:00,30/08/2015,03:00:00,22/08/2015,00:00:00,19/08/2015,21:00:00,23/08/2015,06:00:00,final
goni2020,2020302N17140,28/10/2020,00:00:00,06/11/2020,03:00:00,31/10/2020,21:00:00,31/10/2020,09:00:00,02/11/2020,06:00:00,final
hagupit2014,2014334N02156,30/11/2014,06:00:00,12/12/2014,09:00:00,06/12/2014,18:00:00,05/12/2014,09:00:00,10/12/2014,15:00:00,final
haikui2017,2017312N10134,07/11/2017,12:00:00,14/11/2017,09:00:00,08/11/2017,21:00:00,08/11/2017,06:00:00,10/11/2017,09:00:00,final
haima2016,2016288N07145,14/10/2016,06:00:00,26/10/2016,03:00:00,19/10/2016,18:00:00,18/10/2016,18:00:00,20/10/2016,12:00:00,final
haiyan2013,2013306N07162,02/11/2013,06:00:00,11/11/2013,09:00:00,08/11/2013,00:00:00,07/11/2013,12:00:00,09/11/2013,09:00:00,final
jangmi2014,2014362N07130,27/12/2014,12:00:00,01/01/2015,09:00:00,29/12/2014,00:00:00,27/12/2014,18:00:00,01/01/2015,09:00:00,final
kai-tak2012,2012225N16133,11/08/2012,12:00:00,18/08/2012,09:00:00,15/08/2012,03:00:00,13/08/2012,09:00:00,15/08/2012,21:00:00,final
kai-tak2017,2017347N11129,13/12/2017,00:00:00,23/12/2017,15:00:00,16/12/2017,12:00:00,13/12/2017,06:00:00,19/12/2017,12:00:00,final
kalmaegi2014,2014254N10142,10/09/2014,12:00:00,17/09/2014,15:00:00,14/09/2014,12:00:00,12/09/2014,12:00:00,15/09/2014,00:00:00,final
kammuri2019,2019329N09160,24/11/2019,12:00:00,06/12/2019,09:00:00,02/12/2019,15:00:00,01/12/2019,12:00:00,06/12/2019,03:00:00,final
ketsana2009,2009268N14128,25/09/2009,00:00:00,30/09/2009,15:00:00,26/09/2009,06:00:00,25/09/2009,18:00:00,28/09/2009,12:00:00,final
khanun2017,2017284N15134,11/10/2017,00:00:00,16/10/2017,03:00:00,12/10/2017,18:00:00,12/10/2017,06:00:00,14/10/2017,18:00:00,final
kompasu2010,2010240N15142,27/08/2010,18:00:00,06/09/2010,09:00:00,02/09/2010,00:00:00,31/08/2010,06:00:00,31/08/2010,08:00:00,final
koppu2015,2015285N14151,12/10/2015,00:00:00,21/10/2015,03:00:00,17/10/2015,18:00:00,15/10/2015,21:00:00,21/10/2015,03:00:00,final
krosa2013,2013301N13142,27/10/2013,18:00:00,04/11/2013,15:00:00,31/10/2013,12:00:00,30/10/2013,18:00:00,01/11/2013,06:00:00,final
linfa2015,2015183N13130,01/07/2015,18:00:00,10/07/2015,21:00:00,05/07/2015,00:00:00,02/07/2015,18:00:00,07/07/2015,21:00:00,final
lingling2014,2014015N10129,15/01/2014,00:00:00,20/01/2014,03:00:00,18/01/2014,00:00:00,16/01/2014,18:00:00,20/01/2014,03:00:00,final
maliksi2018,2018155N10132,03/06/2018,18:00:00,12/06/2018,15:00:00,08/06/2018,00:00:00,07/06/2018,00:00:00,07/06/2018,15:00:00,final
mangkhut2018,2018250N12170,06/09/2018,12:00:00,17/09/2018,15:00:00,14/09/2018,21:00:00,13/09/2018,18:00:00,15/09/2018,15:00:00,final
matmo2014,2014197N10137,16/07/2014,06:00:00,26/07/2014,21:00:00,22/07/2014,00:00:00,21/07/2014,09:00:00,22/07/2014,18:00:00,final
meari2011,2011172N11133,20/06/2011,18:00:00,27/06/2011,03:00:00,24/06/2011,00:00:00,22/06/2011,09:00:00,24/06/2011,09:00:00,final
mekkhala2015,2015012N09146,12/01/2015,06:00:00,20/01/2015,15:00:00,17/01/2015,09:00:00,16/01/2015,09:00:00,20/01/2015,15:00:00,final
melor2015,2015344N07145,10/12/2015,00:00:00,17/12/2015,21:00:00,14/12/2015,09:00:00,13/12/2015,06:00:00,17/12/2015,00:00:00,final
mirinae2009,2009299N12153,25/10/2009,18:00:00,02/11/2009,15:00:00,30/10/2009,21:00:00,29/10/2009,18:00:00,01/11/2009,15:00:00,final
molave2020,2020298N13131,24/10/2020,00:00:00,28/10/2020,03:00:00,25/10/2020,21:00:00,24/10/2020,18:00:00,27/10/2020,09:00:00,final
mujigae2015,2015273N12130,30/09/2015,00:00:00,05/10/2015,03:00:00,01/10/2015,18:00:00,30/09/2015,06:00:00,02/10/2015,15:00:00,final
nakri2019,2019308N13114,04/11/2019,00:00:00,11/11/2019,03:00:00,08/11/2019,00:00:00,05/11/2019,00:00:00,09/11/2019,21:00:00,final
nalgae2011,2011270N18139,26/09/2011,12:00:00,05/10/2011,09:00:00,01/10/2011,03:00:00,30/09/2011,12:00:00,02/10/2011,06:00:00,final
nanmadol2011,2011233N12129,21/08/2011,06:00:00,31/08/2011,09:00:00,27/08/2011,03:00:00,24/08/2011,00:00:00,29/08/2011,06:00:00,final
nari2013,2013282N14132,08/10/2013,12:00:00,16/10/2013,09:00:00,11/10/2013,15:00:00,10/10/2013,03:00:00,12/10/2013,12:00:00,final
nesat2011,2011266N13139,23/09/2011,00:00:00,30/09/2011,15:00:00,27/09/2011,00:00:00,25/09/2011,06:00:00,28/09/2011,06:00:00,final
nock-ten2011,2011205N12130,24/07/2011,00:00:00,31/07/2011,21:00:00,27/07/2011,06:00:00,24/07/2011,00:00:00,28/07/2011,00:00:00,final
nock-ten2016,2016355N07146,20/12/2016,00:00:00,28/12/2016,09:00:00,25/12/2016,15:00:00,24/12/2016,03:00:00,28/12/2016,06:00:00,final
pakhar2017,2017236N15129,24/08/2017,00:00:00,28/08/2017,21:00:00,25/08/2017,15:00:00,24/08/2017,09:00:00,26/08/2017,03:00:00,final
parma2009,2009270N10148,27/09/2009,00:00:00,14/10/2009,15:00:00,03/10/2009,06:00:00,30/09/2009,18:00:00,10/10/2009,09:00:00,final
phanfone2019,2019354N05151,19/12/2019,12:00:00,29/12/2019,03:00:00,24/12/2019,12:00:00,23/12/2019,21:00:00,26/12/2019,03:00:00,final
rammasun2014,2014190N08154,09/07/2014,06:00:00,20/07/2014,03:00:00,15/07/2014,12:00:00,14/07/2014,09:00:00,16/07/2014,18:00:00,final
sarika2016,2016287N13130,12/10/2016,18:00:00,20/10/2016,03:00:00,15/10/2016,21:00:00,13/10/2016,09:00:00,16/10/2016,12:00:00,final
saudel2020,2020293N14129,19/10/2020,00:00:00,26/10/2020,03:00:00,20/10/2020,15:00:00,19/10/2020,00:00:00,22/10/2020,03:00:00,final
tembin2017,2017354N08134,20/12/2017,00:00:00,26/12/2017,09:00:00,21/12/2017,21:00:00,21/12/2017,03:00:00,24/12/2017,06:00:00,final
tokage2016,2016328N09130,23/11/2016,06:00:00,28/11/2016,21:00:00,24/11/2016,12:00:00,23/11/2016,18:00:00,27/11/2016,21:00:00,final
trami2013,2013228N23124,16/08/2013,00:00:00,24/08/2013,03:00:00,19/08/2013,00:00:00,16/08/2013,00:00:00,16/08/2013,18:00:00,final
usagi2013,2013259N17132,16/09/2013,00:00:00,24/09/2013,21:00:00,21/09/2013,00:00:00,18/09/2013,18:00:00,21/09/2013,21:00:00,final
utor2013,2013220N12137,08/08/2013,06:00:00,18/08/2013,03:00:00,11/08/2013,21:00:00,10/08/2013,12:00:00,12/08/2013,12:00:00,final
vamco2020,2020314N12131,09/11/2020,06:00:00,15/11/2020,09:00:00,11/11/2020,18:00:00,09/11/2020,21:00:00,12/11/2020,12:00:00,final
vongfong2020,2020133N10129,11/05/2020,18:00:00,16/05/2020,15:00:00,14/05/2020,06:00:00,13/05/2020,09:00:00,16/05/2020,15:00:00,final
washi2011,2011346N03156,11/12/2011,18:00:00,19/12/2011,09:00:00,16/12/2011,09:00:00,15/12/2011,18:00:00,19/12/2011,00:00:00,final
yutu2018,2018294N08161,20/10/2018,18:00:00,03/11/2018,03:00:00,29/10/2018,21:00:00,29/10/2018,03:00:00,31/10/2018,06:00:00,final
