typhoon,mun_code,maximum_6h
ketsana2009,PH175301000,2.4411111111111112
ketsana2009,PH175101000,9.76547619047619
ketsana2009,PH030801000,9.683333333333332
ketsana2009,PH021501000,5.229166666666668
ketsana2009,PH083701000,1.8031249999999999
ketsana2009,PH012801000,7.804166666666666
ketsana2009,PH045601000,35.29722222222222
ketsana2009,PH025701000,10.57
ketsana2009,PH015501000,2.386111111111111
ketsana2009,PH041001000,18.133333333333333
ketsana2009,PH013301000,3.8854166666666674
ketsana2009,PH015502000,3.761666666666667
ketsana2009,PH142708000,10.334999999999999
ketsana2009,PH175302000,7.060416666666665
ketsana2009,PH063001000,1.617708333333333
ketsana2009,PH150708000,2.5916666666666663
ketsana2009,PH150709000,3.3562499999999997
ketsana2009,PH045602000,36.269444444444446
ketsana2009,PH128001000,3.3124999999999996
ketsana2009,PH124701000,4.837878787878787
ketsana2009,PH043401000,25.712500000000002
ketsana2009,PH083702000,1.24
ketsana2009,PH083703000,1.102083333333333
ketsana2009,PH071201000,2.1
ketsana2009,PH015504000,6.491666666666666
ketsana2009,PH021502000,5.325
ketsana2009,PH072201000,4.325
ketsana2009,PH175901000,2.6999999999999997
ketsana2009,PH072202000,3.4645833333333336
ketsana2009,PH072203000,2.763333333333333
ketsana2009,PH166701000,0.19833333333333333
ketsana2009,PH124717000,9.559375000000001
ketsana2009,PH042101000,16.555555555555554
ketsana2009,PH025015000,11.987499999999999
ketsana2009,PH142707000,12.887500000000001
ketsana2009,PH034901000,9.018055555555556
ketsana2009,PH023101000,9.973611111111111
ketsana2009,PH071202000,2.0708333333333333
ketsana2009,PH098301000,3.040277777777778
ketsana2009,PH012901000,2.86875
ketsana2009,PH063002000,1.716666666666667
ketsana2009,PH041002000,17.854166666666668
ketsana2009,PH021503000,3.555555555555556
ketsana2009,PH084801000,1.5499999999999998
ketsana2009,PH086001000,4.1375
ketsana2009,PH087801000,1.7374999999999998
ketsana2009,PH072204000,4.604166666666667
ketsana2009,PH104201000,6.213333333333332
ketsana2009,PH060401000,3.5416666666666665
ketsana2009,PH104301000,6.305000000000002
ketsana2009,PH042102000,25.341666666666665
ketsana2009,PH025001000,7.453571428571428
ketsana2009,PH074601000,3.7305555555555556
ketsana2009,PH153801000,6.129166666666666
ketsana2009,PH021504000,6.423958333333332
ketsana2009,PH086401000,1.6694444444444443
ketsana2009,PH036901000,9.749999999999998
ketsana2009,PH015505000,3.1041666666666665
ketsana2009,PH071203000,0.9125000000000001
ketsana2009,PH023102000,9.051190476190477
ketsana2009,PH031401000,13.089583333333332
ketsana2009,PH035401000,6.983333333333334
ketsana2009,PH045801000,26.95
ketsana2009,PH063003000,1.3694444444444442
ketsana2009,PH060601000,4.45
ketsana2009,PH071204000,1.54375
ketsana2009,PH124715000,1.2633333333333332
ketsana2009,PH035402000,9.320833333333333
ketsana2009,PH021505000,13.70909090909091
ketsana2009,PH175303000,2.933333333333333
ketsana2009,PH124718000,1.4083333333333332
ketsana2009,PH035403000,9.008333333333333
ketsana2009,PH072205000,2.670833333333334
ketsana2009,PH013302000,3.5625
ketsana2009,PH025002000,11.553125000000001
ketsana2009,PH054101000,2.62
ketsana2009,PH082601000,2.6180555555555554
ketsana2009,PH015506000,8.856250000000001
ketsana2009,PH142711000,5.832291666666666
ketsana2009,PH072206000,2.6291666666666664
ketsana2009,PH112301000,0.9392857142857142
ketsana2009,PH045603000,33.59285714285714
ketsana2009,PH141101000,4.215
ketsana2009,PH023103000,9.943333333333333
ketsana2009,PH097302000,3.32
ketsana2009,PH074602000,4.283333333333332
ketsana2009,PH051701000,5.158333333333334
ketsana2009,PH083705000,0.9333333333333332
ketsana2009,PH050501000,5.04047619047619
ketsana2009,PH012802000,7.1625000000000005
ketsana2009,PH071205000,1.6375000000000002
ketsana2009,PH013303000,2.6750000000000003
ketsana2009,PH175201000,10.576515151515151
ketsana2009,PH103501000,6.51111111111111
ketsana2009,PH153601000,2.3666666666666667
ketsana2009,PH064501000,2.9309523809523808
ketsana2009,PH035404000,8.958333333333332
ketsana2009,PH074603000,2.733333333333333
ketsana2009,PH042103000,30.00208333333333
ketsana2009,PH166702000,0.33888888888888885
ketsana2009,PH097226000,2.95952380952381
ketsana2009,PH072207000,3.081944444444444
ketsana2009,PH063004000,2.408333333333333
ketsana2009,PH012803000,6.422916666666667
ketsana2009,PH025003000,8.320833333333335
ketsana2009,PH030802000,8.762500000000001
ketsana2009,PH052001000,4.544444444444444
ketsana2009,PH112501000,1.45
ketsana2009,PH021506000,5.102777777777777
ketsana2009,PH064502000,2.1107142857142858
ketsana2009,PH141102000,4.3395833333333345
ketsana2009,PH013304000,3.233333333333334
ketsana2009,PH126501000,7.954166666666667
ketsana2009,PH074604000,3.0864583333333333
ketsana2009,PH141103000,3.578703703703704
ketsana2009,PH175304000,4.6663194444444445
ketsana2009,PH153602000,4.122916666666666
ketsana2009,PH031402000,15.866666666666669
ketsana2009,PH072208000,2.53
ketsana2009,PH082602000,1.0593750000000002
ketsana2009,PH082603000,1.8011904761904762
ketsana2009,PH013305000,2.8854166666666665
ketsana2009,PH063005000,1.6388888888888886
ketsana2009,PH051702000,4.85
ketsana2009,PH041003000,17.489583333333336
ketsana2009,PH143201000,4.480357142857144
ketsana2009,PH054102000,5.055000000000001
ketsana2009,PH037701000,10.636111111111111
ketsana2009,PH041004000,26.10833333333333
ketsana2009,PH060402000,3.7483333333333335
ketsana2009,PH104202000,7.345833333333335
ketsana2009,PH097224000,3.5593749999999997
ketsana2009,PH071206000,2.0854166666666667
ketsana2009,PH153603000,2.141666666666667
ketsana2009,PH104302000,1.245238095238095
ketsana2009,PH104303000,1.0016666666666667
ketsana2009,PH031403000,11.739583333333334
ketsana2009,PH021507000,4.465277777777778
ketsana2009,PH103502000,5.7250000000000005
ketsana2009,PH054103000,1.2591666666666665
ketsana2009,PH015507000,9.377083333333333
ketsana2009,PH036902000,6.834374999999999
ketsana2009,PH025004000,9.867857142857142
ketsana2009,PH063006000,1.238333333333333
ketsana2009,PH142701000,4.996428571428571
ketsana2009,PH112502000,0.6595238095238095
ketsana2009,PH012902000,5.941666666666666
ketsana2009,PH060403000,3.766666666666666
ketsana2009,PH126302000,6.347916666666666
ketsana2009,PH013306000,2.986111111111111
ketsana2009,PH140101000,5.384722222222222
ketsana2009,PH012804000,14.211666666666668
ketsana2009,PH015508000,3.234722222222221
ketsana2009,PH124716000,4.841666666666666
ketsana2009,PH012811000,5.572916666666665
ketsana2009,PH112401000,3.597619047619048
ketsana2009,PH175202000,12.068055555555553
ketsana2009,PH012903000,5.008333333333332
ketsana2009,PH072209000,2.402777777777778
ketsana2009,PH175902000,9.458333333333334
ketsana2009,PH045803000,39.33541666666667
ketsana2009,PH052002000,4.9416666666666655
ketsana2009,PH060602000,3.6130952380952386
ketsana2009,PH056202000,2.475
ketsana2009,PH072210000,4.616666666666666
ketsana2009,PH153818000,4.35
ketsana2009,PH144401000,4.451388888888888
ketsana2009,PH166801000,0.7361111111111113
ketsana2009,PH063007000,1.6541666666666668
ketsana2009,PH063008000,1.3208333333333337
ketsana2009,PH103503000,4.522916666666668
ketsana2009,PH083706000,1.60625
ketsana2009,PH074605000,4.151388888888889
ketsana2009,PH020901000,5.925000000000001
ketsana2009,PH086002000,1.0822916666666667
ketsana2009,PH168501000,0.6583333333333333
ketsana2009,PH015509000,5.833333333333335
ketsana2009,PH051601000,18.998958333333334
ketsana2009,PH063009000,1.4020833333333333
ketsana2009,PH060404000,3.356666666666666
ketsana2009,PH041005000,18.361904761904764
ketsana2009,PH175305000,1.1609375
ketsana2009,PH051703000,4.755
ketsana2009,PH052003000,4.647916666666666
ketsana2009,PH083707000,0.9874999999999999
ketsana2009,PH054104000,4.947222222222222
ketsana2009,PH071207000,2.1483333333333334
ketsana2009,PH041006000,17.9875
ketsana2009,PH013307000,3.1875
ketsana2009,PH144402000,4.451666666666667
ketsana2009,PH101301000,2.4886363636363638
ketsana2009,PH015510000,6.729166666666668
ketsana2009,PH043402000,36.583333333333336
ketsana2009,PH166802000,1.0124999999999997
ketsana2009,PH015511000,6.288333333333334
ketsana2009,PH153604000,1.6624999999999999
ketsana2009,PH097303000,2.9845238095238096
ketsana2009,PH025005000,8.67
ketsana2009,PH060603000,3.158333333333333
ketsana2009,PH023104000,7.38888888888889
ketsana2009,PH144403000,3.40625
ketsana2009,PH071248000,2.025
ketsana2009,PH071208000,2.681944444444445
ketsana2009,PH087802000,8.266666666666666
ketsana2009,PH064503000,2.5041666666666664
ketsana2009,PH015512000,5.154166666666666
ketsana2009,PH045804000,35.44166666666666
ketsana2009,PH074607000,3.856666666666667
ketsana2009,PH063010000,2.322916666666667
ketsana2009,PH153605000,2.0166666666666666
ketsana2009,PH015513000,4.758333333333334
ketsana2009,PH133902000,25.545833333333334
ketsana2009,PH104304000,2.1333333333333337
ketsana2009,PH084802000,2.958333333333334
ketsana2009,PH174001000,16.104166666666668
ketsana2009,PH084803000,1.4300000000000004
ketsana2009,PH031404000,16.766666666666666
ketsana2009,PH141104000,5.692708333333333
ketsana2009,PH015514000,2.6928571428571435
ketsana2009,PH140102000,6.669444444444443
ketsana2009,PH072212000,3.560416666666667
ketsana2009,PH051704000,7.127777777777779
ketsana2009,PH034902000,13.436111111111112
ketsana2009,PH175203000,12.865625000000001
ketsana2009,PH157002000,1.3533333333333335
ketsana2009,PH104203000,3.3874999999999997
ketsana2009,PH086402000,1.2611111111111113
ketsana2009,PH144404000,4.01111111111111
ketsana2009,PH072213000,3.1999999999999993
ketsana2009,PH112503000,1.8342592592592595
ketsana2009,PH037101000,5.4875
ketsana2009,PH112323000,0.9125000000000001
ketsana2009,PH175306000,1.1458333333333335
ketsana2009,PH153633000,1.5333333333333332
ketsana2009,PH153606000,1.7263888888888888
ketsana2009,PH140103000,5.522916666666666
ketsana2009,PH140104000,7.105555555555555
ketsana2009,PH045605000,14.585416666666665
ketsana2009,PH067901000,4.09375
ketsana2009,PH071209000,1.6404761904761906
ketsana2009,PH160201000,0.7361111111111112
ketsana2009,PH174002000,14.139999999999999
ketsana2009,PH015515000,3.9273809523809535
ketsana2009,PH060604000,3.972619047619048
ketsana2009,PH021508000,2.7736111111111117
ketsana2009,PH141105000,4.663333333333333
ketsana2009,PH051705000,4.829166666666667
ketsana2009,PH051706000,5.716666666666666
ketsana2009,PH031405000,17.22222222222222
ketsana2009,PH175204000,12.231481481481483
ketsana2009,PH056203000,1.933333333333333
ketsana2009,PH153802000,4.933333333333334
ketsana2009,PH153803000,10.914583333333333
ketsana2009,PH056204000,2.3633333333333337
ketsana2009,PH153637000,1.8095238095238093
ketsana2009,PH160302000,0.7083333333333335
ketsana2009,PH083710000,0.9499999999999997
ketsana2009,PH045606000,17.589166666666667
ketsana2009,PH012806000,19.54583333333333
ketsana2009,PH012904000,5.164583333333334
ketsana2009,PH013308000,3.569444444444444
ketsana2009,PH015516000,2.4486111111111115
ketsana2009,PH023105000,11.010416666666666
ketsana2009,PH166704000,0.6125
ketsana2009,PH060405000,3.3966666666666665
ketsana2009,PH031406000,10.85
ketsana2009,PH175307000,7.392261904761905
ketsana2009,PH153607000,4.133333333333333
ketsana2009,PH160202000,0.7845238095238095
ketsana2009,PH098302000,4.219444444444444
ketsana2009,PH013309000,3.579166666666666
ketsana2009,PH023106000,11.980833333333335
ketsana2009,PH034903000,10.088333333333335
ketsana2009,PH037102000,4.743055555555555
ketsana2009,PH101322000,1.2833333333333334
ketsana2009,PH025702000,10.200000000000001
ketsana2009,PH023107000,9.630555555555555
ketsana2009,PH063012000,2.025
ketsana2009,PH034904000,10.076666666666666
ketsana2009,PH087803000,6.48125
ketsana2009,PH012905000,6.797916666666667
ketsana2009,PH051707000,9.320833333333333
ketsana2009,PH043404000,30.869444444444444
ketsana2009,PH064504000,2.725
ketsana2009,PH104305000,3.5858974358974365
ketsana2009,PH175308000,2.566666666666667
ketsana2009,PH168502000,0.4680555555555555
ketsana2009,PH166804000,1.1604166666666667
ketsana2009,PH087804000,2.0666666666666664
ketsana2009,PH045805000,31.766666666666666
ketsana2009,PH175903000,1.955555555555556
ketsana2009,PH051708000,6.933333333333334
ketsana2009,PH041007000,16.554166666666664
ketsana2009,PH104204000,7.3
ketsana2009,PH148101000,6.375396825396827
ketsana2009,PH153632000,1.8270833333333334
ketsana2009,PH071210000,1.2083333333333333
ketsana2009,PH015517000,5.220833333333333
ketsana2009,PH041008000,22.2625
ketsana2009,PH064505000,1.7268518518518514
ketsana2009,PH175904000,4.070833333333332
ketsana2009,PH045607000,27.796212121212125
ketsana2009,PH043406000,36.966666666666676
ketsana2009,PH021509000,6.455158730158732
ketsana2009,PH086003000,1.560294117647059
ketsana2009,PH086004000,1.05
ketsana2009,PH063013000,2.5270833333333336
ketsana2009,PH175102000,9.870833333333335
ketsana2009,PH137501000,26.33888888888889
ketsana2009,PH083713000,7.148333333333333
ketsana2009,PH031407000,11.877083333333331
ketsana2009,PH060605000,5.3047619047619055
ketsana2009,PH021510000,2.845833333333333
ketsana2009,PH050502000,8.348333333333333
ketsana2009,PH051709000,6.6916666666666655
ketsana2009,PH036903000,5.689583333333334
ketsana2009,PH082605000,1.296296296296296
ketsana2009,PH051710000,6.9416666666666655
ketsana2009,PH035405000,10.797619047619046
ketsana2009,PH037103000,3.4083333333333337
ketsana2009,PH045608000,26.083333333333332
ketsana2009,PH071211000,1.5566666666666664
ketsana2009,PH064506000,3.076190476190476
ketsana2009,PH074608000,1.388333333333333
ketsana2009,PH166805000,0.4033333333333333
ketsana2009,PH012907000,3.494444444444444
ketsana2009,PH051602000,26.628333333333334
ketsana2009,PH036904000,6.409027777777777
ketsana2009,PH083714000,10.491666666666667
ketsana2009,PH084804000,1.4458333333333335
ketsana2009,PH112504000,1.4506410256410256
ketsana2009,PH051711000,5.428333333333335
ketsana2009,PH052004000,4.30625
ketsana2009,PH012807000,6.564285714285716
ketsana2009,PH045806000,37.01666666666666
ketsana2009,PH083715000,4.531666666666667
ketsana2009,PH063014000,2.071296296296296
ketsana2009,PH071212000,1.9208333333333334
ketsana2009,PH072215000,3.0374999999999996
ketsana2009,PH112303000,1.18
ketsana2009,PH124702000,8.81333333333333
ketsana2009,PH160204000,0.4875
ketsana2009,PH166806000,0.5370370370370369
ketsana2009,PH042104000,36.65
ketsana2009,PH034905000,11.383974358974358
ketsana2009,PH166807000,0.30416666666666664
ketsana2009,PH037702000,14.495512820512822
ketsana2009,PH056205000,3.71875
ketsana2009,PH056206000,3.8666666666666667
ketsana2009,PH037104000,5.928333333333334
ketsana2009,PH054105000,2.038095238095238
ketsana2009,PH045610000,18.413541666666664
ketsana2009,PH084805000,2.223809523809524
ketsana2009,PH101801000,1.8416666666666668
ketsana2009,PH112505000,1.3416666666666668
ketsana2009,PH071213000,1.9516666666666669
ketsana2009,PH072216000,3.495833333333333
ketsana2009,PH084806000,4.420833333333333
ketsana2009,PH064507000,5.307407407407408
ketsana2009,PH043407000,38.89583333333333
ketsana2009,PH042105000,20.808333333333334
ketsana2009,PH054106000,1.7453703703703702
ketsana2009,PH072217000,2.8666666666666667
ketsana2009,PH012908000,2.9166666666666665
ketsana2009,PH015503000,3.2902777777777774
ketsana2009,PH045802000,31.99047619047619
ketsana2009,PH030803000,9.683333333333332
ketsana2009,PH012805000,5.586111111111111
ketsana2009,PH074606000,3.530357142857143
ketsana2009,PH083708000,1.7783333333333333
ketsana2009,PH160301000,0.875
ketsana2009,PH043403000,36.65
ketsana2009,PH166803000,1.2886363636363636
ketsana2009,PH072211000,2.077083333333333
ketsana2009,PH082604000,1.2133333333333332
ketsana2009,PH160203000,0.2864583333333333
ketsana2009,PH043405000,32.916666666666664
ketsana2009,PH175205000,14.020833333333336
ketsana2009,PH012906000,5.029166666666667
ketsana2009,PH072214000,4.479166666666667
ketsana2009,PH086005000,1.4515151515151514
ketsana2009,PH023108000,8.646296296296295
ketsana2009,PH042106000,32.62916666666667
ketsana2009,PH112403000,3.2694444444444444
ketsana2009,PH104307000,5.795833333333333
ketsana2009,PH064509000,2.435
ketsana2009,PH034908000,10.60138888888889
ketsana2009,PH042108000,24.26805555555556
ketsana2009,PH074611000,3.1658333333333335
ketsana2009,PH064510000,3.566666666666667
ketsana2009,PH099701000,4.808333333333333
ketsana2009,PH064515000,2.8903846153846153
ketsana2009,PH124704000,2.9916666666666667
ketsana2009,PH126306000,7.110714285714285
ketsana2009,PH150702000,4.0249999999999995
ketsana2009,PH137601000,32.78888888888889
ketsana2009,PH050508000,6.808333333333333
ketsana2009,PH086407000,0.82
ketsana2009,PH137602000,32.270833333333336
ketsana2009,PH137502000,26.955555555555552
ketsana2009,PH101312000,1.4754385964912282
ketsana2009,PH031410000,15.454166666666666
ketsana2009,PH137401000,36.291666666666664
ketsana2009,PH137402000,31.683333333333337
ketsana2009,PH054111000,2.2486111111111113
ketsana2009,PH112509000,0.5496376811594202
ketsana2009,PH031412000,19.436111111111114
ketsana2009,PH137603000,35.85833333333333
ketsana2009,PH072234000,4.3388888888888895
ketsana2009,PH137503000,23.533333333333335
ketsana2009,PH112315000,1.465625
ketsana2009,PH137604000,31.26458333333333
ketsana2009,PH137403000,32.275
ketsana2009,PH063035000,1.7989583333333332
ketsana2009,PH013314000,2.8000000000000003
ketsana2009,PH035416000,7.4375
ketsana2009,PH031420000,16.32916666666667
ketsana2009,PH137405000,36.291666666666664
ketsana2009,PH043425000,37.85
ketsana2009,PH043428000,33.427083333333336
ketsana2009,PH023135000,9.714583333333334
ketsana2009,PH064527000,4.609259259259258
ketsana2009,PH056216000,3.3870370370370373
ketsana2009,PH050517000,5.089285714285714
ketsana2009,PH143213000,5.813095238095237
ketsana2009,PH126511000,10.079166666666666
ketsana2009,PH112319000,0.8250000000000002
ketsana2009,PH064528000,2.528571428571429
ketsana2009,PH072250000,3.2854166666666664
ketsana2009,PH041031000,30.29583333333333
ketsana2009,PH166819000,1.0152777777777777
ketsana2009,PH074621000,3.142708333333333
ketsana2009,PH036916000,8.279166666666667
ketsana2009,PH045647000,28.398809523809522
ketsana2009,PH015546000,5.888333333333333
ketsana2009,PH101321000,1.6038888888888891
ketsana2009,PH137504000,25.1875
ketsana2009,PH064531000,2.8261904761904764
ketsana2009,PH012934000,4.204166666666667
ketsana2009,PH071214000,1.7333333333333332
ketsana2009,PH104205000,5.445833333333333
ketsana2009,PH166706000,0.33095238095238094
ketsana2009,PH021511000,6.676666666666667
ketsana2009,PH054107000,3.6166666666666667
ketsana2009,PH104306000,2.004166666666667
ketsana2009,PH126502000,6.6345238095238095
ketsana2009,PH072218000,2.833333333333334
ketsana2009,PH118201000,1.096875
ketsana2009,PH036905000,8.1875
ketsana2009,PH063015000,1.8187499999999999
ketsana2009,PH104206000,5.7416666666666645
ketsana2009,PH175905000,9.808333333333334
ketsana2009,PH148102000,4.249358974358974
ketsana2009,PH072219000,2.708333333333334
ketsana2009,PH175906000,6.070833333333334
ketsana2009,PH023109000,9.84047619047619
ketsana2009,PH072220000,2.0722222222222224
ketsana2009,PH071215000,1.958333333333334
ketsana2009,PH175309000,6.5326666666666675
ketsana2009,PH071216000,1.772916666666667
ketsana2009,PH166808000,0.8611111111111112
ketsana2009,PH129804000,2.8866666666666667
ketsana2009,PH061901000,1.4483333333333333
ketsana2009,PH041009000,20.708333333333336
ketsana2009,PH087805000,1.772916666666667
ketsana2009,PH060606000,3.6633333333333336
ketsana2009,PH175322000,3.8881944444444443
ketsana2009,PH012808000,5.670833333333334
ketsana2009,PH034906000,9.327083333333333
ketsana2009,PH175310000,2.7057291666666674
ketsana2009,PH072221000,1.6614583333333328
ketsana2009,PH051603000,23.875000000000004
ketsana2009,PH083717000,0.575
ketsana2009,PH071217000,1.933333333333333
ketsana2009,PH140105000,6.738888888888888
ketsana2009,PH015518000,4.824999999999999
ketsana2009,PH072222000,2.6833333333333336
ketsana2009,PH101302000,2.3866666666666667
ketsana2009,PH071218000,1.91875
ketsana2009,PH072223000,2.838541666666666
ketsana2009,PH101303000,1.85625
ketsana2009,PH140106000,6.075
ketsana2009,PH061902000,2.0354166666666664
ketsana2009,PH166707000,0.30694444444444446
ketsana2009,PH097201000,6.901515151515152
ketsana2009,PH050503000,5.515277777777778
ketsana2009,PH086006000,1.9216666666666669
ketsana2009,PH015519000,2.766666666666667
ketsana2009,PH153828000,5.522916666666667
ketsana2009,PH153831000,5.3999999999999995
ketsana2009,PH153830000,4.204629629629629
ketsana2009,PH153835000,6.808333333333334
ketsana2009,PH153807000,3.6962962962962966
ketsana2009,PH153805000,9.543333333333335
ketsana2009,PH153806000,5.305555555555556
ketsana2009,PH153836000,4.925
ketsana2009,PH153826000,4.4750000000000005
ketsana2009,PH153827000,5.097916666666667
ketsana2009,PH074609000,3.3983333333333334
ketsana2009,PH071219000,1.7520833333333334
ketsana2009,PH112402000,1.3298387096774194
ketsana2009,PH166708000,0.40625000000000006
ketsana2009,PH051712000,18.990625
ketsana2009,PH023118000,16.51388888888889
ketsana2009,PH025006000,9.26
ketsana2009,PH025703000,9.747916666666667
ketsana2009,PH037703000,9.685833333333331
ketsana2009,PH054108000,2.322222222222222
ketsana2009,PH097305000,2.0479166666666666
ketsana2009,PH071220000,2.4875000000000003
ketsana2009,PH168503000,0.6124999999999999
ketsana2009,PH037704000,13.944166666666666
ketsana2009,PH030804000,8.508333333333333
ketsana2009,PH023110000,6.4750000000000005
ketsana2009,PH097306000,3.852777777777778
ketsana2009,PH037705000,12.857500000000002
ketsana2009,PH063016000,1.6819444444444447
ketsana2009,PH012809000,5.978333333333334
ketsana2009,PH037706000,12.63030303030303
ketsana2009,PH098303000,3.370833333333333
ketsana2009,PH097202000,6.753333333333334
ketsana2009,PH153624000,1.9666666666666666
ketsana2009,PH023111000,7.461363636363637
ketsana2009,PH045615000,30.724999999999994
ketsana2009,PH082606000,1.3214285714285716
ketsana2009,PH140107000,5.620833333333334
ketsana2009,PH101304000,2.0
ketsana2009,PH118601000,1.8499999999999999
ketsana2009,PH104217000,4.186111111111112
ketsana2009,PH031424000,12.803333333333335
ketsana2009,PH056207000,6.55952380952381
ketsana2009,PH063017000,2.1374999999999997
ketsana2009,PH071221000,1.5770833333333334
ketsana2009,PH083718000,1.0875000000000001
ketsana2009,PH074610000,2.475
ketsana2009,PH061903000,2.064583333333333
ketsana2009,PH097307000,5.4312499999999995
ketsana2009,PH012810000,10.513888888888888
ketsana2009,PH063018000,3.6437499999999994
ketsana2009,PH072224000,3.9999999999999996
ketsana2009,PH175311000,3.1394444444444445
ketsana2009,PH061904000,1.2892857142857144
ketsana2009,PH097308000,3.3729166666666663
ketsana2009,PH025007000,11.084848484848484
ketsana2009,PH025008000,11.047222222222222
ketsana2009,PH023112000,10.103787878787879
ketsana2009,PH175312000,2.277941176470588
ketsana2009,PH021512000,6.906666666666666
ketsana2009,PH064508000,3.478124999999999
ketsana2009,PH076101000,2.120833333333333
ketsana2009,PH133908000,25.75833333333333
ketsana2009,PH054109000,3.1749999999999994
ketsana2009,PH126503000,6.232291666666666
ketsana2009,PH160303000,1.1500000000000001
ketsana2009,PH063019000,1.375
ketsana2009,PH043408000,42.23611111111111
ketsana2009,PH175916000,4.391666666666667
ketsana2009,PH148103000,4.7749999999999995
ketsana2009,PH035406000,11.301388888888889
ketsana2009,PH034907000,13.640740740740739
ketsana2009,PH051713000,6.6499999999999995
ketsana2009,PH012909000,5.029166666666667
ketsana2009,PH084807000,4.423333333333333
ketsana2009,PH023113000,7.5375000000000005
ketsana2009,PH153609000,2.345833333333333
ketsana2009,PH086007000,2.8222222222222224
ketsana2009,PH051714000,10.534999999999998
ketsana2009,PH071222000,1.6550000000000002
ketsana2009,PH174003000,14.1625
ketsana2009,PH021513000,4.502222222222223
ketsana2009,PH042123000,32.62916666666667
ketsana2009,PH153819000,5.698333333333333
ketsana2009,PH042107000,18.316666666666666
ketsana2009,PH045616000,18.125000000000004
ketsana2009,PH166710000,0.26499999999999996
ketsana2009,PH082607000,1.2555555555555555
ketsana2009,PH034909000,11.573333333333332
ketsana2009,PH045617000,22.33650793650794
ketsana2009,PH126303000,2.885416666666666
ketsana2009,PH034910000,11.862820512820512
ketsana2009,PH036906000,8.361111111111109
ketsana2009,PH071226000,1.8930555555555557
ketsana2009,PH166711000,0.22222222222222218
ketsana2009,PH052005000,4.375
ketsana2009,PH072225000,2.8125
ketsana2009,PH104308000,1.1106060606060606
ketsana2009,PH082608000,1.3583333333333334
ketsana2009,PH104309000,6.9875
ketsana2009,PH128002000,2.983333333333333
ketsana2009,PH175206000,12.344444444444447
ketsana2009,PH051715000,7.151041666666668
ketsana2009,PH097225000,2.847222222222222
ketsana2009,PH021514000,4.066666666666666
ketsana2009,PH112506000,0.3875
ketsana2009,PH012910000,4.191666666666667
ketsana2009,PH035407000,12.877083333333333
ketsana2009,PH056208000,3.316666666666667
ketsana2009,PH031408000,12.520833333333336
ketsana2009,PH034911000,9.559523809523808
ketsana2009,PH063020000,2.7083333333333335
ketsana2009,PH045618000,19.067500000000003
ketsana2009,PH071223000,1.5263888888888888
ketsana2009,PH153825000,5.741666666666667
ketsana2009,PH050504000,7.884722222222223
ketsana2009,PH101802000,0.9166666666666665
ketsana2009,PH097343000,4.547222222222222
ketsana2009,PH082609000,2.4211538461538464
ketsana2009,PH045619000,27.439285714285713
ketsana2009,PH097223000,3.7435185185185187
ketsana2009,PH150710000,1.6097222222222223
ketsana2009,PH150712000,6.364583333333332
ketsana2009,PH156606000,2.05
ketsana2009,PH031409000,15.616666666666667
ketsana2009,PH112404000,2.7083333333333335
ketsana2009,PH060608000,4.066666666666666
ketsana2009,PH030805000,8.188333333333334
ketsana2009,PH082610000,1.1437499999999998
ketsana2009,PH083719000,1.4785714285714289
ketsana2009,PH086008000,1.4104166666666667
ketsana2009,PH166809000,0.537037037037037
ketsana2009,PH083720000,1.7433333333333338
ketsana2009,PH142709000,5.204166666666667
ketsana2009,PH064511000,1.6958333333333335
ketsana2009,PH064512000,3.5093750000000004
ketsana2009,PH086403000,1.65625
ketsana2009,PH086404000,0.9749999999999998
ketsana2009,PH142702000,4.702083333333333
ketsana2009,PH037105000,4.141666666666667
ketsana2009,PH041010000,19.20208333333333
ketsana2009,PH060406000,3.8714285714285714
ketsana2009,PH063021000,2.8375
ketsana2009,PH021515000,6.556249999999998
ketsana2009,PH023114000,10.1375
ketsana2009,PH103504000,5.551923076923077
ketsana2009,PH064513000,2.663636363636364
ketsana2009,PH063022000,2.8333333333333335
ketsana2009,PH098304000,2.3020833333333335
ketsana2009,PH101305000,1.398529411764706
ketsana2009,PH042109000,23.236111111111114
ketsana2009,PH071224000,1.3183333333333334
ketsana2009,PH156601000,2.71875
ketsana2009,PH042110000,23.343749999999996
ketsana2009,PH015520000,3.371428571428572
ketsana2009,PH045620000,36.93055555555556
ketsana2009,PH104310000,7.914583333333333
ketsana2009,PH083721000,1.711666666666667
ketsana2009,PH133909000,25.75833333333333
ketsana2009,PH098305000,3.8736111111111113
ketsana2009,PH051716000,4.886111111111111
ketsana2009,PH056209000,1.9736111111111112
ketsana2009,PH083722000,1.6333333333333337
ketsana2009,PH064514000,2.5611111111111113
ketsana2009,PH112317000,0.9321428571428569
ketsana2009,PH126504000,8.093939393939394
ketsana2009,PH020902000,2.920833333333333
ketsana2009,PH141106000,5.487037037037037
ketsana2009,PH020903000,5.704166666666666
ketsana2009,PH061905000,3.089583333333333
ketsana2009,PH160205000,0.19166666666666665
ketsana2009,PH034912000,8.708333333333332
ketsana2009,PH071225000,1.7395833333333333
ketsana2009,PH045807000,40.59583333333333
ketsana2009,PH061906000,3.6574999999999993
ketsana2009,PH063023000,2.2816666666666667
ketsana2009,PH083723000,1.4095238095238096
ketsana2009,PH104311000,2.1604166666666664
ketsana2009,PH083724000,1.1583333333333334
ketsana2009,PH086009000,1.626666666666667
ketsana2009,PH074612000,4.834722222222222
ketsana2009,PH104207000,5.822222222222222
ketsana2009,PH082611000,3.0395833333333333
ketsana2009,PH156602000,2.408333333333333
ketsana2009,PH045621000,32.6875
ketsana2009,PH023115000,10.843055555555559
ketsana2009,PH067902000,3.5500000000000003
ketsana2009,PH118602000,3.3095238095238098
ketsana2009,PH097222000,3.831666666666667
ketsana2009,PH051605000,20.239285714285717
ketsana2009,PH097337000,3.8958333333333335
ketsana2009,PH050505000,8.255555555555556
ketsana2009,PH056210000,2.9516666666666667
ketsana2009,PH083725000,0.9333333333333335
ketsana2009,PH124703000,5.76574074074074
ketsana2009,PH098306000,2.167708333333333
ketsana2009,PH141107000,5.055555555555555
ketsana2009,PH148104000,5.54814814814815
ketsana2009,PH153814000,5.079166666666666
ketsana2009,PH101306000,3.275
ketsana2009,PH126505000,4.906944444444445
ketsana2009,PH097227000,3.7071428571428573
ketsana2009,PH043409000,40.47777777777778
ketsana2009,PH175321000,12.1
ketsana2009,PH060407000,2.9000000000000004
ketsana2009,PH101307000,1.7374999999999998
ketsana2009,PH156603000,2.1333333333333333
ketsana2009,PH083726000,1.726041666666667
ketsana2009,PH153610000,3.0354166666666664
ketsana2009,PH112305000,1.223148148148148
ketsana2009,PH141108000,3.4916666666666667
ketsana2009,PH103505000,3.3383333333333334
ketsana2009,PH153639000,4.275
ketsana2009,PH025009000,10.296153846153848
ketsana2009,PH097203000,5.420238095238095
ketsana2009,PH103507000,6.4750000000000005
ketsana2009,PH087806000,1.8833333333333335
ketsana2009,PH042111000,24.033333333333335
ketsana2009,PH025010000,7.969444444444444
ketsana2009,PH128003000,7.156818181818182
ketsana2009,PH142703000,5.154166666666666
ketsana2009,PH101308000,2.433333333333333
ketsana2009,PH112406000,2.664285714285714
ketsana2009,PH141109000,3.6847222222222222
ketsana2009,PH104312000,1.7166666666666668
ketsana2009,PH101309000,1.6854166666666668
ketsana2009,PH160206000,0.17361111111111113
ketsana2009,PH103508000,7.204166666666667
ketsana2009,PH097311000,4.034722222222222
ketsana2009,PH064516000,1.0055555555555555
ketsana2009,PH064517000,1.1523809523809525
ketsana2009,PH074613000,4.122222222222222
ketsana2009,PH097204000,6.708333333333333
ketsana2009,PH036907000,8.856944444444443
ketsana2009,PH083728000,1.2
ketsana2009,PH140108000,5.659999999999999
ketsana2009,PH160304000,0.6780701754385964
ketsana2009,PH141110000,4.11388888888889
ketsana2009,PH118202000,1.1839743589743588
ketsana2009,PH097312000,3.8226190476190474
ketsana2009,PH097205000,3.5238095238095237
ketsana2009,PH051606000,15.679166666666667
ketsana2009,PH015521000,3.733333333333333
ketsana2009,PH140109000,5.293749999999999
ketsana2009,PH140110000,5.666666666666667
ketsana2009,PH142704000,6.907291666666667
ketsana2009,PH140111000,6.022916666666668
ketsana2009,PH104313000,0.855
ketsana2009,PH051717000,9.796428571428573
ketsana2009,PH104314000,6.079166666666666
ketsana2009,PH126319000,6.111538461538461
ketsana2009,PH097333000,3.652083333333333
ketsana2009,PH021516000,4.644166666666667
ketsana2009,PH103509000,3.3263888888888893
ketsana2009,PH126508000,6.718055555555555
ketsana2009,PH063025000,3.172222222222222
ketsana2009,PH142705000,7.077083333333333
ketsana2009,PH140112000,5.375000000000001
ketsana2009,PH157009000,1.6203124999999996
ketsana2009,PH101310000,1.4592592592592597
ketsana2009,PH150703000,4.776388888888889
ketsana2009,PH166810000,0.7749999999999999
ketsana2009,PH015548000,6.3374999999999995
ketsana2009,PH012812000,6.5625
ketsana2009,PH084808000,4.445833333333334
ketsana2009,PH084809000,3.002083333333333
ketsana2009,PH072226000,2.278333333333333
ketsana2009,PH097313000,2.8499999999999996
ketsana2009,PH076102000,1.9266666666666665
ketsana2009,PH084810000,2.972222222222222
ketsana2009,PH160207000,1.1523809523809525
ketsana2009,PH021517000,4.15952380952381
ketsana2009,PH060609000,3.711111111111111
ketsana2009,PH034913000,12.844999999999999
ketsana2009,PH041011000,17.654166666666665
ketsana2009,PH084811000,1.5347222222222225
ketsana2009,PH082612000,1.4316666666666669
ketsana2009,PH076103000,2.4916666666666663
ketsana2009,PH126506000,9.937962962962965
ketsana2009,PH063026000,2.3083333333333336
ketsana2009,PH050506000,4.044444444444444
ketsana2009,PH041012000,16.027777777777775
ketsana2009,PH063027000,1.1383333333333334
ketsana2009,PH063028000,1.940277777777778
ketsana2009,PH083729000,10.895833333333334
ketsana2009,PH060408000,2.7999999999999994
ketsana2009,PH041013000,17.979166666666668
ketsana2009,PH166811000,0.9416666666666669
ketsana2009,PH060409000,4.252380952380952
ketsana2009,PH086405000,1.7249999999999999
ketsana2009,PH060610000,3.5902777777777772
ketsana2009,PH104315000,7.241666666666667
ketsana2009,PH168504000,0.7361111111111112
ketsana2009,PH051718000,8.89242424242424
ketsana2009,PH050507000,7.253571428571429
ketsana2009,PH101311000,2.3489583333333335
ketsana2009,PH124705000,8.006944444444445
ketsana2009,PH034914000,8.972222222222221
ketsana2009,PH140113000,5.823958333333334
ketsana2009,PH012911000,6.758333333333333
ketsana2009,PH071227000,2.7854166666666664
ketsana2009,PH043410000,40.13666666666666
ketsana2009,PH072227000,2.2249999999999996
ketsana2009,PH086406000,0.692857142857143
ketsana2009,PH097206000,3.50625
ketsana2009,PH086419000,0.43333333333333335
ketsana2009,PH030806000,11.683333333333332
ketsana2009,PH103510000,7.558333333333334
ketsana2009,PH175313000,2.909649122807018
ketsana2009,PH015522000,3.9833333333333325
ketsana2009,PH166812000,1.8885416666666666
ketsana2009,PH041014000,21.45416666666667
ketsana2009,PH034915000,10.570833333333335
ketsana2009,PH082613000,1.5416666666666667
ketsana2009,PH071228000,2.464583333333333
ketsana2009,PH041015000,19.085714285714285
ketsana2009,PH071229000,2.9625000000000004
ketsana2009,PH175103000,20.784375000000004
ketsana2009,PH175907000,3.331944444444444
ketsana2009,PH071230000,1.7750000000000001
ketsana2009,PH084824000,1.9124999999999996
ketsana2009,PH045622000,23.992708333333336
ketsana2009,PH104208000,7.085
ketsana2009,PH160305000,0.6904166666666667
ketsana2009,PH168505000,1.075
ketsana2009,PH043411000,34.962500000000006
ketsana2009,PH140114000,5.1875
ketsana2009,PH175104000,17.616666666666667
ketsana2009,PH035408000,12.886111111111111
ketsana2009,PH143206000,4.629166666666667
ketsana2009,PH045623000,34.185
ketsana2009,PH045624000,29.522916666666664
ketsana2009,PH104316000,6.954166666666666
ketsana2009,PH156617000,3.4805555555555556
ketsana2009,PH043412000,38.195
ketsana2009,PH153611000,2.401190476190476
ketsana2009,PH153641000,1.9000000000000001
ketsana2009,PH043413000,39.151388888888896
ketsana2009,PH153612000,2.158333333333333
ketsana2009,PH153636000,2.6666666666666665
ketsana2009,PH013310000,3.0999999999999996
ketsana2009,PH023116000,8.447222222222221
ketsana2009,PH148105000,5.296428571428572
ketsana2009,PH034916000,10.797222222222219
ketsana2009,PH051719000,18.64861111111111
ketsana2009,PH112507000,0.7628205128205128
ketsana2009,PH126507000,10.450000000000001
ketsana2009,PH156604000,2.1666666666666665
ketsana2009,PH124710000,4.984374999999999
ketsana2009,PH061907000,1.598809523809524
ketsana2009,PH128004000,4.992500000000001
ketsana2009,PH063029000,1.8770833333333332
ketsana2009,PH035409000,6.793055555555555
ketsana2009,PH074614000,2.863541666666667
ketsana2009,PH015523000,2.9309523809523808
ketsana2009,PH041016000,18.70208333333333
ketsana2009,PH071231000,1.5270833333333333
ketsana2009,PH118203000,1.4472222222222226
ketsana2009,PH043414000,42.668749999999996
ketsana2009,PH098307000,3.0229166666666667
ketsana2009,PH035410000,14.058333333333332
ketsana2009,PH045625000,20.770833333333332
ketsana2009,PH083730000,1.5083333333333335
ketsana2009,PH118204000,1.101388888888889
ketsana2009,PH023117000,7.547499999999999
ketsana2009,PH086408000,1.1166666666666665
ketsana2009,PH060410000,4.377083333333333
ketsana2009,PH153613000,2.7783333333333338
ketsana2009,PH153614000,2.8433333333333333
ketsana2009,PH025704000,12.476960784313725
ketsana2009,PH166813000,0.5916666666666667
ketsana2009,PH072228000,2.3333333333333326
ketsana2009,PH035411000,8.456249999999999
ketsana2009,PH042112000,17.114583333333332
ketsana2009,PH056211000,2.663333333333333
ketsana2009,PH160208000,0.44583333333333336
ketsana2009,PH051720000,7.341666666666666
ketsana2009,PH043415000,40.4125
ketsana2009,PH175908000,2.5361111111111105
ketsana2009,PH124706000,1.3885416666666668
ketsana2009,PH103511000,4.9208333333333325
ketsana2009,PH104317000,0.5444444444444445
ketsana2009,PH112407000,4.972222222222222
ketsana2009,PH175105000,10.041666666666666
ketsana2009,PH175314000,6.309848484848484
ketsana2009,PH012912000,5.81
ketsana2009,PH153634000,1.3687499999999997
ketsana2009,PH083731000,2.241666666666667
ketsana2009,PH020904000,5.704166666666666
ketsana2009,PH097315000,3.521428571428571
ketsana2009,PH101803000,0.9458333333333333
ketsana2009,PH103512000,6.791666666666667
ketsana2009,PH156605000,3.0291666666666663
ketsana2009,PH166714000,0.561111111111111
ketsana2009,PH128005000,6.011904761904762
ketsana2009,PH043416000,37.047916666666666
ketsana2009,PH060411000,2.7729166666666667
ketsana2009,PH124707000,3.788541666666667
ketsana2009,PH153615000,1.9933333333333334
ketsana2009,PH072229000,2.8138888888888887
ketsana2009,PH112408000,1.7989583333333334
ketsana2009,PH098308000,1.96
ketsana2009,PH128006000,2.5641025641025634
ketsana2009,PH015524000,6.004166666666666
ketsana2009,PH133910000,25.75833333333333
ketsana2009,PH060412000,3.6200000000000006
ketsana2009,PH140115000,4.994791666666666
ketsana2009,PH050509000,4.7625
ketsana2009,PH166715000,0.7645833333333334
ketsana2009,PH050510000,5.448611111111112
ketsana2009,PH060413000,3.1111111111111107
ketsana2009,PH118603000,1.706818181818182
ketsana2009,PH086409000,0.7979166666666667
ketsana2009,PH101313000,2.671875
ketsana2009,PH023119000,14.43472222222222
ketsana2009,PH128007000,2.373958333333333
ketsana2009,PH150704000,3.1333333333333333
ketsana2009,PH041017000,28.383333333333336
ketsana2009,PH153820000,4.041666666666666
ketsana2009,PH101804000,1.7874999999999996
ketsana2009,PH175106000,6.64375
ketsana2009,PH061908000,2.222916666666666
ketsana2009,PH140116000,6.120833333333334
ketsana2009,PH015525000,5.75
ketsana2009,PH064518000,3.447222222222223
ketsana2009,PH112508000,1.2537037037037038
ketsana2009,PH054110000,1.8343749999999994
ketsana2009,PH072230000,2.908333333333333
ketsana2009,PH015526000,4.780555555555555
ketsana2009,PH015527000,4.402380952380953
ketsana2009,PH153832000,11.116666666666667
ketsana2009,PH050511000,3.641666666666666
ketsana2009,PH074615000,3.0875
ketsana2009,PH141111000,4.223611111111111
ketsana2009,PH101314000,1.6375
ketsana2009,PH175207000,12.219999999999997
ketsana2009,PH104318000,7.396666666666667
ketsana2009,PH097207000,3.6055555555555556
ketsana2009,PH084812000,4.406666666666667
ketsana2009,PH015528000,5.1625
ketsana2009,PH157003000,4.708333333333333
ketsana2009,PH086010000,1.1069444444444445
ketsana2009,PH042113000,16.90833333333333
ketsana2009,PH118205000,1.6388888888888886
ketsana2009,PH101315000,1.6708333333333332
ketsana2009,PH153616000,2.408333333333333
ketsana2009,PH153617000,2.7458333333333336
ketsana2009,PH012813000,5.604166666666667
ketsana2009,PH097317000,1.7152777777777777
ketsana2009,PH076104000,1.9500000000000004
ketsana2009,PH037707000,11.993518518518515
ketsana2009,PH071232000,1.7333333333333332
ketsana2009,PH166814000,1.2427083333333333
ketsana2009,PH031411000,16.57222222222222
ketsana2009,PH087807000,1.9041666666666666
ketsana2009,PH030807000,12.046428571428573
ketsana2009,PH153631000,2.869444444444444
ketsana2009,PH035412000,14.058333333333332
ketsana2009,PH037106000,3.590277777777778
ketsana2009,PH153618000,1.5541666666666665
ketsana2009,PH082614000,1.6238095238095236
ketsana2009,PH041018000,26.10833333333333
ketsana2009,PH083733000,1.086111111111111
ketsana2009,PH124708000,2.9791666666666674
ketsana2009,PH083734000,0.7302083333333332
ketsana2009,PH112410000,3.745833333333333
ketsana2009,PH153809000,4.4444444444444455
ketsana2009,PH056212000,1.8861111111111113
ketsana2009,PH086011000,1.8104166666666668
ketsana2009,PH103513000,6.441666666666666
ketsana2009,PH045627000,28.878888888888884
ketsana2009,PH118206000,0.9270833333333335
ketsana2009,PH036908000,4.860833333333334
ketsana2009,PH082615000,1.6569444444444443
ketsana2009,PH083735000,1.3520833333333335
ketsana2009,PH142706000,6.42037037037037
ketsana2009,PH072231000,1.6616666666666664
ketsana2009,PH104319000,0.6958333333333333
ketsana2009,PH042114000,19.145833333333336
ketsana2009,PH051607000,15.70833333333333
ketsana2009,PH082616000,1.8208333333333337
ketsana2009,PH083736000,1.0902777777777777
ketsana2009,PH035413000,8.354166666666666
ketsana2009,PH063030000,2.3944444444444444
ketsana2009,PH097318000,2.752083333333333
ketsana2009,PH124709000,8.168750000000001
ketsana2009,PH054112000,1.4083333333333332
ketsana2009,PH051721000,6.377083333333334
ketsana2009,PH063031000,1.7812499999999998
ketsana2009,PH051722000,6.3
ketsana2009,PH035414000,10.513888888888888
ketsana2009,PH072232000,3.3944444444444453
ketsana2009,PH072233000,3.65
ketsana2009,PH054113000,2.788333333333334
ketsana2009,PH174004000,16.818749999999998
ketsana2009,PH064519000,2.0766666666666667
ketsana2009,PH097319000,3.794444444444444
ketsana2009,PH036909000,7.515277777777778
ketsana2009,PH084813000,3.043518518518519
ketsana2009,PH118207000,1.4340909090909089
ketsana2009,PH054114000,3.3527777777777774
ketsana2009,PH118208000,1.1930555555555558
ketsana2009,PH030808000,6.985
ketsana2009,PH045809000,37.2125
ketsana2009,PH086012000,1.5654761904761907
ketsana2009,PH045628000,15.023809523809526
ketsana2009,PH153619000,1.708333333333333
ketsana2009,PH103514000,4.175
ketsana2009,PH064520000,2.0375
ketsana2009,PH097208000,5.479166666666665
ketsana2009,PH104320000,7.066666666666666
ketsana2009,PH060414000,4.2023809523809526
ketsana2009,PH051723000,5.2347222222222225
ketsana2009,PH118209000,0.978125
ketsana2009,PH098309000,2.8716666666666666
ketsana2009,PH051724000,6.175000000000001
ketsana2009,PH012913000,4.625
ketsana2009,PH043417000,40.01666666666667
ketsana2009,PH025706000,12.225000000000001
ketsana2009,PH013311000,3.2699999999999996
ketsana2009,PH023120000,7.078571428571429
ketsana2009,PH042115000,19.791666666666668
ketsana2009,PH034918000,9.835416666666665
ketsana2009,PH175315000,3.1362745098039215
ketsana2009,PH012914000,4.5200000000000005
ketsana2009,PH160209000,0.5645833333333333
ketsana2009,PH041019000,17.528333333333332
ketsana2009,PH015529000,11.53125
ketsana2009,PH144405000,8.222222222222223
ketsana2009,PH175208000,13.319270833333334
ketsana2009,PH087808000,1.5916666666666668
ketsana2009,PH118210000,1.0783333333333334
ketsana2009,PH112314000,0.9597222222222223
ketsana2009,PH063032000,1.886111111111111
ketsana2009,PH060415000,3.422222222222222
ketsana2009,PH126311000,9.700000000000001
ketsana2009,PH153834000,5.051666666666667
ketsana2009,PH031413000,17.639583333333334
ketsana2009,PH042116000,21.416666666666668
ketsana2009,PH012814000,6.766666666666667
ketsana2009,PH067903000,3.86904761904762
ketsana2009,PH060416000,3.141666666666667
ketsana2009,PH103515000,2.681944444444444
ketsana2009,PH050512000,7.5
ketsana2009,PH031414000,21.252777777777776
ketsana2009,PH051725000,5.241666666666666
ketsana2009,PH175909000,4.627083333333333
ketsana2009,PH156607000,2.285416666666667
ketsana2009,PH037107000,7.005555555555556
ketsana2009,PH098310000,2.7600000000000002
ketsana2009,PH156619000,2.1645833333333333
ketsana2009,PH104321000,4.822222222222221
ketsana2009,PH030809000,9.225
ketsana2009,PH082617000,2.030208333333333
ketsana2009,PH030810000,10.38125
ketsana2009,PH083738000,0.7416666666666667
ketsana2009,PH104209000,6.945833333333334
ketsana2009,PH072235000,3.6291666666666664
ketsana2009,PH063034000,3.6833333333333336
ketsana2009,PH104210000,5.581666666666668
ketsana2009,PH133911000,32.270833333333336
ketsana2009,PH112411000,2.1625
ketsana2009,PH045629000,35.78194444444444
ketsana2009,PH086410000,0.9895833333333334
ketsana2009,PH041020000,18.743750000000002
ketsana2009,PH043418000,39.56666666666667
ketsana2009,PH097322000,3.9500000000000006
ketsana2009,PH153822000,5.726388888888889
ketsana2009,PH153810000,5.210000000000001
ketsana2009,PH153620000,2.1083333333333334
ketsana2009,PH045630000,35.069047619047616
ketsana2009,PH153823000,7.414583333333332
ketsana2009,PH086026000,2.6750000000000003
ketsana2009,PH043419000,40.51666666666667
ketsana2009,PH012815000,11.994444444444445
ketsana2009,PH043420000,41.50694444444444
ketsana2009,PH023121000,4.683333333333334
ketsana2009,PH054115000,1.925
ketsana2009,PH084814000,4.548809523809524
ketsana2009,PH037108000,3.906481481481481
ketsana2009,PH034919000,12.102777777777776
ketsana2009,PH126509000,5.05
ketsana2009,PH083739000,0.8861111111111111
ketsana2009,PH083740000,1.7055555555555557
ketsana2009,PH175107000,11.057692307692308
ketsana2009,PH084815000,3.6986111111111115
ketsana2009,PH021518000,4.757291666666667
ketsana2009,PH051726000,7.114583333333332
ketsana2009,PH074616000,2.9702380952380953
ketsana2009,PH104211000,5.822222222222222
ketsana2009,PH061909000,2.219791666666666
ketsana2009,PH133912000,32.270833333333336
ketsana2009,PH153833000,9.370833333333334
ketsana2009,PH156618000,2.9909090909090907
ketsana2009,PH052006000,5.34
ketsana2009,PH060611000,3.9166666666666674
ketsana2009,PH031415000,13.089583333333332
ketsana2009,PH052007000,4.045833333333333
ketsana2009,PH101316000,1.7090909090909088
ketsana2009,PH043421000,41.78833333333333
ketsana2009,PH071233000,1.9104166666666667
ketsana2009,PH156616000,2.333333333333333
ketsana2009,PH157001000,0.8486111111111111
ketsana2009,PH156608000,2.546078431372549
ketsana2009,PH036910000,8.718333333333332
ketsana2009,PH061910000,1.6222222222222225
ketsana2009,PH034920000,11.20925925925926
ketsana2009,PH103516000,5.020833333333333
ketsana2009,PH103523000,4.204166666666667
ketsana2009,PH118211000,1.3499999999999999
ketsana2009,PH045631000,23.912500000000005
ketsana2009,PH012816000,8.295833333333333
ketsana2009,PH031416000,15.454166666666666
ketsana2009,PH051608000,18.459374999999998
ketsana2009,PH144406000,12.089814814814815
ketsana2009,PH086022000,1.2249999999999999
ketsana2009,PH153811000,2.483333333333333
ketsana2009,PH156609000,3.456666666666667
ketsana2009,PH051727000,8.036904761904763
ketsana2009,PH137605000,32.270833333333336
ketsana2009,PH143208000,4.534259259259259
ketsana2009,PH083741000,0.575
ketsana2009,PH012817000,16.238541666666666
ketsana2009,PH156610000,2.106666666666667
ketsana2009,PH137606000,38.78333333333334
ketsana2009,PH156611000,2.3277777777777775
ketsana2009,PH045632000,16.188333333333336
ketsana2009,PH060612000,3.641666666666666
ketsana2009,PH063036000,2.65
ketsana2009,PH098311000,2.9458333333333333
ketsana2009,PH021519000,6.271929824561404
ketsana2009,PH034921000,10.058333333333334
ketsana2009,PH140117000,4.758333333333333
ketsana2009,PH045633000,31.495833333333337
ketsana2009,PH153621000,3.6374999999999997
ketsana2009,PH021520000,5.327777777777777
ketsana2009,PH153635000,2.4055555555555554
ketsana2009,PH012818000,6.254166666666667
ketsana2009,PH140118000,4.861111111111111
ketsana2009,PH124711000,4.864285714285715
ketsana2009,PH124712000,7.128703703703703
ketsana2009,PH043422000,40.758333333333326
ketsana2009,PH030811000,10.38125
ketsana2009,PH056213000,5.163888888888889
ketsana2009,PH061911000,1.6854166666666666
ketsana2009,PH071234000,1.968333333333333
ketsana2009,PH072236000,1.2777777777777775
ketsana2009,PH140119000,5.404166666666666
ketsana2009,PH166716000,0.305
ketsana2009,PH051728000,5.8125
ketsana2009,PH045810000,40.59583333333334
ketsana2009,PH086013000,1.2125000000000001
ketsana2009,PH175209000,11.81875
ketsana2009,PH072237000,3.9283333333333332
ketsana2009,PH097209000,6.131666666666668
ketsana2009,PH012819000,5.727777777777777
ketsana2009,PH086411000,0.4666666666666666
ketsana2009,PH143209000,3.6937499999999996
ketsana2009,PH050513000,7.85952380952381
ketsana2009,PH054116000,3.3444444444444446
ketsana2009,PH045634000,25.214583333333334
ketsana2009,PH097338000,2.147222222222222
ketsana2009,PH054117000,2.832142857142857
ketsana2009,PH166717000,0.49000000000000005
ketsana2009,PH031417000,11.447916666666666
ketsana2009,PH045635000,32.36666666666667
ketsana2009,PH104212000,8.225
ketsana2009,PH175210000,14.69642857142857
ketsana2009,PH097210000,6.219444444444442
ketsana2009,PH050514000,7.535416666666666
ketsana2009,PH045636000,22.329629629629636
ketsana2009,PH126312000,3.0452380952380955
ketsana2009,PH061912000,1.9541666666666666
ketsana2009,PH064521000,1.6416666666666664
ketsana2009,PH153622000,1.6916666666666667
ketsana2009,PH103517000,6.1875
ketsana2009,PH035415000,8.635714285714286
ketsana2009,PH072238000,1.8055555555555556
ketsana2009,PH133913000,25.75833333333333
ketsana2009,PH063037000,1.736111111111111
ketsana2009,PH015530000,5.202083333333333
ketsana2009,PH071235000,1.2266666666666668
ketsana2009,PH097211000,4.7236111111111105
ketsana2009,PH051729000,5.0928571428571425
ketsana2009,PH126510000,8.066666666666666
ketsana2009,PH061913000,1.7437499999999997
ketsana2009,PH124713000,2.534615384615385
ketsana2009,PH056214000,3.0625
ketsana2009,PH160306000,0.6041666666666667
ketsana2009,PH153623000,2.575
ketsana2009,PH148106000,4.720370370370371
ketsana2009,PH175211000,11.915000000000001
ketsana2009,PH175316000,2.5957142857142856
ketsana2009,PH013312000,4.030555555555556
ketsana2009,PH031418000,10.62777777777778
ketsana2009,PH064522000,3.5999999999999996
ketsana2009,PH036911000,10.6625
ketsana2009,PH023122000,10.370833333333332
ketsana2009,PH025011000,9.590277777777777
ketsana2009,PH034922000,9.044444444444443
ketsana2009,PH045637000,32.72291666666667
ketsana2009,PH101317000,1.6366666666666665
ketsana2009,PH175317000,3.841269841269842
ketsana2009,PH137404000,26.820833333333336
ketsana2009,PH133903000,25.545833333333334
ketsana2009,PH082618000,1.325
ketsana2009,PH012915000,3.783333333333333
ketsana2009,PH023123000,12.298333333333337
ketsana2009,PH051730000,20.216666666666665
ketsana2009,PH153829000,3.886111111111111
ketsana2009,PH023124000,10.529166666666667
ketsana2009,PH097323000,3.21875
ketsana2009,PH036912000,10.479166666666666
ketsana2009,PH050515000,5.470833333333334
ketsana2009,PH045638000,37.64666666666667
ketsana2009,PH023125000,6.779166666666668
ketsana2009,PH160212000,0.23333333333333336
ketsana2009,PH021521000,4.539583333333333
ketsana2009,PH034923000,11.684722222222222
ketsana2009,PH043423000,39.75833333333333
ketsana2009,PH097212000,7.072222222222222
ketsana2009,PH143211000,5.976388888888889
ketsana2009,PH175108000,9.814285714285715
ketsana2009,PH175323000,0.9601449275362319
ketsana2009,PH045808000,19.12395833333333
ketsana2009,PH175910000,2.665
ketsana2009,PH072239000,4.1000000000000005
ketsana2009,PH015531000,7.625
ketsana2009,PH013313000,4.3625
ketsana2009,PH041021000,18.104166666666668
ketsana2009,PH042117000,21.11666666666667
ketsana2009,PH084816000,1.4055555555555557
ketsana2009,PH160307000,0.5030303030303029
ketsana2009,PH098312000,4.095833333333333
ketsana2009,PH023126000,14.314583333333331
ketsana2009,PH175212000,12.890277777777778
ketsana2009,PH175318000,1.6036231884057972
ketsana2009,PH061914000,3.0849999999999995
ketsana2009,PH144407000,4.194999999999999
ketsana2009,PH141112000,3.6958333333333333
ketsana2009,PH175109000,9.461944444444443
ketsana2009,PH020905000,13.361111111111112
ketsana2009,PH144408000,4.178333333333333
ketsana2009,PH144409000,3.391666666666666
ketsana2009,PH101805000,1.0805555555555555
ketsana2009,PH064523000,2.450833333333333
ketsana2009,PH071236000,1.7750000000000004
ketsana2009,PH051731000,4.9383333333333335
ketsana2009,PH025705000,8.595833333333333
ketsana2009,PH153625000,4.716666666666667
ketsana2009,PH086412000,1.6500000000000001
ketsana2009,PH104322000,1.1791666666666667
ketsana2009,PH012916000,3.8625000000000003
ketsana2009,PH082619000,1.5023809523809524
ketsana2009,PH140120000,6.406666666666666
ketsana2009,PH097213000,3.173333333333334
ketsana2009,PH103518000,2.8562499999999997
ketsana2009,PH064532000,1.6861111111111116
ketsana2009,PH030812000,9.795833333333334
ketsana2009,PH072240000,2.997916666666667
ketsana2009,PH045639000,36.975
ketsana2009,PH133906000,30.918750000000003
ketsana2009,PH023127000,11.302380952380952
ketsana2009,PH166815000,1.1700000000000002
ketsana2009,PH175911000,3.8916666666666675
ketsana2009,PH045640000,8.60595238095238
ketsana2009,PH052008000,4.180555555555556
ketsana2009,PH175912000,4.427083333333333
ketsana2009,PH034924000,8.625
ketsana2009,PH037109000,8.623611111111112
ketsana2009,PH045641000,20.083333333333332
ketsana2009,PH084817000,1.5791666666666668
ketsana2009,PH166718000,0.5125000000000001
ketsana2009,PH015532000,4.804166666666667
ketsana2009,PH064524000,1.3053030303030304
ketsana2009,PH036913000,4.8100000000000005
ketsana2009,PH063038000,1.5687499999999999
ketsana2009,PH012917000,5.302777777777777
ketsana2009,PH063039000,1.33125
ketsana2009,PH064525000,1.3333333333333333
ketsana2009,PH012918000,3.6666666666666674
ketsana2009,PH015533000,4.763333333333333
ketsana2009,PH037110000,4.8374999999999995
ketsana2009,PH051732000,6.6187499999999995
ketsana2009,PH054118000,6.637499999999999
ketsana2009,PH072241000,4.670833333333333
ketsana2009,PH101318000,1.3075757575757576
ketsana2009,PH175913000,4.01547619047619
ketsana2009,PH045642000,9.527777777777777
ketsana2009,PH072242000,2.7550000000000003
ketsana2009,PH086413000,0.7666666666666667
ketsana2009,PH160308000,0.7083333333333331
ketsana2009,PH166719000,0.6916666666666668
ketsana2009,PH013315000,2.8816666666666677
ketsana2009,PH023128000,9.361363636363636
ketsana2009,PH012919000,5.4958333333333345
ketsana2009,PH031419000,12.223611111111111
ketsana2009,PH023129000,9.802777777777779
ketsana2009,PH034925000,9.475
ketsana2009,PH071237000,1.3611111111111114
ketsana2009,PH083742000,7.139285714285715
ketsana2009,PH084818000,1.161111111111111
ketsana2009,PH112324000,1.586111111111111
ketsana2009,PH112510000,0.3822916666666667
ketsana2009,PH140121000,4.893749999999999
ketsana2009,PH166720000,0.36666666666666675
ketsana2009,PH015534000,4.720833333333334
ketsana2009,PH054119000,4.827083333333333
ketsana2009,PH063040000,3.068055555555556
ketsana2009,PH086025000,2.541666666666666
ketsana2009,PH036918000,5.688461538461539
ketsana2009,PH041022000,19.816666666666666
ketsana2009,PH051733000,5.564583333333334
ketsana2009,PH060613000,3.85
ketsana2009,PH074617000,3.4187500000000006
ketsana2009,PH084819000,1.5895833333333333
ketsana2009,PH168506000,0.6895833333333333
ketsana2009,PH175110000,9.37111111111111
ketsana2009,PH175914000,3.358333333333333
ketsana2009,PH034926000,10.398333333333333
ketsana2009,PH086014000,2.5953703703703703
ketsana2009,PH012920000,6.2437499999999995
ketsana2009,PH013316000,2.7291666666666665
ketsana2009,PH041023000,19.758333333333333
ketsana2009,PH076105000,2.720833333333333
ketsana2009,PH086414000,1.875
ketsana2009,PH140122000,5.988888888888888
ketsana2009,PH082620000,1.0291666666666666
ketsana2009,PH034927000,8.9625
ketsana2009,PH067904000,2.861666666666667
ketsana2009,PH051604000,24.103333333333335
ketsana2009,PH035417000,10.772222222222224
ketsana2009,PH037708000,13.027777777777779
ketsana2009,PH041024000,13.758333333333335
ketsana2009,PH160309000,0.6606481481481483
ketsana2009,PH015535000,6.764583333333333
ketsana2009,PH023130000,11.989583333333334
ketsana2009,PH036914000,8.597916666666666
ketsana2009,PH037111000,7.076666666666665
ketsana2009,PH023131000,6.643560606060606
ketsana2009,PH023132000,11.63541666666667
ketsana2009,PH045811000,26.181249999999995
ketsana2009,PH031421000,12.72142857142857
ketsana2009,PH052009000,4.080555555555556
ketsana2009,PH063041000,2.8555555555555556
ketsana2009,PH071238000,2.1249999999999996
ketsana2009,PH083743000,1.3944444444444442
ketsana2009,PH097324000,4.329166666666667
ketsana2009,PH133907000,25.545833333333334
ketsana2009,PH166816000,0.9098484848484848
ketsana2009,PH037112000,4.2666666666666675
ketsana2009,PH045644000,12.722619047619043
ketsana2009,PH012820000,5.9624999999999995
ketsana2009,PH015536000,8.540000000000001
ketsana2009,PH041025000,20.98333333333333
ketsana2009,PH133904000,25.545833333333334
ketsana2009,PH023133000,8.634166666666669
ketsana2009,PH097325000,5.616666666666666
ketsana2009,PH043424000,32.71547619047619
ketsana2009,PH041026000,20.595833333333328
ketsana2009,PH054120000,7.580208333333334
ketsana2009,PH082621000,2.7583333333333333
ketsana2009,PH015537000,11.875
ketsana2009,PH140123000,4.591666666666666
ketsana2009,PH031422000,13.273333333333333
ketsana2009,PH063042000,1.0458333333333332
ketsana2009,PH060614000,2.9000000000000004
ketsana2009,PH072243000,2.7449999999999997
ketsana2009,PH086415000,0.4666666666666666
ketsana2009,PH084820000,3.831666666666667
ketsana2009,PH086015000,2.1222222222222222
ketsana2009,PH035418000,9.714583333333334
ketsana2009,PH175213000,9.902777777777777
ketsana2009,PH012921000,4.370833333333334
ketsana2009,PH051609000,24.86666666666666
ketsana2009,PH084821000,1.8395833333333333
ketsana2009,PH175319000,2.2925438596491228
ketsana2009,PH021522000,4.711666666666667
ketsana2009,PH012922000,3.620833333333333
ketsana2009,PH021523000,2.874074074074074
ketsana2009,PH035419000,9.10277777777778
ketsana2009,PH133914000,32.270833333333336
ketsana2009,PH015538000,5.122916666666667
ketsana2009,PH063043000,2.6166666666666667
ketsana2009,PH012923000,4.370833333333334
ketsana2009,PH074618000,2.5388888888888888
ketsana2009,PH012924000,3.640000000000001
ketsana2009,PH037113000,3.126111111111111
ketsana2009,PH043426000,40.32222222222222
ketsana2009,PH112412000,2.4694444444444446
ketsana2009,PH133905000,25.545833333333334
ketsana2009,PH174005000,19.20277777777778
ketsana2009,PH175111000,7.105357142857142
ketsana2009,PH051610000,23.96071428571429
ketsana2009,PH025012000,9.72857142857143
ketsana2009,PH072244000,2.2736111111111117
ketsana2009,PH083744000,0.8055555555555557
ketsana2009,PH175915000,2.8666666666666667
ketsana2009,PH036915000,6.454166666666667
ketsana2009,PH160310000,1.2883333333333333
ketsana2009,PH012925000,3.860416666666666
ketsana2009,PH056215000,2.0416666666666665
ketsana2009,PH148107000,4.558333333333333
ketsana2009,PH086016000,2.836111111111111
ketsana2009,PH012926000,4.3875
ketsana2009,PH015539000,9.270833333333332
ketsana2009,PH023134000,8.512500000000001
ketsana2009,PH031423000,15.379166666666668
ketsana2009,PH043427000,43.98541666666666
ketsana2009,PH118604000,0.9111111111111111
ketsana2009,PH175917000,3.0000000000000004
ketsana2009,PH166721000,0.6125
ketsana2009,PH021524000,7.541666666666667
ketsana2009,PH035420000,12.877083333333333
ketsana2009,PH086017000,0.9564814814814814
ketsana2009,PH034928000,10.186666666666667
ketsana2009,PH021525000,2.9
ketsana2009,PH041027000,14.733333333333334
ketsana2009,PH072245000,3.2583333333333333
ketsana2009,PH012927000,4.395833333333334
ketsana2009,PH160210000,0.2708333333333333
ketsana2009,PH012928000,5.4958333333333345
ketsana2009,PH034929000,9.58125
ketsana2009,PH050516000,5.827777777777778
ketsana2009,PH021526000,4.949166666666666
ketsana2009,PH086018000,3.7916666666666665
ketsana2009,PH126318000,8.545833333333333
ketsana2009,PH013317000,3.8854166666666674
ketsana2009,PH015540000,7.158333333333334
ketsana2009,PH023136000,16.768749999999997
ketsana2009,PH035421000,10.049999999999999
ketsana2009,PH041028000,29.686111111111114
ketsana2009,PH112318000,0.8708333333333332
ketsana2009,PH013318000,2.7916666666666665
ketsana2009,PH157010000,0.546875
ketsana2009,PH103519000,3.0966666666666662
ketsana2009,PH104213000,7.163333333333333
ketsana2009,PH061915000,2.954166666666666
ketsana2009,PH063044000,1.520833333333333
ketsana2009,PH118605000,2.985
ketsana2009,PH045645000,26.591666666666665
ketsana2009,PH012821000,5.104166666666667
ketsana2009,PH035422000,13.35
ketsana2009,PH034917000,10.066666666666666
ketsana2009,PH060615000,3.0208333333333344
ketsana2009,PH126512000,5.483333333333333
ketsana2009,PH097214000,4.513541666666668
ketsana2009,PH071239000,3.1666666666666674
ketsana2009,PH153808000,4.854166666666666
ketsana2009,PH153837000,4.179166666666666
ketsana2009,PH156612000,1.6733333333333336
ketsana2009,PH074619000,2.3981481481481484
ketsana2009,PH098313000,2.0687499999999996
ketsana2009,PH097215000,3.35
ketsana2009,PH160314000,0.6634615384615384
ketsana2009,PH060616000,2.8190476190476192
ketsana2009,PH072246000,3.5354166666666664
ketsana2009,PH097216000,2.5743589743589745
ketsana2009,PH074620000,2.8854166666666665
ketsana2009,PH067905000,4.148333333333333
ketsana2009,PH097217000,7.568055555555554
ketsana2009,PH157011000,1.0142857142857145
ketsana2009,PH071240000,2.00625
ketsana2009,PH012929000,3.8833333333333333
ketsana2009,PH061916000,2.1562499999999996
ketsana2009,PH071241000,2.535416666666667
ketsana2009,PH086416000,2.0749999999999997
ketsana2009,PH042118000,28.660416666666663
ketsana2009,PH064526000,2.509259259259259
ketsana2009,PH084822000,2.0535714285714284
ketsana2009,PH157004000,0.8133333333333334
ketsana2009,PH104214000,5.684722222222224
ketsana2009,PH012930000,6.733333333333334
ketsana2009,PH097218000,3.208974358974359
ketsana2009,PH043429000,41.083333333333336
ketsana2009,PH097219000,3.294047619047619
ketsana2009,PH051734000,13.429166666666667
ketsana2009,PH076106000,2.263333333333333
ketsana2009,PH097220000,3.531481481481481
ketsana2009,PH051735000,12.394444444444446
ketsana2009,PH015541000,4.868055555555555
ketsana2009,PH166722000,0.8208333333333333
ketsana2009,PH157005000,1.2270833333333333
ketsana2009,PH166723000,0.33541666666666664
ketsana2009,PH175214000,10.571428571428571
ketsana2009,PH175324000,3.535416666666667
ketsana2009,PH072247000,3.278333333333333
ketsana2009,PH086417000,1.9819444444444443
ketsana2009,PH021527000,5.326041666666667
ketsana2009,PH025013000,8.553333333333333
ketsana2009,PH012822000,6.325
ketsana2009,PH097340000,2.4883333333333333
ketsana2009,PH157006000,0.9916666666666668
ketsana2009,PH153817000,5.87037037037037
ketsana2009,PH015542000,3.288888888888889
ketsana2009,PH037114000,6.814814814814816
ketsana2009,PH013319000,2.806944444444444
ketsana2009,PH104323000,1.4916666666666671
ketsana2009,PH012931000,3.0527777777777776
ketsana2009,PH082622000,1.1133333333333335
ketsana2009,PH112414000,2.1888888888888887
ketsana2009,PH153640000,2.158333333333333
ketsana2009,PH153812000,3.8916666666666675
ketsana2009,PH153824000,3.854166666666666
ketsana2009,PH103506000,3.8375000000000004
ketsana2009,PH153813000,3.340277777777778
ketsana2009,PH101319000,1.3250000000000004
ketsana2009,PH150705000,3.907142857142858
ketsana2009,PH126313000,6.406481481481482
ketsana2009,PH166724000,0.3448717948717948
ketsana2009,PH012932000,3.1805555555555554
ketsana2009,PH126316000,5.719047619047621
ketsana2009,PH041029000,14.733333333333334
ketsana2009,PH083745000,7.629166666666666
ketsana2009,PH097327000,2.516666666666667
ketsana2009,PH072248000,2.7916666666666665
ketsana2009,PH083746000,0.625
ketsana2009,PH150713000,1.3062500000000001
ketsana2009,PH072249000,3.5236111111111104
ketsana2009,PH083747000,0.8750000000000001
ketsana2009,PH144410000,3.9277777777777776
ketsana2009,PH082623000,0.8520833333333334
ketsana2009,PH166725000,0.4699999999999999
ketsana2009,PH086024000,5.358333333333333
ketsana2009,PH042119000,19.255
ketsana2009,PH071242000,1.7944444444444445
ketsana2009,PH166817000,0.6462962962962964
ketsana2009,PH045646000,17.080555555555552
ketsana2009,PH166818000,1.037037037037037
ketsana2009,PH103520000,6.137499999999999
ketsana2009,PH104324000,2.629166666666667
ketsana2009,PH153638000,2.816666666666667
ketsana2009,PH012933000,2.841666666666667
ketsana2009,PH137607000,33.199999999999996
ketsana2009,PH160311000,0.7074999999999999
ketsana2009,PH112322000,1.429861111111111
ketsana2009,PH101320000,1.596354166666667
ketsana2009,PH086019000,1.4041666666666668
ketsana2009,PH034930000,9.705555555555556
ketsana2009,PH153816000,5.446875000000001
ketsana2009,PH071243000,2.6452380952380943
ketsana2009,PH156613000,2.4791666666666665
ketsana2009,PH041030000,23.09375
ketsana2009,PH051611000,23.895833333333332
ketsana2009,PH104325000,1.5888888888888895
ketsana2009,PH153821000,5.6000000000000005
ketsana2009,PH034931000,9.454166666666667
ketsana2009,PH098314000,2.90625
ketsana2009,PH097328000,3.290476190476191
ketsana2009,PH126314000,4.965624999999999
ketsana2009,PH153626000,1.6916666666666667
ketsana2009,PH097221000,3.1444444444444444
ketsana2009,PH083748000,0.6229166666666667
ketsana2009,PH045812000,38.8375
ketsana2009,PH157007000,0.6547619047619048
ketsana2009,PH060417000,3.158333333333333
ketsana2009,PH103521000,4.3999999999999995
ketsana2009,PH104215000,4.365
ketsana2009,PH126315000,10.076666666666666
ketsana2009,PH143214000,5.192592592592592
ketsana2009,PH042120000,20.435416666666665
ketsana2009,PH061917000,3.473484848484848
ketsana2009,PH156614000,2.6680555555555547
ketsana2009,PH153627000,1.708333333333333
ketsana2009,PH086020000,2.340277777777778
ketsana2009,PH112511000,0.8135416666666666
ketsana2009,PH074622000,4.908333333333333
ketsana2009,PH041032000,17.87333333333333
ketsana2009,PH045813000,26.95
ketsana2009,PH175320000,3.3742857142857137
ketsana2009,PH015543000,11.549999999999999
ketsana2009,PH140124000,5.320833333333334
ketsana2009,PH045814000,33.78333333333334
ketsana2009,PH042121000,17.441666666666666
ketsana2009,PH045648000,25.22666666666667
ketsana2009,PH060617000,4.489583333333333
ketsana2009,PH051736000,5.104166666666667
ketsana2009,PH097344000,3.4250000000000003
ketsana2009,PH063045000,3.452083333333333
ketsana2009,PH051737000,10.079861111111112
ketsana2009,PH140125000,6.394642857142858
ketsana2009,PH143215000,4.119791666666667
ketsana2009,PH041033000,18.791666666666664
ketsana2009,PH142710000,4.927380952380952
ketsana2009,PH150706000,3.763888888888889
ketsana2009,PH098315000,4.0249999999999995
ketsana2009,PH050518000,5.391666666666667
ketsana2009,PH060607000,4.860416666666667
ketsana2009,PH064529000,1.99
ketsana2009,PH072251000,2.911458333333334
ketsana2009,PH083749000,1.036111111111111
ketsana2009,PH086418000,0.9791666666666666
ketsana2009,PH133901000,25.545833333333334
ketsana2009,PH156615000,1.3696969696969699
ketsana2009,PH174006000,16.763095238095236
ketsana2009,PH042122000,25.3
ketsana2009,PH160312000,1.4522727272727274
ketsana2009,PH071244000,2.1833333333333336
ketsana2009,PH021528000,4.249999999999999
ketsana2009,PH141113000,4.156666666666667
ketsana2009,PH168507000,0.8437500000000001
ketsana2009,PH013320000,3.8888888888888893
ketsana2009,PH153628000,1.9000000000000001
ketsana2009,PH160211000,0.20555555555555552
ketsana2009,PH071245000,1.5406250000000001
ketsana2009,PH141114000,4.251666666666667
ketsana2009,PH140126000,4.7316666666666665
ketsana2009,PH103522000,4.373809523809524
ketsana2009,PH166727000,0.5583333333333332
ketsana2009,PH063046000,2.775
ketsana2009,PH072252000,2.801851851851852
ketsana2009,PH150707000,2.9666666666666663
ketsana2009,PH072253000,1.6708333333333336
ketsana2009,PH104216000,5.547222222222222
ketsana2009,PH153629000,2.029166666666667
ketsana2009,PH021529000,6.338333333333334
ketsana2009,PH097330000,3.6799999999999997
ketsana2009,PH124714000,8.058333333333334
ketsana2009,PH023137000,12.516666666666667
ketsana2009,PH083750000,3.108333333333333
ketsana2009,PH098316000,3.7944444444444443
ketsana2009,PH126317000,4.147916666666666
ketsana2009,PH157008000,0.9933333333333332
ketsana2009,PH041034000,17.474999999999998
ketsana2009,PH071246000,1.9009259259259255
ketsana2009,PH015544000,10.770833333333334
ketsana2009,PH150711000,4.560416666666668
ketsana2009,PH045649000,33.106249999999996
ketsana2009,PH153815000,3.9791666666666665
ketsana2009,PH015545000,5.341666666666666
ketsana2009,PH054121000,2.025
ketsana2009,PH020906000,5.791666666666665
ketsana2009,PH060618000,3.435833333333333
ketsana2009,PH071247000,2.2933333333333334
ketsana2009,PH074623000,3.348611111111111
ketsana2009,PH064530000,2.808333333333333
ketsana2009,PH074624000,2.1216666666666666
ketsana2009,PH160313000,1.1035714285714286
ketsana2009,PH036917000,10.010416666666666
ketsana2009,PH043430000,38.82777777777778
ketsana2009,PH084823000,1.2291666666666667
ketsana2009,PH175215000,12.722916666666668
ketsana2009,PH052010000,4.245833333333333
ketsana2009,PH083751000,2.033333333333333
ketsana2009,PH104326000,3.108333333333334
ketsana2009,PH086021000,1.0902777777777775
ketsana2009,PH015547000,7.104166666666667
ketsana2009,PH025014000,8.125000000000002
ketsana2009,PH140127000,5.416666666666667
ketsana2009,PH097341000,1.3083333333333333
ketsana2009,PH012823000,10.665151515151516
ketsana2009,PH051612000,30.271296296296303
ketsana2009,PH052011000,4.416666666666667
ketsana2009,PH153630000,3.913888888888889
ketsana2009,PH097332000,2.010919540229885
ketsana2009,PH074625000,3.1
ketsana2009,PH034932000,8.287500000000001
ketsana2009,PH063047000,2.1944444444444446
ketsana2009,PH086023000,1.3375000000000001
