,area_km2,mun_code,rainfall_max,rainfall_sum
0,775.2962500712373,PH175301000,13.6,23.839999999999996
1,602.3362849640978,PH175101000,69.42857142857143,129.77142857142857
2,76.96680541711024,PH030801000,231.60000000000002,498.0
3,132.65195383107744,PH021501000,52.800000000000004,110.4
4,316.3155984568427,PH083701000,33.900000000000006,81.30000000000001
5,111.18487101797889,PH012801000,49.199999999999996,208.39999999999998
6,35.571040939129674,PH045601000,52.800000000000004,103.19999999999999
7,280.2400186995342,PH025701000,46.08,157.20000000000002
8,166.12891008136614,PH015501000,423.59999999999997,810.4
9,48.80757418043008,PH041001000,90.0,216.0
10,48.20141406882889,PH013301000,189.60000000000002,506.40000000000003
11,158.07716299455194,PH015502000,237.11999999999998,600.0
12,450.08434942172755,PH142708000,62.16,210.24
13,30.98537832080031,PH175302000,11.7,28.200000000000003
14,170.88447870750667,PH063001000,13.799999999999999,46.199999999999996
15,30.79226217342146,PH150708000,4.0,12.0
16,49.34530214780986,PH150709000,5.4,13.8
17,60.37998309005318,PH045602000,46.39999999999999,97.6
18,494.4497989691762,PH128001000,8.879999999999999,19.68
19,564.0044352460573,PH124701000,10.690909090909091,42.54545454545455
20,59.65389690110897,PH043401000,66.0,159.60000000000002
21,155.23160112684656,PH083702000,40.32000000000001,73.44
22,77.18635813388248,PH083703000,31.799999999999997,78.0
23,28.538295143374846,PH071201000,38.400000000000006,93.6
24,58.59236174493443,PH015504000,162.0,458.4
25,180.4647179685571,PH021502000,62.400000000000006,115.60000000000001
26,25.564812570623435,PH072201000,46.8,117.59999999999998
27,70.43996646866933,PH175901000,32.400000000000006,61.2
28,67.38032758073979,PH072202000,34.2,59.400000000000006
29,96.30168751133192,PH072203000,42.24000000000001,78.72000000000001
30,80.04230067157185,PH166701000,26.879999999999995,49.44
31,173.04553550982976,PH124717000,9.3,23.099999999999998
32,70.29168914184446,PH042101000,113.6,260.8
33,466.63322170322175,PH025015000,71.75999999999999,170.39999999999998
34,358.69811818529337,PH142707000,58.39999999999999,198.4
35,95.30449889819195,PH034901000,189.2,414.4
36,158.37628571309054,PH023101000,69.2,184.8
37,81.72000110082011,PH071202000,45.0,102.0
38,146.11209518044345,PH098301000,4.3999999999999995,15.600000000000001
39,114.51152243229193,PH012901000,87.6,259.8
40,101.12243003153061,PH063002000,12.8,36.0
41,25.480842696172648,PH041002000,78.0,187.2
42,230.5979442938652,PH021503000,68.4,107.60000000000001
43,44.45392379086899,PH084801000,51.0,85.2
44,24.30675346604806,PH086001000,42.599999999999994,67.8
45,50.741661439431816,PH087801000,31.799999999999997,48.599999999999994
46,62.641073037531434,PH072204000,36.0,77.4
47,110.14382168227837,PH104201000,13.439999999999998,24.479999999999997
48,94.83325312418434,PH060401000,13.200000000000001,36.599999999999994
49,117.0332123630458,PH104301000,13.439999999999998,29.759999999999998
50,35.94105842131605,PH042102000,158.39999999999998,288.79999999999995
51,177.52024595045825,PH025001000,88.11428571428573,238.62857142857143
52,59.22064834205202,PH074601000,28.799999999999997,48.8
53,222.0255587910777,PH153801000,12.400000000000002,38.0
54,287.49348094179555,PH021504000,55.5,118.8
55,34.61836362492503,PH086401000,42.400000000000006,96.0
56,25.458964468471827,PH036901000,125.6,418.4
57,77.78113294515659,PH015505000,271.20000000000005,571.8000000000001
58,66.26789535872965,PH071203000,91.19999999999999,138.0
59,194.52081507991568,PH023102000,63.42857142857143,153.94285714285715
60,49.42483565312867,PH031401000,184.8,322.8
61,121.13984008706984,PH035401000,186.60000000000002,468.6
62,14.665829879466243,PH045801000,223.20000000000002,312.00000000000006
63,101.86899083742134,PH063003000,8.799999999999999,29.599999999999998
64,50.73834764237751,PH060601000,9.600000000000001,28.8
65,65.66294435402109,PH071204000,26.400000000000002,64.80000000000001
66,110.08610628490241,PH124715000,18.240000000000002,40.32000000000001
67,57.626397810212204,PH035402000,222.0,394.79999999999995
68,261.22015418318125,PH021505000,51.49090909090909,108.87272727272727
69,174.47227289383423,PH175303000,16.363636363636367,34.03636363636364
70,443.4128510012839,PH124718000,23.6,49.400000000000006
71,187.24298475841124,PH035403000,197.59999999999997,445.2
72,195.71131157666764,PH072205000,35.6,77.6
73,97.29751545750165,PH013302000,187.8,442.20000000000005
74,292.0767035337139,PH025002000,132.0,258.3
75,456.08673802769994,PH054101000,38.879999999999995,72.24
76,100.94078969905937,PH082601000,53.2,95.2
77,78.5005080082754,PH015506000,157.8,378.59999999999997
78,205.45314977504069,PH142711000,69.9,234.0
79,140.4539354295374,PH072206000,26.400000000000002,67.2
80,223.6195663015394,PH112301000,28.457142857142856,66.5142857142857
81,221.20147566632915,PH045603000,53.82857142857143,106.62857142857143
82,178.62049110003872,PH141101000,115.19999999999999,312.48
83,74.75046551118973,PH023103000,58.56,168.96
84,160.3289801739477,PH097302000,9.600000000000001,24.000000000000004
85,248.32339440680852,PH074602000,23.4,52.800000000000004
86,107.95132586030387,PH051701000,100.19999999999999,178.79999999999998
87,134.43515244905035,PH083705000,52.199999999999996,76.8
88,118.83700008863782,PH050501000,88.80000000000001,155.31428571428575
89,55.34607397447094,PH012802000,114.0,198.0
90,33.814288908993454,PH071205000,37.2,82.80000000000001
91,76.49064428937179,PH013303000,113.6,317.6
92,435.18961181184295,PH175201000,55.85454545454545,99.92727272727274
93,63.350655347888114,PH103501000,9.600000000000001,22.400000000000006
94,21.57547178886493,PH153601000,8.799999999999999,29.599999999999998
95,162.24800874771478,PH064501000,23.31428571428571,47.99999999999999
96,83.63492585864924,PH035404000,212.64,459.84
97,40.3914281561928,PH074603000,27.599999999999998,47.99999999999999
98,49.02908886603922,PH042103000,159.0,291.0
99,62.88013072179977,PH166702000,34.4,58.4
100,250.405887766193,PH097226000,3.7714285714285714,15.085714285714285
101,116.55010976289495,PH072207000,44.0,94.39999999999999
102,64.04171905460657,PH063004000,13.799999999999999,37.800000000000004
103,80.7584289232083,PH012803000,174.0,252.0
104,146.8400568931278,PH025003000,70.39999999999999,203.2
105,189.24612335128575,PH030802000,216.29999999999998,497.4
106,68.26396025273345,PH052001000,126.4,196.8
107,889.3517736724389,PH112501000,18.514285714285716,48.85714285714286
108,926.9655578263785,PH021506000,75.68,134.08
109,406.5418496268677,PH064502000,23.31428571428571,46.628571428571426
110,58.134052471104056,PH141102000,165.0,375.0
111,90.66052842877659,PH013304000,115.19999999999999,318.0
112,557.7091337160269,PH126501000,24.4,39.39999999999999
113,252.2878371146993,PH074604000,14.399999999999999,37.8
114,315.46071533041214,PH141103000,85.86666666666667,260.26666666666665
115,564.5451911839269,PH175304000,6.8999999999999995,10.6
116,86.06908999772666,PH153602000,20.4,48.599999999999994
117,21.490346709221463,PH031402000,208.20000000000002,362.4
118,221.3247152648984,PH072208000,29.28,69.12
119,196.26613934314875,PH082602000,40.5,83.7
120,186.12147111877547,PH082603000,43.885714285714286,84.68571428571428
121,62.093519818985804,PH013305000,115.19999999999999,294.59999999999997
122,56.35588134599001,PH063005000,12.8,31.200000000000003
123,57.937599907363285,PH051702000,66.0,109.2
124,93.06485654231018,PH041003000,105.60000000000001,256.8
125,632.0652927020903,PH143201000,96.68571428571428,170.57142857142858
126,155.02152002151436,PH054102000,39.36,70.56
127,99.57348459946692,PH037701000,93.20000000000002,162.00000000000003
128,24.60893672836797,PH041004000,69.6,196.8
129,118.2741203366216,PH060402000,13.919999999999998,32.64
130,58.8884564769616,PH104202000,9.600000000000001,18.6
131,391.2109406806095,PH097224000,5.699999999999999,16.2
132,104.61185430557386,PH071206000,27.0,78.60000000000001
133,39.38172582627746,PH153603000,8.399999999999999,35.4
134,165.7301164369709,PH104302000,14.057142857142855,46.285714285714285
135,67.72010854826318,PH104303000,27.839999999999996,66.72
136,45.78199374543324,PH031403000,194.39999999999998,364.79999999999995
137,129.40591046709685,PH021507000,55.99999999999999,105.99999999999999
138,64.74204410044352,PH103502000,10.8,28.799999999999997
139,209.5924585793136,PH054103000,30.240000000000002,61.68000000000001
140,68.3834599944158,PH015507000,139.8,374.40000000000003
141,207.69365203391723,PH036902000,192.0,507.9
142,229.85515305631634,PH025004000,111.77142857142856,243.0857142857143
143,55.127025090116106,PH063006000,8.16,37.44
144,192.22304095022224,PH142701000,72.68571428571428,214.2857142857143
145,225.96572553270107,PH112502000,62.400000000000006,94.97142857142859
146,25.118101314127937,PH012902000,141.60000000000002,238.80000000000004
147,64.47088230334019,PH060403000,12.8,28.0
148,203.22586981464224,PH126302000,14.399999999999999,27.3
149,35.25852766031611,PH013306000,112.80000000000001,268.79999999999995
150,119.16023362938124,PH140101000,185.59999999999997,242.39999999999998
151,115.12744266386404,PH012804000,84.96000000000001,216.48000000000002
152,182.18374653829184,PH015508000,402.4,746.3999999999999
153,285.15914153589756,PH124716000,26.700000000000003,64.5
154,91.19934179638747,PH012811000,135.0,221.39999999999998
155,214.7160497286827,PH112401000,12.0,33.25714285714285
156,345.36958587356315,PH175202000,40.0,85.2
157,75.191183135682,PH012903000,240.0,316.8
158,82.59319787249376,PH072209000,22.0,42.0
159,28.603591137508833,PH175902000,31.200000000000003,64.80000000000001
160,54.02886251562519,PH045803000,120.60000000000001,216.60000000000002
161,71.12656865162185,PH052002000,144.0,212.4
162,176.5214411394359,PH060602000,11.314285714285713,40.457142857142856
163,59.629024783746026,PH056202000,60.599999999999994,105.6
164,119.33011726864416,PH072210000,40.8,96.0
165,160.5656591193989,PH153818000,8.399999999999999,27.200000000000003
166,252.55829951877158,PH144401000,81.6,201.99999999999997
167,232.45151166922437,PH166801000,19.6,43.2
168,95.96692672540391,PH063007000,9.0,28.799999999999997
169,180.58541233019315,PH063008000,12.0,41.199999999999996
170,49.16607628137274,PH103503000,6.6000000000000005,16.8
171,85.30021630966947,PH083706000,50.400000000000006,82.80000000000001
172,167.982795772879,PH074605000,16.799999999999997,47.6
173,33.47595176857606,PH020901000,27.599999999999998,49.19999999999999
174,596.2986021958809,PH086002000,41.849999999999994,77.69999999999999
175,99.54540975592487,PH168501000,35.7,66.9
176,25.624737501026743,PH015509000,169.2,483.59999999999997
177,265.34977469465855,PH051601000,66.30000000000001,129.3
178,44.93512193650972,PH063009000,12.0,31.799999999999997
179,83.77706382974351,PH060404000,13.919999999999998,31.199999999999996
180,274.4363163381444,PH041005000,53.142857142857146,136.1142857142857
181,694.4594638269033,PH175305000,6.449999999999999,10.2
182,83.5972494461218,PH051703000,80.64000000000001,132.96
183,51.9544998902303,PH052003000,168.60000000000002,223.20000000000005
184,70.32183064619258,PH083707000,32.400000000000006,97.2
185,52.72089006561107,PH054104000,50.400000000000006,86.39999999999999
186,84.82190966081316,PH071207000,30.72,86.39999999999999
187,53.0090995810181,PH041006000,63.599999999999994,167.99999999999997
188,75.89626218018456,PH013307000,160.8,397.2
189,129.31669550553718,PH144402000,71.52,208.32000000000002
190,421.498505458759,PH101301000,15.92727272727273,38.836363636363636
191,41.43941433975941,PH015510000,151.2,455.40000000000003
192,38.38233413249748,PH043402000,71.2,168.0
193,53.84766374912114,PH166802000,18.0,43.8
194,136.90340340220231,PH015511000,150.71999999999997,478.0799999999999
195,21.447740042887983,PH153604000,7.800000000000001,27.6
196,265.06496339313486,PH097303000,21.25714285714286,30.85714285714286
197,142.55107209571142,PH025005000,79.68,214.56
198,29.810543765951863,PH060603000,10.8,30.0
199,176.67110587666315,PH023104000,46.0,119.19999999999999
200,130.56560696392077,PH144403000,84.0,209.40000000000003
201,27.07108884630919,PH071248000,40.2,126.6
202,158.77616556566892,PH071208000,38.0,102.4
203,61.76620814695082,PH087802000,39.599999999999994,58.199999999999996
204,184.72752188072184,PH064503000,28.799999999999997,51.9
205,56.564252870394604,PH015512000,175.8,398.4
206,53.976166257601186,PH045804000,136.8,236.8
207,156.41243203341887,PH074607000,20.64,51.35999999999999
208,57.1463468274332,PH063010000,15.600000000000001,43.8
209,15.146272979611688,PH153605000,8.399999999999999,27.6
210,63.822365842875286,PH015513000,268.20000000000005,562.2
211,0.6660273694670985,PH133902000,151.2,303.6
212,11.978273103497516,PH104304000,26.400000000000002,78.0
213,26.011613422604732,PH084802000,51.599999999999994,82.8
214,231.10725223765368,PH174001000,44.400000000000006,75.2
215,119.76753969934468,PH084803000,44.16,64.32000000000001
216,26.363708045292494,PH031404000,194.39999999999998,346.79999999999995
217,392.21980723469056,PH141104000,118.19999999999999,307.5
218,206.4799152062768,PH015514000,287.65714285714284,585.9428571428571
219,178.4131314627035,PH140102000,102.0,203.60000000000002
220,82.16638902495075,PH072212000,41.400000000000006,71.4
221,30.0859464482984,PH051704000,73.60000000000001,148.8
222,215.58075570621617,PH034902000,123.99999999999999,234.0
223,396.06530889845857,PH175203000,41.400000000000006,102.30000000000001
224,122.38568319785108,PH157002000,5.280000000000001,10.56
225,109.63781843101849,PH104203000,6.0,17.400000000000002
226,124.97397308975435,PH086402000,29.6,88.39999999999999
227,279.9793006209486,PH144404000,77.6,193.86666666666665
228,91.26765676428546,PH072213000,31.200000000000003,80.80000000000001
229,377.2506642226519,PH112503000,31.200000000000003,48.0
230,669.1028219978344,PH037101000,209.59999999999997,641.5999999999999
231,83.52290201540487,PH112323000,42.0,74.39999999999999
232,689.8094995052703,PH175306000,8.55,12.3
233,28.45809033273408,PH153633000,13.200000000000001,39.60000000000001
234,146.4371032520829,PH153606000,20.799999999999997,42.39999999999999
235,99.03506339098367,PH140103000,147.60000000000002,225.00000000000003
236,57.371909808330095,PH140104000,113.6,216.0
237,171.22265742340537,PH045605000,48.300000000000004,110.40000000000002
238,112.43353423963357,PH067901000,16.200000000000003,34.2
239,109.0999959801736,PH071209000,29.82857142857143,81.25714285714285
240,436.8061110537552,PH160201000,35.46666666666667,70.13333333333333
241,76.65872534429356,PH174002000,39.36,63.36
242,178.8160672804912,PH015515000,326.4,670.2857142857142
243,174.08353754600665,PH060604000,10.62857142857143,40.457142857142856
244,128.7752769553405,PH021508000,99.20000000000002,156.4
245,176.47618912860622,PH141105000,72.48,252.95999999999998
246,204.34571097699185,PH051705000,92.0,164.8
247,164.57365127402431,PH051706000,87.20000000000002,162.0
248,72.37325411447856,PH031405000,201.60000000000002,364.80000000000007
249,352.8172308939589,PH175204000,32.266666666666666,86.13333333333333
250,199.75497001771248,PH056203000,57.12,97.91999999999999
251,380.13520656109955,PH153802000,7.919999999999999,31.2
252,57.81469747811621,PH153803000,21.0,42.0
253,88.60123539281345,PH056204000,60.96,106.55999999999999
254,328.3208045413748,PH153637000,16.457142857142856,52.114285714285714
255,464.98353818405997,PH160302000,32.400000000000006,51.300000000000004
256,310.4583561961393,PH083710000,31.200000000000003,76.45714285714286
257,264.8938312616604,PH045606000,36.480000000000004,95.76
258,137.2032584338791,PH012806000,106.4,218.0
259,50.974877608060204,PH012904000,156.60000000000002,249.6
260,36.49203640392553,PH013308000,138.4,348.0
261,115.48670664919848,PH015516000,447.2,856.4
262,77.25165835609987,PH023105000,54.0,139.2
263,16.77377968426823,PH166704000,33.599999999999994,72.0
264,69.13132692244928,PH060405000,22.08,60.96
265,39.88208398959922,PH031406000,207.2,357.6
266,405.3139019156886,PH175307000,16.457142857142856,42.51428571428571
267,470.16087957946087,PH153607000,7.466666666666667,26.933333333333334
268,649.9572407872492,PH160202000,38.400000000000006,66.34285714285716
269,153.2856257560469,PH098302000,8.399999999999999,19.2
270,46.784410161048854,PH013309000,186.0,414.0
271,307.6014055964899,PH023106000,37.2,104.64
272,189.2971575438131,PH034903000,209.76,385.44
273,206.1854673686526,PH037102000,239.59999999999997,672.8
274,307.0611743070822,PH101322000,14.700000000000001,29.700000000000003
275,189.0514923160641,PH025702000,48.4,170.8
276,63.90732933461516,PH023107000,59.2,180.0
277,103.93019720490207,PH063012000,10.8,35.400000000000006
278,112.33460316223102,PH034904000,196.32,425.76000000000005
279,58.99084631852304,PH087803000,42.599999999999994,61.8
280,112.32300946531687,PH012905000,211.79999999999998,265.2
281,37.196588771101325,PH051707000,74.4,134.4
282,47.37999977714825,PH043404000,107.2,241.60000000000002
283,526.1604135392147,PH064504000,20.199999999999996,43.599999999999994
284,506.61515893492356,PH104305000,24.553846153846152,45.04615384615384
285,12.308998248378819,PH175308000,6.24,12.0
286,198.5997437759937,PH168502000,37.6,63.599999999999994
287,78.44522613528943,PH166804000,18.0,45.0
288,77.4922883211534,PH087804000,42.599999999999994,64.19999999999999
289,20.97831746589547,PH045805000,172.8,284.0
290,127.39633271919224,PH175903000,34.4,72.8
291,151.29474054952323,PH051708000,74.8,150.79999999999998
292,114.92579484219898,PH041007000,93.6,237.0
293,64.03234874132639,PH104204000,7.199999999999999,18.0
294,1363.7247481604252,PH148101000,69.94285714285714,194.28571428571428
295,67.36284486794429,PH153632000,20.4,39.0
296,70.67432886935214,PH071210000,31.200000000000003,69.0
297,47.4928710854369,PH015517000,208.79999999999998,486.0
298,106.32696431093147,PH041008000,78.0,206.4
299,287.4704881045215,PH064505000,22.666666666666664,56.26666666666666
300,38.00783026357107,PH175904000,24.599999999999998,69.6
301,312.3224400282593,PH045607000,58.25454545454545,120.43636363636364
302,74.96944636058448,PH043406000,73.44,174.72
303,502.57348934526624,PH021509000,17.82857142857143,42.285714285714285
304,875.9020028256062,PH086003000,46.58823529411764,70.87058823529411
305,196.03824065230253,PH086004000,45.120000000000005,80.16
306,134.61938879845053,PH063013000,15.600000000000001,46.80000000000001
307,298.9729074984767,PH175102000,42.400000000000006,91.60000000000002
308,53.24913774065693,PH137501000,148.8,288.00000000000006
309,89.38248428492624,PH083713000,34.08,51.36
310,46.830108692662876,PH031407000,231.60000000000002,401.40000000000003
311,138.42399139674347,PH060605000,22.971428571428568,53.31428571428571
312,89.17427150443208,PH021510000,79.80000000000001,142.8
313,131.59414072462653,PH050502000,76.32000000000001,134.40000000000003
314,6.162839152161362,PH051709000,76.80000000000001,151.20000000000002
315,131.5370195914345,PH036903000,128.39999999999998,496.2
316,239.327035770208,PH082605000,45.599999999999994,90.93333333333334
317,41.948930804489635,PH051710000,71.2,149.6
318,208.11368288533623,PH035405000,199.8857142857143,409.3714285714286
319,424.6437017878504,PH037103000,149.10000000000002,642.6
320,136.74236663543743,PH045608000,55.199999999999996,143.04000000000002
321,92.7588791083339,PH071211000,65.28,114.72
322,295.1521552829028,PH064506000,13.714285714285714,27.428571428571427
323,147.40230517104646,PH074608000,24.96,56.160000000000004
324,203.1017439443607,PH166805000,25.679999999999996,53.03999999999999
325,17.535807608790115,PH012907000,255.2,360.8
326,253.97794966508042,PH051602000,60.96,110.40000000000002
327,446.9550987795567,PH036904000,169.0,517.0
328,110.52135925531717,PH083714000,37.92,75.36000000000001
329,34.02541828241238,PH084804000,39.599999999999994,68.39999999999999
330,572.4113161933857,PH112504000,16.06153846153846,52.61538461538461
331,273.51259764193065,PH051711000,120.48000000000002,185.52
332,281.4631812819353,PH052004000,128.39999999999998,191.69999999999996
333,173.13487507834756,PH012807000,73.71428571428572,212.57142857142856
334,24.231451799321395,PH045806000,123.20000000000002,215.20000000000002
335,88.35001678962686,PH083715000,43.2,77.28
336,103.20555938793441,PH063014000,20.266666666666666,40.26666666666666
337,209.33992530789035,PH071212000,30.4,80.4
338,86.38230748443556,PH072215000,27.599999999999998,81.6
339,145.9298859318335,PH112303000,27.360000000000003,65.28
340,590.9403880389048,PH124702000,11.52,36.959999999999994
341,129.16627056623852,PH160204000,26.400000000000002,61.8
342,158.42896453610697,PH166806000,24.800000000000004,52.800000000000004
343,24.126172209095163,PH042104000,118.80000000000001,254.39999999999998
344,734.707236320827,PH034905000,123.13846153846153,292.4307692307692
345,244.05347765045397,PH166807000,24.0,48.8
346,419.88495827756924,PH037702000,56.123076923076916,113.53846153846153
347,87.74157554280315,PH056205000,66.0,111.00000000000001
348,195.02983811672715,PH056206000,72.4,120.4
349,104.23099734666529,PH037104000,251.52,555.3600000000001
350,185.54171169506333,PH054105000,43.2,64.45714285714287
351,253.17882412842445,PH045610000,52.199999999999996,114.00000000000001
352,303.0421400246013,PH084805000,46.62857142857142,66.85714285714285
353,73.75685160609433,PH101801000,32.0,66.39999999999999
354,453.6731740690937,PH112505000,19.200000000000003,41.01818181818182
355,108.3037000468279,PH071213000,26.879999999999995,75.36
356,110.5328397416681,PH072216000,27.599999999999998,79.2
357,242.15355726162966,PH084806000,52.800000000000004,83.4
358,469.3594498634886,PH064507000,18.133333333333333,33.06666666666666
359,116.02703915495226,PH043407000,59.400000000000006,148.20000000000002
360,11.881650537582031,PH042105000,180.0,353.76
361,268.5132348660665,PH054106000,39.2,57.33333333333334
362,290.73628977689555,PH072217000,28.799999999999997,71.1
363,243.15337621774916,PH012908000,82.80000000000001,222.0
364,162.07028480382726,PH015503000,339.6,716.8
365,263.3770634754515,PH045802000,142.28571428571428,247.54285714285712
366,89.67590469296391,PH030803000,231.60000000000002,498.0
367,158.2523919819766,PH012805000,134.79999999999998,226.79999999999998
368,699.0900250289769,PH074606000,14.399999999999999,41.48571428571428
369,377.8854856996582,PH083708000,38.879999999999995,88.56
370,477.06561170701696,PH160301000,11.760000000000002,29.76
371,37.59739940457672,PH043403000,118.80000000000001,254.39999999999998
372,414.7976890569583,PH166803000,20.29090909090909,44.72727272727272
373,95.30972658437987,PH072211000,25.200000000000003,51.6
374,632.5165567266914,PH082604000,48.31999999999999,95.03999999999999
375,335.64140379792644,PH160203000,28.200000000000003,54.60000000000001
376,139.34913483984462,PH043405000,94.0,216.4
377,185.4476276423827,PH175205000,55.60000000000001,95.20000000000002
378,77.65266442309928,PH012906000,193.79999999999998,288.59999999999997
379,98.7868227998807,PH072214000,31.799999999999997,76.2
380,169.45184623957064,PH086005000,47.56363636363636,73.09090909090908
381,336.54565408853904,PH023108000,59.2,158.13333333333333
382,90.14002233658476,PH042106000,159.0,283.2
383,265.84970448044277,PH112403000,12.0,34.4
384,85.1115935181952,PH104307000,13.200000000000001,24.6
385,192.14394179557806,PH064509000,26.400000000000002,62.88000000000001
386,172.2159724754798,PH034908000,200.39999999999998,358.4
387,87.50476669445608,PH042108000,166.39999999999998,310.79999999999995
388,374.72901955715486,PH074611000,29.04,67.67999999999999
389,363.20681262170956,PH064510000,25.6,50.4
390,219.7620403399553,PH099701000,4.800000000000001,12.000000000000002
391,658.7384782898592,PH064515000,15.692307692307693,39.323076923076925
392,290.4957172039455,PH124704000,11.280000000000001,30.48
393,273.8529494081734,PH126306000,14.057142857142855,27.428571428571427
394,248.4871886446603,PH150702000,2.4000000000000004,8.4
395,32.75385617014781,PH137601000,148.0,280.0
396,246.8936990582002,PH050508000,74.66666666666667,134.40000000000003
397,204.49433485309055,PH086407000,34.08,101.75999999999999
398,24.97153287092441,PH137602000,168.0,300.0
399,15.772894432033192,PH137502000,144.8,301.6
400,1004.668898124562,PH101312000,12.757894736842104,34.3578947368421
401,70.87734201429875,PH031410000,217.20000000000002,402.0
402,11.31744367512736,PH137401000,153.60000000000002,279.6
403,22.93668938560515,PH137402000,140.39999999999998,259.2
404,200.67671584805348,PH054111000,37.6,63.2
405,709.3740484102932,PH112509000,11.269565217391307,28.800000000000004
406,31.79485483874719,PH031412000,181.60000000000002,336.80000000000007
407,39.18440242236182,PH137603000,136.8,270.0
408,97.09818075885276,PH072234000,28.799999999999997,65.6
409,10.53956759543466,PH137503000,144.0,318.0
410,252.41972259082016,PH112315000,23.4,52.79999999999999
411,44.8430998184344,PH137604000,162.60000000000002,292.20000000000005
412,31.312129353823966,PH137403000,166.2,280.2
413,240.5830363873964,PH063035000,16.200000000000003,43.800000000000004
414,99.00612108508518,PH013314000,126.0,347.20000000000005
415,70.16230196533525,PH035416000,207.0,440.40000000000003
416,107.88404709988203,PH031420000,159.0,291.0
417,5.780010977699096,PH137405000,153.60000000000002,279.6
418,24.06652788795164,PH043425000,129.60000000000002,271.20000000000005
419,56.18543780277454,PH043428000,115.19999999999999,243.59999999999997
420,151.78405484418937,PH023135000,70.19999999999999,203.7
421,327.2333013139551,PH064527000,15.733333333333334,30.666666666666664
422,281.3391663853714,PH056216000,87.46666666666667,138.66666666666666
423,118.41695857496757,PH050517000,92.57142857142856,161.4857142857143
424,689.7678086796055,PH143213000,63.942857142857136,129.77142857142857
425,146.5639338029033,PH126511000,21.6,38.0
426,184.33717473392102,PH112319000,25.200000000000003,64.0
427,193.32913803191633,PH064528000,21.942857142857143,44.57142857142857
428,42.08554826527923,PH072250000,27.0,61.199999999999996
429,112.10530482836693,PH041031000,85.19999999999999,209.39999999999998
430,181.50449698071333,PH166819000,22.4,50.39999999999999
431,228.23708949543516,PH074621000,18.6,37.199999999999996
432,262.69471513722164,PH036916000,142.0,485.6
433,224.8669884235322,PH045647000,57.942857142857136,122.74285714285713
434,95.6307739744678,PH015546000,179.51999999999998,426.24
435,668.1382156309714,PH101321000,11.04,31.999999999999996
436,46.57006333938752,PH137504000,151.8,300.6
437,105.67915120315631,PH064531000,17.485714285714284,40.45714285714285
438,24.485368504232255,PH012934000,243.60000000000002,346.8
439,45.402116335059425,PH071214000,26.400000000000002,66.0
440,78.06200355073055,PH104205000,8.399999999999999,15.6
441,286.7250597623918,PH166706000,26.05714285714286,49.37142857142858
442,128.96876762508865,PH021511000,79.68,209.28
443,170.77058720213543,PH054107000,37.2,71.4
444,622.2224944190938,PH104306000,12.75,39.75
445,302.40286398637005,PH126502000,16.457142857142856,37.714285714285715
446,47.4019900053414,PH072218000,30.4,82.4
447,356.7300665057769,PH118201000,18.0,38.7
448,213.25794860608616,PH036905000,190.0,475.59999999999997
449,85.80302826969549,PH063015000,15.899999999999999,42.0
450,47.83849969980548,PH104206000,9.0,21.6
451,20.38790685131002,PH175905000,40.2,61.8
452,704.188858293253,PH148102000,109.1076923076923,168.3692307692308
453,37.930842617540804,PH072219000,31.200000000000003,75.60000000000001
454,20.461546085304715,PH175906000,25.200000000000003,73.2
455,224.50452915449253,PH023109000,76.11428571428573,214.62857142857143
456,9.191068786841903,PH072220000,32.8,83.19999999999999
457,34.74050363884114,PH071215000,32.8,88.0
458,695.4872817954509,PH175309000,19.968000000000004,44.352000000000004
459,33.23498887101067,PH071216000,30.599999999999998,79.19999999999999
460,120.40786061418142,PH166808000,32.400000000000006,67.2
461,86.0778909942705,PH129804000,28.799999999999997,57.599999999999994
462,105.44433943471644,PH061901000,15.839999999999998,58.080000000000005
463,30.275679537775076,PH041009000,68.4,186.0
464,84.67771415348594,PH087805000,42.599999999999994,64.19999999999999
465,196.83240646351064,PH060606000,18.96,43.2
466,432.9721333385236,PH175322000,8.2,18.0
467,33.4637196521173,PH012808000,135.0,226.8
468,178.4792007240064,PH034906000,127.80000000000001,381.6
469,42.81256292350567,PH175310000,11.55,24.900000000000002
470,91.6841907414021,PH072221000,28.200000000000003,43.50000000000001
471,50.19107069500938,PH051603000,60.599999999999994,112.19999999999999
472,124.59920528055517,PH083717000,34.2,68.39999999999999
473,92.47154698797306,PH071217000,37.92,85.92000000000002
474,93.24395752990443,PH140105000,97.6,196.8
475,43.244800688093626,PH015518000,205.20000000000002,512.4
476,143.1849015920593,PH072222000,34.8,66.60000000000001
477,172.5662439455321,PH101302000,17.759999999999998,54.72
478,109.04034669949439,PH071218000,27.0,74.4
479,168.3901319379167,PH072223000,28.200000000000003,78.9
480,73.34089345208224,PH101303000,12.600000000000001,42.0
481,176.61859709596985,PH140106000,174.40000000000003,232.00000000000003
482,74.73398007014717,PH061902000,34.2,78.0
483,84.18666390908609,PH166707000,36.4,70.4
484,220.09562407343648,PH097201000,11.127272727272729,24.43636363636364
485,123.96473548530327,PH050503000,81.20000000000002,139.60000000000002
486,104.30041635893961,PH086006000,47.040000000000006,72.00000000000001
487,177.92412143910803,PH015519000,457.8666666666666,863.4666666666666
488,105.95254901616188,PH153828000,12.0,38.4
489,33.374353118460135,PH153831000,9.0,30.6
490,274.8466660139909,PH153830000,32.0,68.26666666666667
491,49.1179293842135,PH153835000,12.0,34.800000000000004
492,387.8714526881707,PH153807000,16.53333333333333,47.46666666666667
493,143.69014871409001,PH153805000,15.839999999999998,35.03999999999999
494,55.78403155382327,PH153806000,9.600000000000001,34.4
495,29.38789370137174,PH153836000,9.0,34.800000000000004
496,40.56688332989275,PH153826000,9.600000000000001,31.2
497,58.83482391422902,PH153827000,9.600000000000001,33.0
498,80.71351285652852,PH074609000,22.560000000000002,39.36
499,44.09858996276715,PH071219000,46.2,87.60000000000001
500,2343.6973941241777,PH112402000,21.36774193548387,51.483870967741936
501,148.22286420423973,PH166708000,37.5,72.3
502,213.52447513452964,PH051712000,56.699999999999996,117.3
503,177.8283395398077,PH023118000,42.0,107.19999999999999
504,210.6577612292825,PH025006000,75.35999999999999,207.35999999999999
505,287.8230160767937,PH025703000,67.19999999999999,202.5
506,495.2030066755585,PH037703000,44.16,107.51999999999998
507,80.85280149213484,PH054108000,48.0,78.39999999999999
508,110.09652105602358,PH097305000,16.200000000000003,24.6
509,54.358793272911015,PH071220000,42.0,103.2
510,27.995291843633478,PH168503000,36.0,68.4
511,326.1971595428501,PH037704000,56.88,114.72
512,75.59261515480897,PH030804000,286.4,573.5999999999999
513,952.4565762653896,PH023110000,33.09473684210526,97.89473684210526
514,166.3084567516767,PH097306000,10.0,15.600000000000001
515,354.35266259399754,PH037705000,108.48000000000002,186.72000000000003
516,98.41315067859924,PH063016000,9.600000000000001,34.800000000000004
517,108.43446505817295,PH012809000,110.88,222.24
518,400.5579638838188,PH037706000,63.05454545454546,116.94545454545455
519,124.10702367126179,PH098303000,9.600000000000001,19.200000000000003
520,118.4781760065494,PH097202000,9.120000000000001,21.6
521,18.47355401780336,PH153624000,14.399999999999999,40.8
522,528.1972647498822,PH023111000,39.05454545454546,108.00000000000001
523,65.9641751207393,PH045615000,58.800000000000004,151.2
524,310.07870529873543,PH082606000,49.028571428571425,96.68571428571428
525,44.657031317498074,PH140107000,102.0,153.60000000000002
526,216.7531794821917,PH101304000,9.600000000000001,37.599999999999994
527,365.0467136604526,PH118601000,11.760000000000002,29.28
528,281.45408538763417,PH104217000,8.0,20.0
529,991.5730177419202,PH031424000,159.36,281.6
530,153.100954558255,PH056207000,60.0,109.02857142857142
531,92.01639602274325,PH063017000,14.399999999999999,40.2
532,64.84731174871898,PH071221000,41.400000000000006,93.60000000000001
533,78.1663598257484,PH083718000,31.799999999999997,70.19999999999999
534,34.28139156561327,PH074610000,34.8,54.0
535,91.71912098802987,PH061903000,10.8,46.2
536,127.0174069079451,PH097307000,5.4,18.0
537,66.77981602638206,PH012810000,70.39999999999999,201.6
538,118.9623761548221,PH063018000,12.600000000000001,31.2
539,85.851131701137,PH072224000,42.0,105.0
540,527.4942072394416,PH175311000,11.52,22.56
541,222.00291971642193,PH061904000,16.457142857142856,52.114285714285714
542,303.4991784766141,PH097308000,7.5,23.7
543,298.0997752952016,PH025007000,75.70909090909092,182.4
544,412.33886110570296,PH025008000,88.4,212.4
545,443.6915123216206,PH023112000,56.07272727272728,164.50909090909093
546,563.6548798361825,PH175312000,7.199999999999999,8.752941176470587
547,152.41558840364237,PH021512000,51.35999999999999,120.95999999999998
548,138.81670048320672,PH064508000,15.299999999999999,40.8
549,26.27963933730015,PH076101000,31.200000000000003,60.00000000000001
550,2.4941358267839604,PH133908000,175.2,309.6
551,70.27638459269804,PH054109000,40.8,60.599999999999994
552,223.1467898722413,PH126503000,15.899999999999999,36.9
553,1331.9032433342772,PH160303000,12.104347826086956,36.83478260869565
554,28.73796382064844,PH063019000,14.399999999999999,28.799999999999997
555,33.40559276842819,PH043408000,74.4,153.60000000000002
556,34.67086989558448,PH175916000,31.200000000000003,64.80000000000001
557,243.71335883230685,PH148103000,78.80000000000001,121.2
558,135.00423582582908,PH035406000,240.0,504.0
559,367.51884781593617,PH034907000,133.06666666666666,224.5333333333333
560,15.897106094088803,PH051713000,75.6,153.6
561,34.15161245805477,PH012909000,193.79999999999998,288.59999999999997
562,84.68347226364106,PH084807000,48.96,82.08
563,96.6001490070994,PH023113000,51.0,136.2
564,21.419164855463656,PH153609000,12.600000000000001,30.6
565,304.65292747932546,PH086007000,47.2,71.73333333333335
566,244.83418713566596,PH051714000,107.76,170.88
567,96.46778600698653,PH071222000,42.24000000000001,94.08000000000001
568,99.32640693044748,PH174003000,44.400000000000006,67.2
569,638.6947980467041,PH021513000,97.12,145.28
570,8.724214885685617,PH042123000,159.0,283.2
571,140.32541972673823,PH153819000,17.759999999999998,45.120000000000005
572,40.68813083681898,PH042107000,130.8,297.0
573,100.00206698669574,PH045616000,52.800000000000004,116.16
574,47.04989228158516,PH166710000,34.08,69.6
575,183.17604263678172,PH082607000,41.599999999999994,87.99999999999999
576,108.42850160969954,PH034909000,160.8,301.44000000000005
577,1321.8334428296944,PH045617000,91.65714285714284,180.45714285714286
578,521.4156135391073,PH126303000,14.2,28.6
579,563.2210767000859,PH034910000,153.7846153846154,260.86153846153843
580,122.45745667033837,PH036906000,124.80000000000001,462.80000000000007
581,94.03983067484245,PH071226000,34.0,93.19999999999999
582,141.47778770720157,PH166711000,32.0,54.4
583,106.03393638665696,PH052005000,146.88,212.64
584,50.27594502675823,PH072225000,43.2,78.00000000000001
585,578.3576149302464,PH104308000,17.236363636363635,41.018181818181816
586,93.23892402836636,PH082608000,37.92,81.60000000000001
587,39.44740752953678,PH104309000,9.600000000000001,20.4
588,709.3077451914179,PH128002000,22.65,35.85
589,256.0879370895754,PH175206000,43.2,81.2
590,185.97250465360605,PH051715000,92.4,164.70000000000002
591,237.37509416651162,PH097225000,4.3999999999999995,17.6
592,527.1515425967755,PH021514000,75.87692307692308,127.75384615384617
593,297.9553101406568,PH112506000,12.899999999999999,30.599999999999994
594,54.12174143573,PH012910000,114.0,224.39999999999998
595,44.87882239047827,PH035407000,231.60000000000002,471.00000000000006
596,103.46199043254049,PH056208000,77.28,123.84000000000002
597,22.328398183533448,PH031408000,230.39999999999998,368.4
598,215.48831715259706,PH034911000,142.62857142857143,388.1142857142857
599,43.26332313640551,PH063020000,8.399999999999999,24.0
600,225.56529585907256,PH045618000,53.75999999999999,108.71999999999998
601,97.85363697073689,PH071223000,60.4,110.80000000000001
602,113.26402222883654,PH153825000,9.600000000000001,32.64
603,175.4503418816949,PH050504000,76.0,136.40000000000003
604,30.07936328336033,PH101802000,28.799999999999997,62.39999999999999
605,96.81340729126747,PH097343000,6.4,18.4
606,176.67371318425634,PH082609000,32.30769230769231,81.23076923076923
607,185.1681594408751,PH045619000,52.11428571428572,109.02857142857142
608,398.41122215848253,PH097223000,5.866666666666667,19.200000000000003
609,63.22004242901848,PH150710000,7.6,20.799999999999997
610,53.56727120665898,PH150712000,1.7999999999999998,5.1
611,30.294036508331374,PH156606000,6.171428571428573,7.885714285714287
612,83.45037353923462,PH031409000,202.20000000000002,410.4
613,121.56053916345601,PH112404000,10.8,34.800000000000004
614,135.51159084819218,PH060608000,6.4,23.6
615,149.11647010369043,PH030805000,269.76,526.56
616,49.52954368644245,PH082610000,37.8,90.60000000000001
617,193.57567271416187,PH083719000,31.200000000000003,90.85714285714285
618,400.7126531172457,PH086008000,46.8,90.29999999999998
619,323.98532604665763,PH166809000,14.133333333333333,35.2
620,46.29819798864751,PH083720000,32.64,90.72000000000001
621,57.25870001740672,PH142709000,72.0,227.99999999999997
622,152.59556212341883,PH064511000,25.200000000000003,41.400000000000006
623,401.7401884054999,PH064512000,11.100000000000001,31.200000000000003
624,168.08754858613477,PH086403000,40.5,86.4
625,41.52381103593604,PH086404000,48.0,86.39999999999999
626,241.5336593191669,PH142702000,72.0,221.39999999999998
627,140.58799511008365,PH037105000,175.68,691.2
628,70.33374672427311,PH041010000,58.199999999999996,159.0
629,148.52524990718294,PH060406000,18.17142857142857,48.0
630,131.46114578016994,PH063021000,8.799999999999999,26.0
631,78.15698088555574,PH021515000,51.0,128.39999999999998
632,961.9046583866754,PH023114000,32.53333333333333,105.86666666666666
633,532.0643631502882,PH103504000,16.799999999999997,35.26153846153846
634,293.8038319681889,PH064513000,15.92727272727273,38.836363636363636
635,72.63026221449867,PH063022000,12.0,30.6
636,84.5723216459032,PH098304000,5.4,15.0
637,955.1756812593188,PH101305000,13.411764705882353,38.400000000000006
638,50.39909148221851,PH042109000,176.0,309.6
639,108.05432138210635,PH071224000,25.92,67.2
640,103.17230228744617,PH156601000,8.399999999999999,16.8
641,89.04781122438699,PH042110000,150.0,280.79999999999995
642,192.98779712409777,PH015520000,409.37142857142857,775.8857142857142
643,172.22384101928623,PH045620000,65.06666666666666,146.93333333333334
644,91.05049578392075,PH104310000,9.600000000000001,21.6
645,122.26384796255098,PH083721000,30.240000000000002,84.96000000000001
646,1.1829992936014166,PH133909000,175.2,309.6
647,158.05539948960396,PH098305000,6.0,18.4
648,139.05341855995715,PH051716000,98.00000000000001,170.4
649,134.30888199699578,PH056209000,58.800000000000004,104.0
650,64.89276905426155,PH083722000,37.6,76.8
651,191.28941464527924,PH064514000,29.199999999999996,59.99999999999999
652,279.78502168152886,PH112317000,29.14285714285714,56.22857142857143
653,523.0504978896878,PH126504000,20.509090909090908,40.36363636363636
654,89.27930104751204,PH020902000,40.60000000000001,55.60000000000001
655,438.4555695535339,PH141106000,153.86666666666667,352.53333333333336
656,14.6975981413552,PH020903000,27.599999999999998,48.0
657,57.861191646864825,PH061905000,27.0,65.4
658,272.15112372403394,PH160205000,21.06666666666667,44.0
659,98.14393379748549,PH034912000,213.0,427.8
660,96.7137702796926,PH071225000,36.599999999999994,83.39999999999999
661,43.67884398382618,PH045807000,76.80000000000001,170.4
662,471.36424374908074,PH061906000,12.24,40.32000000000001
663,182.72737213856942,PH063023000,13.439999999999998,37.92
664,187.203178055526,PH083723000,40.8,74.05714285714285
665,64.83923713584618,PH104311000,17.4,46.8
666,177.54648276039327,PH083724000,44.57142857142857,88.45714285714286
667,121.67742661665396,PH086009000,45.120000000000005,73.92
668,154.644632511859,PH074612000,37.2,81.2
669,84.31769661747776,PH104207000,15.2,27.200000000000003
670,116.39062908743527,PH082611000,51.599999999999994,87.0
671,3.0029187732803426,PH156602000,7.199999999999999,12.0
672,51.82671086892209,PH045621000,29.400000000000002,80.4
673,464.9760595265491,PH023115000,46.60000000000001,154.0
674,103.97296408162077,PH067902000,18.0,42.60000000000001
675,688.6413015433923,PH118602000,21.25714285714286,37.2
676,133.93795523103205,PH097222000,8.16,27.84
677,176.1785834459779,PH051605000,60.34285714285714,101.82857142857144
678,52.07825216519918,PH097337000,7.199999999999999,19.2
679,80.52863108384251,PH050505000,65.6,117.6
680,122.28006127313786,PH056210000,62.400000000000006,107.52000000000001
681,35.93892359646381,PH083725000,27.599999999999998,62.4
682,255.56897680799415,PH124703000,9.600000000000001,28.000000000000004
683,320.544106316412,PH098306000,5.4,16.8
684,190.27476545090104,PH141107000,84.4,266.40000000000003
685,989.8221117617841,PH148104000,92.93333333333334,175.4666666666667
686,87.58642216152502,PH153814000,13.200000000000001,31.200000000000003
687,166.90764767909323,PH101306000,34.5,70.8
688,474.949670103577,PH126505000,63.2,92.39999999999999
689,248.64164969717797,PH097227000,4.457142857142857,22.62857142857143
690,53.57630043233766,PH043409000,58.39999999999999,143.20000000000002
691,0.4085894320556446,PH175321000,2.4000000000000004,2.4000000000000004
692,40.15033386796237,PH060407000,15.2,33.6
693,217.69905596514775,PH101307000,16.200000000000003,60.60000000000001
694,65.75313838404098,PH156603000,8.399999999999999,16.799999999999997
695,232.89448609831416,PH083726000,35.099999999999994,76.5
696,81.86326712948694,PH153610000,22.799999999999997,39.0
697,776.2532905865964,PH112305000,37.333333333333336,72.53333333333333
698,181.1208278014767,PH141108000,115.19999999999999,325.79999999999995
699,134.5286777550067,PH103505000,6.719999999999999,17.76
700,87.58612842084443,PH153639000,15.0,38.4
701,616.4087851116935,PH025009000,58.153846153846146,161.53846153846155
702,232.63568882395464,PH097203000,7.542857142857143,22.971428571428568
703,70.37835814862679,PH103507000,8.799999999999999,23.200000000000003
704,70.18539753827791,PH087806000,39.0,61.800000000000004
705,15.966285000452569,PH042111000,168.0,302.4
706,517.7300357519566,PH025010000,124.80000000000001,293.40000000000003
707,428.8531821123979,PH128003000,22.690909090909095,40.581818181818186
708,119.15898958831156,PH142703000,69.6,230.4
709,174.33343523619365,PH101308000,16.32,53.28
710,315.2918375525006,PH112406000,13.371428571428572,36.34285714285714
711,167.23375716379553,PH141109000,98.79999999999998,299.2
712,44.27796677395177,PH104312000,27.599999999999998,74.4
713,386.92706506279177,PH101309000,18.400000000000002,45.00000000000001
714,143.7803150770004,PH160206000,22.0,43.6
715,66.54738800206759,PH103508000,9.0,18.0
716,134.1034718803537,PH097311000,11.599999999999998,26.799999999999997
717,126.97747085266265,PH064516000,23.6,44.00000000000001
718,215.66352877642896,PH064517000,23.65714285714286,48.0
719,151.36162182970824,PH074613000,28.799999999999997,78.39999999999999
720,54.8128714238487,PH097204000,6.4,16.8
721,115.78206703686004,PH036907000,170.8,457.6
722,94.92434142421833,PH083728000,28.799999999999997,70.19999999999999
723,52.66121315263853,PH140108000,117.12,185.76000000000002
724,972.2878289578506,PH160304000,14.021052631578948,38.021052631578954
725,70.47881318467425,PH141110000,136.0,348.79999999999995
726,709.6597579486845,PH118202000,25.47692307692308,58.52307692307693
727,159.9030824770101,PH097312000,9.600000000000001,24.000000000000004
728,159.43163632254198,PH097205000,5.485714285714286,17.82857142857143
729,628.22362068445,PH051606000,56.22857142857142,100.8
730,103.19451633316307,PH015521000,344.4,716.4
731,248.1074639570515,PH140109000,108.0,177.6
732,90.87312757899554,PH140110000,95.03999999999999,179.52
733,229.01575318291555,PH142704000,71.1,214.2
734,132.97245034525616,PH140111000,109.80000000000001,214.8
735,47.37551052026343,PH104313000,16.799999999999997,53.28
736,383.9587450759893,PH051717000,100.11428571428573,162.8571428571429
737,36.55506358867961,PH104314000,8.399999999999999,19.199999999999996
738,850.3251479170136,PH126319000,21.784615384615385,29.90769230769231
739,203.08214394095387,PH097333000,23.1,33.6
740,641.2586917349739,PH021516000,102.0,148.8
741,122.74627390852979,PH103509000,6.4,16.799999999999997
742,188.8795430627572,PH126508000,12.8,37.2
743,405.3869612925055,PH063025000,14.933333333333334,45.86666666666667
744,150.37523427458237,PH142705000,72.6,210.6
745,89.79443654358069,PH140112000,214.79999999999998,272.4
746,231.3103004609102,PH157009000,24.0,35.25
747,355.91060929120647,PH101310000,12.266666666666666,29.866666666666667
748,149.60866473585176,PH150703000,4.0,12.0
749,317.94423463546644,PH166810000,26.879999999999995,56.4
750,41.62641431556999,PH015548000,178.8,430.80000000000007
751,110.14697461107087,PH012812000,124.19999999999999,213.0
752,205.93668913634832,PH084808000,61.199999999999996,89.60000000000001
753,48.366983740083185,PH084809000,50.400000000000006,87.6
754,67.29993908654781,PH072226000,37.92,87.36000000000001
755,156.2734834254968,PH097313000,11.52,22.560000000000002
756,41.05604610826648,PH076102000,30.240000000000002,54.24
757,282.07937382831125,PH084810000,56.400000000000006,85.20000000000002
758,192.73086145876073,PH160207000,13.714285714285714,40.800000000000004
759,206.9211451851005,PH021517000,78.17142857142858,114.17142857142858
760,159.76824357558536,PH060609000,11.599999999999998,40.4
761,156.27439204917943,PH034913000,144.48000000000002,255.36
762,74.01392042592501,PH041011000,80.4,213.6
763,103.49991050234772,PH084811000,51.2,82.39999999999999
764,145.72648722433095,PH082612000,42.24000000000001,83.52000000000001
765,70.42463789100762,PH076103000,28.200000000000003,50.400000000000006
766,465.55915437793453,PH126506000,33.33333333333333,61.066666666666656
767,31.5171244367055,PH063026000,10.8,30.600000000000005
768,157.73051892294248,PH050506000,81.20000000000002,137.60000000000005
769,72.14727370781382,PH041012000,94.0,214.8
770,149.38229570430545,PH063027000,16.799999999999997,43.68
771,139.03373036933198,PH063028000,12.0,33.6
772,180.61935706795643,PH083729000,36.4,73.2
773,19.8130929130986,PH060408000,16.799999999999997,35.2
774,83.47612784131617,PH041013000,128.39999999999998,301.2
775,313.9449804705434,PH166811000,11.7,33.6
776,177.48641248223166,PH060409000,10.971428571428572,31.885714285714286
777,105.4212653851677,PH086405000,35.400000000000006,88.2
778,95.03899233077817,PH060610000,21.200000000000003,58.0
779,35.95777478880107,PH104315000,10.2,21.0
780,186.89886415739497,PH168504000,34.0,66.8
781,368.56562448717915,PH051718000,66.32727272727273,133.74545454545455
782,223.55305239327785,PH050507000,70.62857142857142,119.99999999999999
783,270.4211150689592,PH101311000,15.0,31.799999999999997
784,167.72163290844037,PH124705000,8.399999999999999,27.599999999999998
785,64.49709269753896,PH034914000,166.39999999999998,414.4
786,275.3560280391318,PH140113000,97.80000000000001,179.10000000000002
787,34.18009252676963,PH012911000,127.19999999999999,216.0
788,17.874348111649137,PH071227000,42.0,103.2
789,42.84042119459837,PH043410000,66.24000000000001,162.24
790,52.9926635406459,PH072227000,34.8,86.4
791,86.89807669924075,PH086406000,33.25714285714285,84.00000000000001
792,122.49369810857486,PH097206000,4.199999999999999,12.600000000000001
793,6.8201016622428385,PH086419000,32.400000000000006,67.2
794,60.754274899805104,PH030806000,188.0,425.6
795,18.508801933760658,PH103510000,9.600000000000001,24.000000000000004
796,160.0720907258604,PH175313000,7.326315789473684,14.526315789473685
797,71.51994405452534,PH015522000,342.6,670.8
798,299.5308080597974,PH166812000,26.400000000000002,50.1
799,191.31377796346803,PH041014000,65.6,180.4
800,100.14133896883699,PH034915000,160.0,323.59999999999997
801,286.03776830294237,PH082613000,43.733333333333334,89.86666666666666
802,26.058704538465363,PH071228000,34.2,86.4
803,192.05232677405039,PH041015000,48.68571428571428,113.14285714285714
804,57.851797732304725,PH071229000,39.599999999999994,100.79999999999998
805,129.4224814987573,PH175103000,71.1,201.89999999999998
806,81.44202819730226,PH175907000,30.4,62.39999999999999
807,98.63661101774005,PH071230000,29.400000000000002,56.400000000000006
808,243.51863052938924,PH084824000,49.199999999999996,72.3
809,377.05315393083174,PH045622000,49.800000000000004,114.3
810,112.74268110371445,PH104208000,8.16,21.6
811,1099.9983424425714,PH160305000,16.799999999999997,42.72
812,171.9908196839726,PH168505000,35.199999999999996,71.6
813,55.55223312671781,PH043411000,80.4,184.8
814,137.09148321050984,PH140114000,113.39999999999999,205.79999999999998
815,125.46884131541601,PH175104000,74.0,212.4
816,165.16722554121955,PH035408000,239.59999999999997,467.2
817,62.438075890618876,PH143206000,80.4,166.8
818,138.218290270868,PH045623000,55.67999999999999,128.64
819,83.57116889626279,PH045624000,58.199999999999996,112.19999999999999
820,38.47067495475732,PH104316000,7.199999999999999,22.799999999999997
821,36.80913865141901,PH156617000,6.4,17.6
822,74.96101835200004,PH043412000,57.12,144.0
823,256.4654622851182,PH153611000,10.971428571428572,38.4
824,21.05547519435805,PH153641000,13.200000000000001,31.200000000000003
825,83.16793462467433,PH043413000,55.99999999999999,142.0
826,27.568553922816516,PH153612000,8.399999999999999,25.2
827,17.241032846621767,PH153636000,7.199999999999999,22.8
828,40.55155000838803,PH013310000,115.19999999999999,282.0
829,45.58763960354617,PH023116000,60.0,168.0
830,320.6576907915821,PH148105000,61.37142857142858,127.20000000000002
831,116.80363082359868,PH034916000,116.79999999999998,342.8
832,198.34279677915353,PH051719000,69.6,135.2
833,541.3124269172158,PH112507000,31.56923076923077,60.738461538461536
834,166.31571035016367,PH126507000,21.200000000000003,35.2
835,84.8611368547094,PH156604000,8.64,15.360000000000001
836,360.4507893469631,PH124710000,9.899999999999999,33.3
837,188.66809812318817,PH061907000,20.57142857142857,67.88571428571427
838,445.3580955889381,PH128004000,17.04,31.44
839,150.76542727765292,PH063029000,11.399999999999999,33.6
840,97.63652064165417,PH035409000,184.39999999999998,472.79999999999995
841,345.8722956718493,PH074614000,14.700000000000001,39.900000000000006
842,257.3806664492078,PH015523000,403.20000000000005,787.8857142857144
843,39.74232204169104,PH041016000,62.400000000000006,129.0
844,96.76674649127628,PH071231000,46.8,105.0
845,214.96993479155842,PH118203000,29.199999999999996,68.8
846,47.67124642638008,PH043414000,79.19999999999999,158.39999999999998
847,79.84421947306073,PH098307000,7.800000000000001,27.0
848,90.30963453019633,PH035410000,223.68,418.08000000000004
849,103.94892084690512,PH045625000,52.800000000000004,114.6
850,71.06216323557044,PH083730000,36.480000000000004,78.24000000000001
851,317.876311564077,PH118204000,21.200000000000003,55.6
852,463.9449419191299,PH023117000,31.200000000000003,121.2
853,66.45254290627851,PH086408000,34.56,103.68000000000002
854,291.45481582271583,PH060410000,12.0,32.4
855,80.68483831217242,PH153613000,9.600000000000001,28.32
856,99.75055882616516,PH153614000,11.52,27.840000000000003
857,770.3351096308712,PH025704000,41.08235294117647,135.38823529411764
858,143.48163066798688,PH166813000,25.92,55.199999999999996
859,24.150712625784063,PH072228000,22.4,44.8
860,96.98802441609797,PH035411000,204.0,450.0
861,65.91900649278647,PH042112000,126.60000000000001,303.0
862,111.5430383227255,PH056211000,62.88,107.52000000000001
863,36.66679331580881,PH160208000,121.19999999999999,145.2
864,37.817331435358426,PH051720000,72.0,146.39999999999998
865,32.62210167143074,PH043415000,62.400000000000006,158.4
866,78.91092666359839,PH175908000,30.4,66.39999999999999
867,385.0411367441129,PH124706000,14.399999999999999,36.9
868,89.82283228130655,PH103511000,7.800000000000001,21.0
869,112.19632945363158,PH104317000,30.800000000000004,58.800000000000004
870,234.8548949162114,PH112407000,11.599999999999998,31.599999999999998
871,260.3533786736814,PH175105000,29.14285714285714,66.85714285714286
872,47.546823394224404,PH175314000,17.236363636363635,37.52727272727273
873,82.50332806898456,PH012912000,246.71999999999997,303.35999999999996
874,286.6712152379236,PH153634000,15.0,42.0
875,189.51705405386534,PH083731000,31.200000000000003,80.16
876,11.554850858468736,PH020904000,27.599999999999998,48.0
877,185.06486114915248,PH097315000,6.857142857142857,18.514285714285712
878,30.57959751527662,PH101803000,28.799999999999997,63.599999999999994
879,90.82968528711298,PH103512000,9.0,21.0
880,45.03862245381438,PH156605000,12.0,21.599999999999998
881,107.64897985178163,PH166714000,32.400000000000006,57.6
882,286.34741749678994,PH128005000,18.857142857142858,27.42857142857143
883,60.25171619030739,PH043416000,58.800000000000004,147.0
884,60.24821350730036,PH060411000,17.4,37.8
885,344.06366545419826,PH124707000,10.5,32.1
886,86.42471956933588,PH153615000,25.92,50.88
887,81.95972653073925,PH072229000,42.400000000000006,77.60000000000002
888,135.32135623749627,PH112408000,8.7,25.2
889,120.99467746654929,PH098308000,8.64,19.200000000000003
890,568.6246674272736,PH128006000,9.784615384615385,19.384615384615387
891,138.07475740907677,PH015524000,183.60000000000002,467.59999999999997
892,2.774001890240999,PH133910000,175.2,309.6
893,72.15936661370878,PH060412000,23.520000000000003,65.76
894,259.2007111283948,PH140115000,93.6,169.2
895,43.389455554434086,PH050509000,89.4,154.8
896,98.64758526494852,PH166715000,34.8,66.6
897,109.27346472972594,PH050510000,97.6,171.2
898,209.3025071604966,PH060413000,15.2,32.8
899,607.0836252308679,PH118603000,6.9818181818181815,20.29090909090909
900,85.25244731024199,PH086409000,32.400000000000006,90.60000000000001
901,381.846451044688,PH101313000,16.799999999999997,35.699999999999996
902,116.18783992746592,PH023119000,51.2,126.8
903,769.3572948859221,PH128007000,11.25,28.5
904,87.25283605208529,PH150704000,5.280000000000001,11.520000000000001
905,34.41090541099396,PH041017000,61.199999999999996,193.2
906,36.18402172178412,PH153820000,9.0,37.8
907,72.78154931689421,PH101804000,33.599999999999994,66.6
908,320.9939127428826,PH175106000,74.4,140.4
909,102.70948629975237,PH061908000,12.0,45.0
910,77.11373277850218,PH140116000,135.60000000000002,220.20000000000002
911,52.185714944426884,PH015525000,193.79999999999998,457.80000000000007
912,99.37908411477802,PH064518000,19.200000000000003,47.2
913,417.3479794529309,PH112508000,12.0,37.866666666666674
914,321.69521641616586,PH054110000,36.900000000000006,67.2
915,31.102403667595524,PH072230000,33.599999999999994,74.4
916,48.38084475777422,PH015526000,200.8,493.6
917,308.59461013429626,PH015527000,156.6857142857143,540.0
918,92.31003436921839,PH153832000,20.4,39.599999999999994
919,94.15600659208711,PH050511000,90.6,147.59999999999997
920,127.59646033026907,PH074615000,13.799999999999999,39.900000000000006
921,146.18447891711304,PH141111000,73.60000000000001,230.00000000000003
922,436.6519530827236,PH101314000,16.0,32.8
923,454.38459097157914,PH175207000,38.400000000000006,106.56
924,105.85249039322137,PH104318000,11.04,28.8
925,146.73525198714475,PH097207000,8.0,25.2
926,131.73483782776995,PH084812000,48.96,82.56
927,20.43686835607198,PH015528000,208.79999999999998,484.8
928,71.58402011176562,PH157003000,3.7714285714285714,6.857142857142858
929,136.95368880837782,PH086010000,43.60000000000001,88.4
930,141.67478054067055,PH042113000,128.39999999999998,315.2
931,426.88358588826804,PH118205000,22.93333333333333,65.06666666666665
932,320.6060435928701,PH101315000,10.5,37.2
933,34.57537307361316,PH153616000,12.0,40.8
934,55.60328300664888,PH153617000,11.399999999999999,41.4
935,79.45769195842843,PH012813000,124.80000000000001,220.80000000000004
936,84.32135761879657,PH097317000,10.0,19.200000000000003
937,56.60450344276903,PH076104000,30.4,54.39999999999999
938,335.5123031975426,PH037707000,102.13333333333333,187.2
939,55.14707351777061,PH071232000,27.2,63.2
940,196.25602828754995,PH166814000,15.899999999999999,36.9
941,28.35372783696325,PH031411000,160.0,307.2
942,29.083929466075794,PH087807000,44.400000000000006,69.0
943,194.51049195264483,PH030807000,187.2,426.85714285714283
944,231.96911195898622,PH153631000,18.400000000000002,39.2
945,67.65245063062163,PH035412000,223.68,418.08000000000004
946,248.8176847046673,PH037106000,168.40000000000003,680.8000000000001
947,59.69684694752482,PH153618000,9.600000000000001,33.0
948,304.2311844530768,PH082614000,54.857142857142854,91.88571428571427
949,19.335983630796207,PH041018000,69.6,196.8
950,70.18814667531564,PH083733000,27.999999999999996,68.0
951,419.5431859991742,PH124708000,10.8,32.400000000000006
952,130.71821760493378,PH083734000,33.3,99.60000000000001
953,250.49890327744853,PH112410000,15.0,37.800000000000004
954,112.0792320934225,PH153809000,10.399999999999999,31.200000000000003
955,138.70818766595727,PH056212000,54.8,95.2
956,375.425600289749,PH086011000,59.400000000000006,87.60000000000001
957,34.73292603087891,PH103513000,9.600000000000001,25.200000000000003
958,409.4695124780596,PH045627000,55.199999999999996,117.91999999999999
959,125.5600714702473,PH118206000,21.0,54.0
960,240.3924876812133,PH036908000,144.24,581.04
961,189.7344665660347,PH082615000,46.39999999999999,91.6
962,41.307877835859436,PH083735000,29.400000000000002,66.0
963,273.82924930861157,PH142706000,63.73333333333334,212.26666666666665
964,75.93598695385371,PH072231000,24.96,42.24
965,101.62835319171117,PH104319000,28.200000000000003,57.6
966,14.690788567084777,PH042114000,129.60000000000002,253.20000000000005
967,117.93505428105331,PH051607000,68.22857142857143,127.54285714285714
968,19.87177072159051,PH082616000,33.599999999999994,86.4
969,106.50115460744442,PH083736000,25.6,60.8
970,124.45870311558917,PH035413000,217.79999999999998,439.8
971,169.89777365662866,PH063030000,6.4,20.4
972,280.28160904336215,PH097318000,13.799999999999999,33.0
973,292.1413955556688,PH124709000,9.600000000000001,26.4
974,478.2498597724514,PH054112000,38.7,62.7
975,32.83790716716386,PH051721000,74.4,159.0
976,39.37308351448694,PH063031000,10.8,33.6
977,127.1205990659334,PH051722000,76.19999999999999,154.19999999999996
978,52.05671940348053,PH035414000,237.60000000000002,431.20000000000005
979,51.104604500065925,PH072232000,26.400000000000002,60.0
980,68.62265992322993,PH072233000,44.8,106.39999999999999
981,150.21066074549597,PH054113000,44.16,72.96
982,99.19824067130861,PH174004000,43.8,82.80000000000001
983,140.4865049197547,PH064519000,25.44,58.56
984,106.93931376610135,PH097319000,6.4,19.2
985,101.83374132066417,PH036909000,130.4,447.6
986,301.89182952868737,PH084813000,52.800000000000004,78.66666666666667
987,566.2838281229666,PH118207000,30.109090909090906,51.272727272727266
988,89.16947210972573,PH054114000,50.400000000000006,88.80000000000001
989,263.3177023160025,PH118208000,27.2,55.599999999999994
990,173.81567044559134,PH030808000,240.96000000000004,518.8800000000001
991,34.56915632269252,PH045809000,127.19999999999999,222.0
992,125.59462231274678,PH086012000,43.885714285714286,72.0
993,276.02189138292147,PH045628000,46.28571428571428,99.42857142857142
994,12.615106419381473,PH153619000,10.8,39.6
995,139.97881467093,PH103514000,8.0,26.0
996,279.2040238784762,PH064520000,22.799999999999997,42.3
997,88.4400044787071,PH097208000,6.6000000000000005,15.6
998,65.77605769989357,PH104320000,11.52,28.32
999,87.01215934576689,PH060414000,24.0,58.62857142857143
1000,86.01125013066711,PH051723000,96.0,162.8
1001,272.2526401348056,PH118209000,19.200000000000003,51.0
1002,151.7202290577981,PH098309000,7.199999999999999,21.119999999999997
1003,79.73728708954405,PH051724000,78.4,161.6
1004,42.4571127334987,PH012913000,230.39999999999998,302.4
1005,75.44249232731966,PH043417000,63.2,160.8
1006,1189.7464609795375,PH025706000,48.84,126.24000000000001
1007,102.55632092605244,PH013311000,146.39999999999998,360.0
1008,163.1879269307171,PH023120000,50.400000000000006,141.25714285714287
1009,70.97101385842221,PH042115000,135.0,321.0
1010,46.572160826450514,PH034918000,124.19999999999999,404.4
1011,757.7854231298103,PH175315000,9.600000000000001,19.482352941176472
1012,103.46391986679019,PH012914000,213.11999999999998,290.4
1013,108.322330070258,PH160209000,30.0,64.19999999999999
1014,266.5383433320059,PH041019000,108.96000000000001,299.04
1015,94.0523342756329,PH015529000,154.2,339.0
1016,359.32216031024734,PH144405000,74.4,184.2666666666667
1017,574.822919886838,PH175208000,57.150000000000006,93.30000000000001
1018,98.80467893485724,PH087808000,36.0,54.720000000000006
1019,564.8140746298998,PH118210000,17.28,48.00000000000001
1020,244.79367063366487,PH112314000,25.6,62.800000000000004
1021,39.48821608765255,PH063032000,12.0,34.4
1022,55.11693981813775,PH060415000,15.2,31.2
1023,128.89289931176955,PH126311000,22.799999999999997,30.6
1024,113.19914575433444,PH153834000,17.28,36.0
1025,297.4267949762673,PH031413000,162.3,278.40000000000003
1026,5.159155832496312,PH042116000,165.60000000000002,304.80000000000007
1027,608.9468873464683,PH012814000,126.71999999999998,227.04
1028,128.47090217118537,PH067903000,24.34285714285714,49.02857142857143
1029,24.145587279140027,PH060416000,15.600000000000001,34.800000000000004
1030,219.4565747275254,PH103515000,15.2,30.0
1031,244.4126586751938,PH050512000,67.19999999999999,117.86666666666665
1032,16.21471913818312,PH031414000,166.39999999999998,336.79999999999995
1033,118.28145178671939,PH051725000,90.6,172.8
1034,136.52548612683955,PH175909000,31.799999999999997,67.19999999999999
1035,64.25716456386938,PH156607000,7.800000000000001,15.600000000000001
1036,141.27128355535,PH037107000,262.0,537.2
1037,65.3789376988685,PH098310000,8.64,26.879999999999995
1038,86.05674521199099,PH156619000,10.8,17.4
1039,192.0809686690607,PH104321000,25.6,44.8
1040,53.71389040625012,PH030809000,245.76,490.55999999999995
1041,237.2415934057509,PH082617000,49.199999999999996,102.89999999999998
1042,89.72486053563942,PH030810000,201.0,476.4
1043,540.8514175947338,PH083738000,31.01538461538462,68.67692307692309
1044,153.06235527599458,PH104209000,10.8,22.799999999999997
1045,127.17965220272184,PH072235000,44.400000000000006,73.60000000000001
1046,85.35785519317758,PH063034000,10.2,29.400000000000002
1047,149.57419451015855,PH104210000,8.16,15.36
1048,2.8319668806442833,PH133911000,168.0,300.0
1049,34.64888559035288,PH112411000,13.200000000000001,32.4
1050,75.67155733929079,PH045629000,55.60000000000001,105.6
1051,27.54177074825551,PH086410000,32.400000000000006,90.60000000000002
1052,39.28416070961697,PH041020000,64.80000000000001,163.20000000000002
1053,48.45765069636331,PH043418000,60.8,137.6
1054,274.5116935175662,PH097322000,13.799999999999999,32.7
1055,159.6207466113611,PH153822000,8.399999999999999,29.2
1056,198.32829450531554,PH153810000,9.120000000000001,32.64
1057,48.66949192293537,PH153620000,15.36,33.6
1058,175.1616861205982,PH045630000,58.28571428571428,109.71428571428572
1059,33.810418405597915,PH153823000,16.799999999999997,45.599999999999994
1060,33.20258966152855,PH086026000,43.2,68.4
1061,28.197889257859785,PH043419000,69.6,163.2
1062,193.26127713804445,PH012815000,75.2,212.8
1063,47.45933783473206,PH043420000,73.19999999999999,153.59999999999997
1064,374.11951788514,PH023121000,42.0,106.08
1065,130.5689840509093,PH054115000,45.0,69.0
1066,178.33147508544127,PH084814000,53.82857142857143,84.6857142857143
1067,309.2088711854737,PH037108000,182.93333333333334,690.9333333333334
1068,131.25441867043372,PH034919000,162.40000000000003,290.40000000000003
1069,796.656540252192,PH126509000,21.759999999999998,46.72
1070,81.06055238402,PH083739000,35.199999999999996,72.79999999999998
1071,152.16152488655086,PH083740000,33.2,67.60000000000001
1072,529.9131545028794,PH175107000,70.15384615384615,149.35384615384615
1073,162.04634308319382,PH084815000,54.8,85.19999999999999
1074,213.0758895354049,PH021518000,52.199999999999996,120.29999999999998
1075,65.62554314487049,PH051726000,70.80000000000001,148.20000000000002
1076,222.72741374050003,PH074616000,23.65714285714286,42.51428571428572
1077,33.975480115507835,PH104211000,15.2,27.200000000000003
1078,132.60026048759556,PH061909000,21.9,65.1
1079,1.6426877216652631,PH133912000,168.0,300.0
1080,44.66278050451004,PH153833000,15.600000000000001,40.8
1081,68.84748354821804,PH156618000,12.0,22.69090909090909
1082,106.04728158517553,PH052006000,120.96000000000001,183.84
1083,146.85890643163614,PH060611000,18.8,49.2
1084,50.43811500483513,PH031415000,184.8,322.8
1085,50.585420968137676,PH052007000,133.8,208.2
1086,430.7708325827649,PH101316000,15.709090909090909,60.43636363636364
1087,50.16772154871845,PH043421000,75.84,154.56
1088,47.090810898442655,PH071233000,42.599999999999994,79.8
1089,33.457824893004464,PH156616000,7.199999999999999,16.8
1090,234.41386912687176,PH157001000,12.8,19.6
1091,190.06796625468778,PH156608000,12.847058823529412,20.89411764705882
1092,106.74168481836065,PH036910000,121.44000000000001,435.36000000000007
1093,90.11057143233047,PH061910000,38.400000000000006,88.8
1094,419.79879755536507,PH034920000,104.79999999999998,262.93333333333334
1095,49.89194731474421,PH103516000,9.600000000000001,32.4
1096,60.13721412011789,PH103523000,15.600000000000001,34.2
1097,541.685889279685,PH118211000,37.309090909090905,73.96363636363637
1098,179.57952410983665,PH045631000,40.8,107.2
1099,69.56480641753797,PH012816000,122.39999999999999,204.0
1100,45.31254853243401,PH031416000,217.20000000000002,402.0
1101,157.29513918022369,PH051608000,59.400000000000006,97.50000000000001
1102,471.2551302854054,PH144406000,66.66666666666666,162.13333333333335
1103,512.8088449211428,PH086022000,46.39999999999999,83.73333333333332
1104,144.12576820340465,PH153811000,17.759999999999998,41.76
1105,68.85205988047552,PH156609000,13.439999999999998,22.08
1106,134.1803066941038,PH051727000,66.17142857142858,137.14285714285714
1107,17.892175850072075,PH137605000,168.0,300.0
1108,337.1127640782795,PH143208000,79.19999999999999,169.59999999999997
1109,46.081293604458,PH083741000,34.2,68.39999999999999
1110,176.80499809580456,PH012817000,97.19999999999999,198.0
1111,57.991439923593454,PH156610000,10.080000000000002,22.080000000000002
1112,1.6097377072867758,PH137606000,160.8,290.40000000000003
1113,140.13568762800813,PH156611000,8.0,13.600000000000001
1114,95.8782886176546,PH045632000,35.519999999999996,92.16
1115,133.21764780987397,PH060612000,10.8,31.2
1116,25.45379469624585,PH063036000,9.600000000000001,31.200000000000003
1117,192.12727157922782,PH098311000,6.0,18.0
1118,1138.2831849352165,PH021519000,41.684210526315795,130.61052631578949
1119,63.10199035508333,PH034921000,214.20000000000002,374.40000000000003
1120,39.5676539664663,PH140117000,196.79999999999998,261.59999999999997
1121,52.40313585778974,PH045633000,48.599999999999994,100.19999999999999
1122,119.66451253128895,PH153621000,8.799999999999999,32.0
1123,132.00498877177748,PH021520000,74.8,124.8
1124,152.9767116184351,PH153635000,22.4,40.4
1125,123.65650297055163,PH012818000,92.0,220.0
1126,54.94530321008882,PH140118000,217.6,283.2
1127,247.72928414933082,PH124711000,14.742857142857144,34.971428571428575
1128,295.12801421342266,PH124712000,8.0,28.799999999999997
1129,25.6310735831351,PH043422000,76.80000000000001,171.60000000000002
1130,45.597285969281145,PH030811000,201.0,476.4
1131,201.15102137225705,PH056213000,69.2,118.4
1132,117.90025414631015,PH061911000,15.0,39.6
1133,114.35250330693135,PH071234000,42.72,96.0
1134,33.723249561942694,PH072236000,26.400000000000002,72.80000000000001
1135,84.88002189416294,PH140119000,175.2,251.4
1136,74.57600002395316,PH166716000,34.08,68.64
1137,123.49048506676867,PH051728000,82.19999999999999,172.8
1138,66.51010088751703,PH045810000,103.80000000000001,192.0
1139,99.0968340002827,PH086013000,45.2,77.60000000000001
1140,167.75732169480733,PH175209000,53.400000000000006,88.50000000000001
1141,105.53091518302841,PH072237000,36.480000000000004,78.24000000000001
1142,123.03929784609701,PH097209000,7.199999999999999,16.8
1143,63.66575247858868,PH012819000,147.20000000000002,234.40000000000003
1144,44.89954864208625,PH086411000,33.599999999999994,66.0
1145,366.11078140089114,PH143209000,96.30000000000001,153.9
1146,140.65041174069475,PH050513000,58.28571428571428,109.02857142857141
1147,90.48962808746721,PH054116000,41.2,62.400000000000006
1148,79.463737143656,PH045634000,56.400000000000006,113.4
1149,74.0903013594308,PH097338000,18.0,38.0
1150,198.78559378369627,PH054117000,40.8,57.599999999999994
1151,64.52157821996576,PH166717000,37.44,60.480000000000004
1152,35.76031860865641,PH031417000,213.60000000000002,363.6
1153,18.434377100733535,PH045635000,52.800000000000004,106.8
1154,81.63126869433502,PH104212000,9.600000000000001,17.400000000000002
1155,168.37948279167517,PH175210000,61.71428571428572,95.65714285714286
1156,160.77472965775016,PH097210000,8.399999999999999,18.799999999999997
1157,123.1072784545175,PH050514000,84.0,146.4
1158,234.92087840454843,PH045636000,37.6,89.33333333333334
1159,311.6391373804198,PH126312000,13.02857142857143,34.62857142857143
1160,104.70665221634553,PH061912000,22.4,68.4
1161,111.46703081027346,PH064521000,24.800000000000004,44.00000000000001
1162,18.83111194766218,PH153622000,12.0,38.400000000000006
1163,65.20683102799637,PH103517000,9.0,24.0
1164,297.43458490674146,PH035415000,218.74285714285713,529.7142857142857
1165,65.73569120042077,PH072238000,22.4,60.8
1166,1.7734080722994996,PH133913000,175.2,309.6
1167,98.42509766521547,PH063037000,10.399999999999999,34.4
1168,70.45598643819267,PH015530000,191.39999999999998,463.79999999999995
1169,46.81596202061294,PH071235000,35.04,102.24000000000001
1170,232.89441498333497,PH097211000,7.6,23.200000000000003
1171,154.46042080879639,PH051729000,117.60000000000001,185.14285714285717
1172,108.5102753985781,PH126510000,15.600000000000001,43.2
1173,68.38506385691696,PH061913000,13.799999999999999,37.199999999999996
1174,346.0732219097846,PH124713000,14.953846153846154,41.723076923076924
1175,56.18330598390858,PH056214000,88.80000000000001,138.00000000000003
1176,492.68948004933935,PH160306000,14.399999999999999,36.48
1177,66.49081267146286,PH153623000,16.799999999999997,33.6
1178,302.25849677313454,PH148106000,84.53333333333333,146.4
1179,109.40991581434838,PH175211000,51.84,100.80000000000001
1180,2178.4255870103384,PH175316000,9.805714285714284,20.02285714285714
1181,52.12866629058286,PH013312000,196.79999999999998,460.79999999999995
1182,42.66742691612301,PH031418000,225.60000000000002,390.4
1183,16.783239374606012,PH064522000,24.800000000000004,48.800000000000004
1184,32.14437389554549,PH036911000,126.0,428.4
1185,216.44536690733676,PH023122000,48.4,110.39999999999999
1186,212.25261432805476,PH025011000,72.4,186.0
1187,64.14139780709293,PH034922000,159.2,375.2
1188,75.66324536572759,PH045637000,48.599999999999994,114.6
1189,647.6250699163971,PH101317000,12.8,36.96000000000001
1190,941.2754230894718,PH175317000,12.8,23.657142857142855
1191,162.48461311872933,PH137404000,148.0,278.4
1192,0.8827547412985186,PH133903000,151.2,303.6
1193,85.77079645696895,PH082618000,39.599999999999994,87.0
1194,182.53916492895215,PH012915000,92.64000000000001,220.8
1195,125.49100559108004,PH023123000,49.44,127.68
1196,378.7591445028555,PH051730000,63.900000000000006,131.10000000000002
1197,67.96009093643427,PH153829000,8.0,36.0
1198,126.30148497797339,PH023124000,67.80000000000001,211.8
1199,96.8658092228292,PH097323000,12.600000000000001,26.4
1200,25.757045976342226,PH036912000,121.19999999999999,416.40000000000003
1201,154.41807650491103,PH050515000,88.19999999999999,140.4
1202,350.6890584971772,PH045638000,57.84,139.2
1203,51.60029671872761,PH023125000,55.199999999999996,154.79999999999998
1204,82.4567971470361,PH160212000,51.2,74.4
1205,340.0204557651078,PH021521000,104.39999999999999,147.29999999999998
1206,134.49194642568813,PH034923000,120.4,255.6
1207,23.27903198977506,PH043423000,63.599999999999994,162.0
1208,66.9647027605243,PH097212000,8.799999999999999,19.2
1209,184.74446492430675,PH143211000,49.199999999999996,105.2
1210,303.8824101902803,PH175108000,41.48571428571428,87.08571428571429
1211,1281.5884459482927,PH175323000,13.356521739130436,16.59130434782609
1212,235.06485857829904,PH045808000,149.10000000000002,265.2
1213,88.41165480807253,PH175910000,36.480000000000004,72.48
1214,44.35390957607709,PH072239000,45.599999999999994,112.8
1215,72.41879111909455,PH015531000,158.39999999999998,412.79999999999995
1216,78.43637028701232,PH013313000,202.79999999999998,466.8
1217,199.0373195444819,PH041021000,51.0,135.6
1218,8.006040983406882,PH042117000,147.60000000000002,312.0
1219,60.66665538951087,PH084816000,48.8,75.2
1220,391.43777341549816,PH160307000,27.490909090909092,44.07272727272727
1221,211.2660066662523,PH098312000,4.3999999999999995,13.200000000000001
1222,118.92016850398399,PH023126000,58.800000000000004,150.0
1223,103.83148687308216,PH175212000,42.0,120.4
1224,1133.7009463614272,PH175318000,17.11304347826087,28.695652173913047
1225,102.97626382051583,PH061914000,21.6,69.12
1226,113.24832393324205,PH144407000,69.12,196.32
1227,101.64955293695951,PH141112000,137.39999999999998,346.79999999999995
1228,2104.1344347756335,PH175109000,60.720000000000006,101.83999999999999
1229,40.967677640283064,PH020905000,32.0,48.8
1230,176.24093551705963,PH144408000,76.80000000000001,183.36000000000004
1231,64.81368482498591,PH144409000,77.4,193.8
1232,35.35567335006403,PH101805000,28.799999999999997,63.199999999999996
1233,292.13848083758256,PH064523000,20.4,50.879999999999995
1234,76.43369579994835,PH071236000,24.0,63.6
1235,102.9304596382564,PH051731000,98.39999999999999,180.95999999999998
1236,50.158436226990155,PH025705000,106.80000000000001,217.20000000000002
1237,33.49016982080264,PH153625000,12.0,38.400000000000006
1238,86.70851767270798,PH086412000,38.879999999999995,86.4
1239,78.62486232420558,PH104322000,22.799999999999997,70.19999999999999
1240,83.03925841678867,PH012916000,108.0,231.60000000000002
1241,118.84334127048727,PH082619000,34.97142857142857,83.99999999999999
1242,133.40496233158797,PH140120000,106.55999999999999,201.59999999999997
1243,144.44347888738682,PH097213000,3.84,18.72
1244,91.87092991062251,PH103518000,10.2,22.8
1245,217.50309311277442,PH064532000,26.400000000000002,48.800000000000004
1246,47.561071924775405,PH030812000,246.0,494.4
1247,51.86424934246323,PH072240000,38.400000000000006,59.400000000000006
1248,81.33528882872893,PH045639000,58.199999999999996,133.8
1249,7.755529571792283,PH133906000,152.39999999999998,291.59999999999997
1250,188.26799596427824,PH023127000,56.57142857142857,166.28571428571428
1251,90.87312616443765,PH166815000,14.399999999999999,35.519999999999996
1252,102.12492065729684,PH175911000,26.400000000000002,67.6
1253,175.3963924238049,PH045640000,40.114285714285714,84.68571428571428
1254,179.1425724396889,PH052008000,134.39999999999998,195.59999999999994
1255,102.52781627082094,PH175912000,25.200000000000003,76.8
1256,181.3700242572313,PH034924000,201.2,462.79999999999995
1257,167.5299131099106,PH037109000,257.2,594.3999999999999
1258,62.38175634407487,PH045641000,64.80000000000001,156.60000000000002
1259,28.31049040192988,PH084817000,43.2,72.0
1260,49.54168462674271,PH166718000,34.8,73.2
1261,148.00801927671628,PH015532000,217.79999999999998,548.3999999999999
1262,407.4456621081279,PH064524000,28.581818181818182,65.89090909090909
1263,71.36247828605663,PH036913000,132.96,535.2
1264,118.49611482231765,PH063038000,12.0,37.8
1265,151.5691111158888,PH012917000,127.19999999999999,221.2
1266,105.43827375566231,PH063039000,14.399999999999999,45.599999999999994
1267,28.246637621422718,PH064525000,27.0,45.599999999999994
1268,17.430769499405315,PH012918000,187.2,283.2
1269,75.90570286343426,PH015533000,206.39999999999998,507.8399999999999
1270,114.54709887005534,PH037110000,250.00000000000003,680.0
1271,84.33808097786101,PH051732000,72.0,148.8
1272,78.08318771033817,PH054118000,49.199999999999996,88.80000000000001
1273,74.81204707972796,PH072241000,28.200000000000003,64.80000000000001
1274,605.872599268853,PH101318000,15.490909090909089,41.454545454545446
1275,244.38962927372657,PH175913000,32.57142857142857,70.28571428571428
1276,315.9547635962094,PH045642000,36.53333333333333,75.2
1277,96.89175022999486,PH072242000,24.0,65.75999999999999
1278,55.44909194869034,PH086413000,32.0,78.4
1279,353.72550163363684,PH160308000,24.53333333333333,42.13333333333333
1280,55.75303083098007,PH166719000,40.8,73.8
1281,121.92200905662766,PH013315000,106.08,313.44
1282,386.40478647106204,PH023128000,45.38181818181819,128.0727272727273
1283,11.754830658101877,PH012919000,274.79999999999995,337.19999999999993
1284,166.6334767996197,PH031419000,178.39999999999998,350.4
1285,64.38761688709093,PH023129000,74.4,183.20000000000002
1286,47.80963749139432,PH034925000,215.39999999999998,430.2
1287,59.21678466585887,PH071237000,26.400000000000002,70.4
1288,127.125637760617,PH083742000,35.65714285714286,53.14285714285714
1289,181.82032680041632,PH084818000,41.599999999999994,65.2
1290,163.72963545717795,PH112324000,42.8,79.60000000000001
1291,238.11134262709106,PH112510000,10.8,25.2
1292,45.0469432273494,PH140121000,205.20000000000002,272.40000000000003
1293,52.27652206279989,PH166720000,32.8,67.19999999999999
1294,42.402316933127466,PH015534000,200.39999999999998,500.4
1295,107.57413154977075,PH054119000,53.400000000000006,94.2
1296,199.1031989899574,PH063040000,6.4,24.4
1297,268.6248214057193,PH086025000,44.0,68.8
1298,596.5620449651193,PH036918000,146.76923076923077,564.3692307692309
1299,58.25051249568406,PH041022000,67.80000000000001,186.0
1300,51.55392038859691,PH051733000,114.60000000000001,187.20000000000002
1301,44.7068437165006,PH060613000,9.600000000000001,28.800000000000004
1302,51.75245912720888,PH074617000,30.599999999999998,49.2
1303,81.10472664961681,PH084819000,45.599999999999994,67.19999999999999
1304,32.322266223982425,PH168506000,34.2,66.00000000000001
1305,610.8532448957563,PH175110000,33.599999999999994,72.47999999999999
1306,28.06366207195005,PH175914000,28.799999999999997,72.0
1307,192.01240390282183,PH034926000,132.48000000000002,320.16
1308,297.86004682238126,PH086014000,52.53333333333334,82.13333333333334
1309,68.54136885986277,PH012920000,214.79999999999998,259.8
1310,50.6524110745073,PH013316000,111.60000000000001,313.80000000000007
1311,237.55223914204691,PH041023000,50.400000000000006,117.6
1312,40.214295329992645,PH076105000,27.599999999999998,46.8
1313,30.667614791608457,PH086414000,40.8,94.39999999999999
1314,68.46801828765368,PH140122000,85.6,177.6
1315,140.43528244298858,PH082620000,53.2,106.0
1316,50.795984127325745,PH034927000,222.0,402.0
1317,114.56444949227503,PH067904000,18.72,37.44
1318,89.91041553443715,PH051604000,64.32000000000001,126.24000000000001
1319,48.089904991660255,PH035417000,216.0,392.79999999999995
1320,598.2719906035645,PH037708000,103.6,176.2
1321,37.712366451172116,PH041024000,88.80000000000001,192.0
1322,1020.677585175238,PH160309000,10.133333333333333,33.46666666666667
1323,137.77025238484458,PH015535000,170.39999999999998,370.79999999999995
1324,103.99699704759351,PH023130000,59.400000000000006,174.0
1325,32.705910560806394,PH036914000,144.0,421.20000000000005
1326,426.67184188388967,PH037111000,249.60000000000002,579.84
1327,1396.3872810038392,PH023131000,38.727272727272734,103.74545454545455
1328,110.37218014245713,PH023132000,61.199999999999996,189.6
1329,57.52885660192147,PH045811000,149.39999999999998,258.0
1330,232.01695616206942,PH031421000,184.1142857142857,358.9714285714286
1331,242.82926459010835,PH052009000,154.8,214.4
1332,33.19721669692444,PH063041000,10.399999999999999,30.4
1333,107.33518861997675,PH071238000,38.400000000000006,104.40000000000002
1334,112.37666810992052,PH083743000,48.4,79.6
1335,92.43054919713136,PH097324000,7.199999999999999,18.6
1336,0.9052286463887139,PH133907000,151.2,303.6
1337,654.5222480397966,PH166816000,18.327272727272728,41.89090909090909
1338,72.9839500154718,PH037112000,258.0,676.8
1339,242.50545556342996,PH045644000,42.85714285714286,94.97142857142858
1340,41.97773598799815,PH012820000,134.39999999999998,228.0
1341,225.3626438022395,PH015536000,160.8,350.88
1342,21.336269539727436,PH041025000,84.0,208.2
1343,0.9358144625496739,PH133904000,151.2,303.6
1344,450.1819867572778,PH023133000,35.04,110.64
1345,102.86618395096247,PH097325000,5.4,13.200000000000001
1346,186.33796772719978,PH043424000,66.5142857142857,161.82857142857142
1347,35.27413661379832,PH041026000,62.400000000000006,164.4
1348,256.24961696759954,PH054120000,38.7,75.30000000000001
1349,70.47415578257626,PH082621000,50.400000000000006,105.12000000000002
1350,85.74738900030637,PH015537000,135.60000000000002,338.80000000000007
1351,57.324550151930815,PH140123000,241.79999999999998,311.4
1352,101.69528995891149,PH031422000,181.44,342.24
1353,84.01407219031346,PH063042000,18.0,56.400000000000006
1354,394.4199759374675,PH060614000,14.133333333333333,39.2
1355,97.36025289020525,PH072243000,28.799999999999997,59.519999999999996
1356,38.01187845247733,PH086415000,33.599999999999994,66.0
1357,168.89621696127577,PH084820000,56.16,87.36000000000001
1358,32.54134403259177,PH086015000,46.39999999999999,75.99999999999999
1359,55.182534242534814,PH035418000,222.0,399.0
1360,156.10902655257362,PH175213000,53.2,101.6
1361,13.228383571224123,PH012921000,283.20000000000005,390.0
1362,51.97194168413642,PH051609000,57.599999999999994,109.2
1363,18.214925072309804,PH084821000,40.2,66.60000000000001
1364,606.3929057273181,PH175319000,10.86315789473684,21.85263157894737
1365,138.31851827920056,PH021522000,53.75999999999999,138.24
1366,59.29588500556128,PH012922000,258.0,356.40000000000003
1367,434.49865127853855,PH021523000,52.800000000000004,96.26666666666667
1368,37.473227913301486,PH035419000,214.4,441.59999999999997
1369,3.383488064393209,PH133914000,168.0,300.0
1370,62.64913132242307,PH015538000,208.79999999999998,485.40000000000003
1371,69.2333279260876,PH063043000,10.080000000000002,30.240000000000006
1372,8.957597901587004,PH012923000,283.20000000000005,390.0
1373,414.050594750324,PH074618000,20.266666666666666,40.53333333333333
1374,92.04450428051094,PH012924000,210.24,321.6
1375,460.32267252862414,PH037113000,315.36,728.0
1376,37.21076951563115,PH043426000,67.19999999999999,151.2
1377,220.87418677754277,PH112412000,12.400000000000002,41.6
1378,3.7322969425032118,PH133905000,151.2,303.6
1379,242.350351396904,PH174005000,51.73333333333334,96.0
1380,689.0270732391839,PH175111000,75.77142857142857,125.82857142857142
1381,202.83637007949736,PH051610000,63.08571428571429,114.51428571428572
1382,247.23853609391304,PH025012000,160.1142857142857,325.37142857142857
1383,29.28265869037532,PH072244000,23.6,44.400000000000006
1384,41.566244882898516,PH083744000,36.0,69.6
1385,56.49704081244677,PH175915000,29.759999999999998,62.4
1386,131.5973375522811,PH036915000,126.0,504.59999999999997
1387,111.11619398269086,PH160310000,26.400000000000002,56.64
1388,44.26408457733627,PH012925000,235.79999999999998,341.4
1389,52.50330132116131,PH056215000,57.599999999999994,103.19999999999999
1390,64.90610773900723,PH148107000,67.19999999999999,110.39999999999999
1391,126.07436687217309,PH086016000,46.8,74.8
1392,56.54112785955039,PH012926000,171.60000000000002,260.40000000000003
1393,46.69495572462911,PH015539000,139.2,373.2
1394,118.92117607029631,PH023134000,46.2,114.0
1395,79.14684758543248,PH031423000,177.0,319.2
1396,108.9440983697384,PH043427000,91.19999999999999,172.79999999999998
1397,212.63007287112347,PH118604000,6.8,17.2
1398,50.02217234151068,PH175917000,32.400000000000006,63.00000000000001
1399,30.267309566515188,PH166721000,33.599999999999994,72.0
1400,86.29578108124325,PH021524000,109.44000000000001,253.92000000000002
1401,21.6617058451156,PH035420000,231.60000000000002,471.00000000000006
1402,244.02708826148594,PH086017000,45.599999999999994,74.93333333333332
1403,107.16533667756191,PH034928000,203.52,375.35999999999996
1404,127.51195334549938,PH021525000,88.19999999999999,140.39999999999998
1405,15.373326879607792,PH041027000,97.19999999999999,211.2
1406,33.01390194237385,PH072245000,43.2,60.00000000000001
1407,47.802853675234154,PH012927000,171.60000000000002,272.4
1408,196.58224629138948,PH160210000,19.200000000000003,40.2
1409,48.61909148879854,PH012928000,274.79999999999995,337.19999999999993
1410,86.22524928910572,PH034929000,173.39999999999998,370.2
1411,54.74815254235788,PH050516000,85.6,147.99999999999997
1412,361.1890522043761,PH021526000,75.6,117.83999999999999
1413,29.982543714769953,PH086018000,43.2,67.2
1414,77.43755163019382,PH126318000,24.0,31.200000000000003
1415,41.02695799428768,PH013317000,189.60000000000002,506.40000000000003
1416,12.401722697529824,PH015540000,170.39999999999998,441.59999999999997
1417,77.2690925490608,PH023136000,41.400000000000006,102.0
1418,13.870456857176029,PH035421000,235.20000000000002,432.0
1419,89.02716744855569,PH041028000,69.2,179.2
1420,239.92350460870398,PH112318000,36.0,90.0
1421,114.28227010071555,PH013318000,103.19999999999999,295.8
1422,51.303919691552274,PH157010000,13.200000000000001,18.900000000000002
1423,117.33567572519198,PH103519000,10.080000000000002,28.32
1424,121.66732248175076,PH104213000,7.68,18.72
1425,87.7497687461486,PH061915000,11.399999999999999,36.0
1426,184.62824007832663,PH063044000,15.0,40.8
1427,89.37093589971826,PH118605000,53.75999999999999,98.88
1428,213.7848741144009,PH045645000,56.400000000000006,134.0
1429,56.94093317073133,PH012821000,121.19999999999999,223.2
1430,40.11874835975817,PH035422000,229.6,415.2
1431,129.5037211903916,PH034917000,136.0,347.6
1432,106.52589007194173,PH060615000,16.200000000000003,39.60000000000001
1433,270.42319914014746,PH126512000,23.4,44.10000000000001
1434,370.59837684356313,PH097214000,6.300000000000001,19.2
1435,55.75072654183685,PH071239000,39.599999999999994,103.19999999999999
1436,36.57554779822343,PH153808000,10.8,36.0
1437,55.909439435033796,PH153837000,9.0,36.0
1438,83.20330223571536,PH156612000,5.280000000000001,14.880000000000003
1439,427.32062183387285,PH074619000,19.200000000000003,39.466666666666676
1440,227.86683627238455,PH098313000,6.300000000000001,18.3
1441,481.5262159496961,PH097215000,8.123076923076923,28.246153846153845
1442,728.8228043600898,PH160314000,15.876923076923077,35.63076923076923
1443,234.51948406513478,PH060616000,7.885714285714286,25.371428571428574
1444,105.60265375656074,PH072246000,29.400000000000002,73.80000000000001
1445,597.9015721708207,PH097216000,1.476923076923077,6.276923076923078
1446,159.59771933874146,PH074620000,36.599999999999994,55.19999999999999
1447,136.31881518069613,PH067905000,24.0,47.99999999999999
1448,68.27555178628118,PH097217000,12.400000000000002,23.6
1449,105.44068454657297,PH157011000,12.342857142857145,19.885714285714286
1450,99.22380365419879,PH071240000,39.0,86.4
1451,92.30896584425638,PH012929000,104.39999999999999,232.20000000000002
1452,106.91180166982024,PH061916000,32.400000000000006,69.60000000000001
1453,41.768651809068615,PH071241000,37.8,94.2
1454,169.32179332835332,PH086416000,37.92,79.68
1455,143.53431386666915,PH042118000,139.8,257.4
1456,209.20148869746245,PH064526000,17.599999999999998,39.46666666666666
1457,255.8027897929762,PH084822000,51.77142857142858,78.51428571428573
1458,56.51250695416191,PH157004000,7.68,12.96
1459,89.4578833251342,PH104214000,12.0,22.0
1460,68.93028528857246,PH012930000,174.40000000000003,251.20000000000005
1461,444.4749122815675,PH097218000,5.538461538461538,20.30769230769231
1462,54.52746385967791,PH043429000,68.16,143.04
1463,371.36272681745777,PH097219000,4.114285714285714,14.4
1464,253.6340715651919,PH051734000,66.30000000000001,129.3
1465,84.77635330125132,PH076106000,31.200000000000003,51.84
1466,269.8033867391433,PH097220000,2.4000000000000004,9.866666666666667
1467,129.0296068401189,PH051735000,77.6,126.0
1468,154.97069512943145,PH015541000,184.8,438.80000000000007
1469,65.28960075477471,PH166722000,34.8,60.0
1470,27.945235900601602,PH157005000,11.399999999999999,20.199999999999996
1471,126.19566498243701,PH166723000,36.599999999999994,67.19999999999999
1472,204.84248480187583,PH175214000,51.77142857142858,89.14285714285715
1473,444.98767925554785,PH175324000,7.5,11.7
1474,111.88915640135487,PH072247000,29.759999999999998,80.16
1475,219.7296356316722,PH086417000,31.6,82.8
1476,272.8537460735652,PH021527000,57.0,117.30000000000001
1477,88.51875989353522,PH025013000,75.35999999999999,205.44
1478,90.38779394139365,PH012822000,100.80000000000001,223.8
1479,112.30532146764078,PH097340000,13.439999999999998,25.919999999999995
1480,31.714728781810617,PH157006000,14.2,24.999999999999996
1481,440.96192694630815,PH153817000,16.0,41.33333333333333
1482,132.90122639144224,PH015542000,353.19999999999993,727.1999999999999
1483,247.8325625699461,PH037114000,266.1333333333333,552.0
1484,89.94837425427266,PH013319000,100.4,272.8
1485,27.29456296263394,PH104323000,24.800000000000004,71.20000000000002
1486,106.41917128388242,PH012931000,104.79999999999998,307.2
1487,127.74976745891036,PH082622000,52.800000000000004,106.56000000000002
1488,128.9159950478442,PH112414000,9.200000000000001,30.400000000000002
1489,25.430336956420902,PH153640000,8.399999999999999,25.2
1490,183.937683903927,PH153812000,27.360000000000003,50.4
1491,55.85260046324291,PH153824000,24.0,44.400000000000006
1492,209.4646547573169,PH103506000,10.0,31.999999999999996
1493,107.19833066167702,PH153813000,16.0,42.400000000000006
1494,168.5678322116104,PH101319000,13.200000000000001,31.6
1495,264.9900476336396,PH150705000,4.800000000000001,10.971428571428572
1496,264.0688385255872,PH126313000,19.46666666666667,28.53333333333333
1497,282.8696130402183,PH166724000,42.46153846153847,69.78461538461538
1498,163.77239067943188,PH012932000,137.2,275.59999999999997
1499,811.5484852734796,PH126316000,19.200000000000003,32.05714285714286
1500,27.069022255129585,PH041029000,97.19999999999999,211.2
1501,129.9450337048883,PH083745000,37.2,70.19999999999999
1502,67.10473599787743,PH097327000,19.799999999999997,52.2
1503,88.12561331298058,PH072248000,30.599999999999998,70.19999999999999
1504,25.76710619635664,PH083746000,26.400000000000002,55.199999999999996
1505,27.489255740112846,PH150713000,8.399999999999999,18.0
1506,83.40882428346926,PH072249000,31.200000000000003,74.8
1507,106.01806115602908,PH083747000,42.85714285714286,76.11428571428571
1508,135.60707586010798,PH144410000,75.2,213.6
1509,243.08995960081666,PH082623000,48.599999999999994,100.79999999999998
1510,64.10340121049781,PH166725000,42.72,67.2
1511,28.64879960295121,PH086024000,44.400000000000006,66.00000000000001
1512,54.81140936823377,PH042119000,106.08,235.2
1513,32.16833650360931,PH071242000,33.599999999999994,80.0
1514,359.3836657752131,PH166817000,19.200000000000003,38.4
1515,551.3291070007929,PH045646000,55.800000000000004,105.0
1516,321.22351513462786,PH166818000,17.866666666666667,41.6
1517,108.31436278575586,PH103520000,13.200000000000001,28.8
1518,50.20513402558321,PH104324000,16.799999999999997,29.999999999999996
1519,172.19640305380182,PH153638000,24.800000000000004,41.6
1520,58.575760512763814,PH012933000,98.39999999999999,248.39999999999998
1521,35.641092023112975,PH137607000,176.0,290.4
1522,352.83591235619735,PH160311000,17.52,36.239999999999995
1523,655.3190337158775,PH112322000,47.0,86.2
1524,979.0987749659428,PH101320000,18.299999999999997,43.5
1525,27.03262398875925,PH086019000,49.199999999999996,70.79999999999998
1526,131.8193837931179,PH034930000,162.8,366.0
1527,136.32747107719183,PH153816000,11.399999999999999,35.4
1528,148.0177611364651,PH071243000,34.628571428571426,116.91428571428571
1529,170.1914972093584,PH156613000,8.799999999999999,19.599999999999998
1530,59.223641562061275,PH041030000,101.39999999999999,226.2
1531,31.8234544838674,PH051611000,58.800000000000004,102.0
1532,56.06117613179877,PH104325000,32.8,76.8
1533,33.93469005171258,PH153821000,10.8,28.8
1534,106.95180402045199,PH034931000,122.39999999999999,366.0
1535,46.42602499569987,PH098314000,7.800000000000001,26.400000000000002
1536,138.51603702239578,PH097328000,5.485714285714286,18.17142857142857
1537,253.41131129803415,PH126314000,15.0,37.5
1538,8.423799406375641,PH153626000,12.0,38.400000000000006
1539,144.43970932712713,PH097221000,4.0,18.799999999999997
1540,67.15560787198248,PH083748000,33.599999999999994,73.2
1541,283.7895417802444,PH045812000,101.10000000000001,197.7
1542,221.01415143371062,PH157007000,25.714285714285715,33.94285714285714
1543,67.9133657994937,PH060417000,18.400000000000002,42.4
1544,69.31572895951543,PH103521000,7.800000000000001,21.0
1545,178.8806628719137,PH104215000,6.719999999999999,15.36
1546,129.64779919261508,PH126315000,16.32,27.840000000000003
1547,338.9624139123134,PH143214000,70.66666666666666,157.60000000000002
1548,74.57958589556625,PH042120000,142.8,318.6
1549,523.2061388614479,PH061917000,12.436363636363637,45.81818181818181
1550,56.3116595041327,PH156614000,5.199999999999999,16.799999999999997
1551,9.531189042913283,PH153627000,10.8,39.6
1552,86.75756364644128,PH086020000,45.2,70.4
1553,278.7131097631654,PH112511000,9.600000000000001,24.6
1554,177.12999098612897,PH074622000,26.000000000000004,60.80000000000001
1555,92.55135560596796,PH041032000,55.67999999999999,143.04000000000002
1556,28.40180750127767,PH045813000,223.20000000000002,312.00000000000006
1557,1303.0445302097396,PH175320000,9.05142857142857,13.165714285714285
1558,44.00976761495227,PH015543000,146.39999999999998,360.0
1559,48.399784602646974,PH140124000,124.19999999999999,186.6
1560,19.543594987388897,PH045814000,174.0,266.40000000000003
1561,46.55384322355816,PH042121000,135.20000000000002,336.8
1562,119.39644809347975,PH045648000,61.92,153.12
1563,98.86795057188209,PH060617000,13.200000000000001,44.4
1564,77.84473875583126,PH051736000,95.4,175.2
1565,124.24399918054866,PH097344000,24.0,37.371428571428574
1566,90.22846449918919,PH063045000,9.0,25.8
1567,328.8448709955937,PH051737000,80.0,141.4
1568,744.6598863962907,PH140125000,103.54285714285716,196.9714285714286
1569,213.98244169645284,PH143215000,75.6,170.10000000000002
1570,32.60070720478898,PH041033000,60.0,110.4
1571,229.3076075005246,PH142710000,67.88571428571427,235.88571428571424
1572,44.85810453088893,PH150706000,4.0,11.2
1573,297.43812780121635,PH098315000,4.533333333333333,20.266666666666666
1574,126.75799401312514,PH050518000,99.20000000000002,180.4
1575,110.76160069841009,PH060607000,7.800000000000001,27.000000000000004
1576,117.9187167924057,PH064529000,27.360000000000003,66.72
1577,232.20772320883614,PH072251000,33.900000000000006,76.50000000000001
1578,22.607314299823617,PH083749000,32.8,70.39999999999999
1579,59.322323041260205,PH086418000,31.200000000000003,82.80000000000001
1580,11.01816023611173,PH133901000,151.2,303.6
1581,128.03185250565812,PH156615000,12.0,18.981818181818184
1582,173.48335943799526,PH174006000,43.542857142857144,75.42857142857143
1583,46.1771996954544,PH042122000,156.8,312.0
1584,401.2014529667396,PH160312000,21.6,50.836363636363636
1585,142.8342349885571,PH071244000,32.64,106.56
1586,187.8809021681313,PH021528000,73.19999999999999,123.19999999999999
1587,342.2448746442106,PH141113000,179.28000000000003,408.0
1588,88.65030305898081,PH168507000,33.0,67.8
1589,54.39507372483968,PH013320000,199.99999999999997,484.79999999999995
1590,44.97704314922884,PH153628000,13.200000000000001,31.200000000000003
1591,94.83038708760239,PH160211000,20.0,42.4
1592,66.33841524020492,PH071245000,30.599999999999998,73.8
1593,76.35643458468832,PH141114000,127.19999999999999,335.03999999999996
1594,431.5911394591014,PH140126000,91.91999999999999,199.68
1595,166.74499233732325,PH103522000,8.571428571428571,21.599999999999998
1596,37.230734300775104,PH166727000,32.8,55.199999999999996
1597,90.25091617530973,PH063046000,9.600000000000001,27.6
1598,243.7677609793826,PH072252000,28.53333333333333,77.06666666666666
1599,44.1066060550628,PH150707000,4.800000000000001,11.400000000000002
1600,33.11975412729548,PH072253000,22.799999999999997,62.39999999999999
1601,114.46053342804694,PH104216000,8.799999999999999,16.8
1602,31.12817158539362,PH153629000,8.399999999999999,31.2
1603,119.55410898808368,PH021529000,45.599999999999994,116.16
1604,129.93182582289714,PH097330000,9.120000000000001,24.96
1605,290.57811297496283,PH124714000,10.0,35.6
1606,400.3663038905419,PH023137000,36.0,106.79999999999998
1607,8.791825002013757,PH083750000,45.599999999999994,81.6
1608,344.0154333898807,PH098316000,2.133333333333333,6.933333333333334
1609,294.9836888053866,PH126317000,11.7,32.699999999999996
1610,3.4827651623854643,PH157008000,6.719999999999999,10.559999999999999
1611,93.60381214180397,PH041034000,105.60000000000001,265.44
1612,264.83582139848755,PH071246000,36.266666666666666,106.93333333333334
1613,258.60301682554274,PH015544000,124.4,354.40000000000003
1614,69.83407606866783,PH150711000,4.199999999999999,9.599999999999998
1615,107.37076548752702,PH045649000,52.199999999999996,105.00000000000001
1616,530.1274014751481,PH153815000,21.0,55.2
1617,40.38989020340557,PH015545000,159.60000000000002,505.20000000000005
1618,235.36310621732952,PH054121000,45.900000000000006,73.5
1619,11.305458454067486,PH020906000,24.0,45.6
1620,308.42711172750035,PH060618000,12.96,42.239999999999995
1621,98.96547821074662,PH071247000,41.75999999999999,102.24
1622,162.67723119524274,PH074623000,25.6,40.4
1623,40.20907360403078,PH064530000,26.400000000000002,52.800000000000004
1624,92.67136890559267,PH074624000,30.72,77.28
1625,265.8154496292609,PH160313000,17.82857142857143,49.71428571428572
1626,109.74276155339845,PH036917000,139.2,411.59999999999997
1627,29.26919172498613,PH043430000,78.4,182.4
1628,134.71870792951108,PH084823000,45.599999999999994,72.6
1629,206.71862163966352,PH175215000,53.099999999999994,90.60000000000001
1630,168.22245388062427,PH052010000,142.4,209.20000000000002
1631,151.3269499021639,PH083751000,31.679999999999996,75.36000000000001
1632,36.64940759184251,PH104326000,16.200000000000003,37.800000000000004
1633,130.87101255248191,PH086021000,46.8,72.80000000000001
1634,80.92728437346162,PH015547000,162.60000000000002,417.0
1635,67.82670071164993,PH025014000,69.0,202.20000000000002
1636,88.8489198821932,PH140127000,144.0,225.6
1637,62.08849232530278,PH097341000,13.6,27.200000000000003
1638,531.2491171867358,PH012823000,82.47272727272727,207.05454545454546
1639,94.05091282566333,PH051612000,58.66666666666666,94.13333333333333
1640,134.36521771181086,PH052011000,169.2,221.39999999999998
1641,314.6252098367272,PH153630000,28.799999999999997,70.66666666666666
1642,1496.2931937001572,PH097332000,1.9034482758620692,9.517241379310345
1643,153.31140920194645,PH074625000,22.560000000000002,41.28
1644,77.50717110637916,PH034932000,195.0,467.4
1645,38.20856426065791,PH063047000,11.2,30.400000000000002
1646,35.26500040132438,PH086023000,49.199999999999996,75.6
