id,predicted,actual,year
6,0.5655432059511134,0.3249672666466849,2016
23,0.21285967354985735,1.0,2016
38,0.30083473720578724,0.4879391784311644,2016
47,0.4130184648140192,0.9460965114492085,2016
50,0.5545649280896153,0.8472320275841625,2016
58,0.6574514202763555,1.0,2016
66,0.22736093977216426,1.0,2016
70,0.24688533711646496,1.0,2016
77,0.6009147138253684,0.8184811237928007,2016
93,0.5139452168116636,0.415650406504065,2016
101,0.4484670241646728,0.2688172043010753,2016
107,0.26879650458238413,0.6675245295158436,2016
123,0.4574605313434157,1.0,2016
138,0.3687075014094516,1.0,2016
144,0.4534287047766382,0.01855702489229296,2016
149,0.2265888378079475,0.5913272010512483,2016
156,0.30437008643645813,0.7712693666757271,2016
164,0.4433345380978386,0.2964746273656004,2016
171,0.27786813026653745,1.0,2016
182,0.49369589115317997,0.2859462290502793,2016
189,0.3255147063681151,0.8704927057528214,2016
195,0.3128386695479933,0.3248287266713915,2016
202,0.2618348436282115,1.0,2016
208,0.6081796259914913,1.0,2016
216,0.6888896033629134,1.0,2016
221,0.5998706193511056,0.3473698648926686,2016
233,0.2602400641507933,0.7124304267161409,2016
240,0.29207837393817,1.0,2016
247,0.32532650699791005,0.6933345868195919,2016
254,0.28981729878716883,0.7351928374655647,2016
261,0.34825110035795404,0.4222900989001515,2016
266,0.4139787561857903,1.0,2016
273,0.25813369387734736,1.0,2016
283,0.33490627670859857,1.0,2016
292,0.2589857901591986,1.0,2016
297,0.26561417810994004,1.0,2016
303,0.15915197161960196,0.4273504273504273,2016
322,0.17052953665530698,0.06605612395682339,2016
328,0.4664803038362393,0.4931664247701983,2016
336,0.24349855775513993,0.3545502620066343,2016
352,0.3174136915821572,0.3697547575443905,2016
366,0.1915427636325165,0.2525424830230367,2016
374,0.39808226525415064,0.73996244299383,2016
385,0.1540204302383345,0.6682109764789735,2016
399,0.16651930209787918,0.2550445724584044,2016
443,0.25258089292542885,0.5248418422855301,2016
449,0.33157077979064326,0.3693341920940343,2016
484,0.364445824597135,1.0,2016
487,0.4031689386588291,0.1205325017989926,2016
497,0.39951431947704374,0.7389253562235988,2016
502,0.2659074211484226,0.001168610320843978,2016
510,0.2984450608034966,0.2151639344262295,2016
513,0.3176176577951048,1.0,2016
519,0.430094734670756,0.5994951619688684,2016
520,0.3071093108160465,0.1751436177665686,2016
529,0.2820357968475994,0.2028146531692631,2016
534,0.1519751258309951,0.8928571428571429,2016
538,0.38534842032761873,0.9936124911284598,2016
543,0.39719242796347665,1.0,2016
546,0.27782435655113075,0.3827742775685474,2016
567,0.27416627298783036,0.3350792454694815,2016
574,0.38952527735688247,0.06236407829090445,2016
591,0.2879001146882399,0.4376964022317706,2016
611,0.19331461829680197,0.0498684322213734,2016
620,0.19807761816006494,0.06034796866460192,2016
628,0.23966715090202753,0.3611325115562403,2016
635,0.27364820626572794,1.0,2016
645,0.2939825024302479,0.1588510806387901,2016
658,0.36334351627505174,0.2006911940785893,2016
663,0.18862105352834152,0.5724538619275462,2016
671,0.34075265720548326,0.969245192837972,2016
677,0.26886660793188016,0.2653614813067579,2016
682,0.29807362575005625,0.4222386929918627,2016
687,0.26997469212395153,0.8150397646802484,2016
691,0.2824978924608122,0.05898025775252939,2016
701,0.4158499060866157,0.904962485191523,2016
713,0.3829815301084617,1.0,2016
719,0.2972686054459292,0.9727733686067019,2016
724,0.3254157666200797,1.0,2016
738,0.3253831898454356,0.372357046141027,2016
749,0.23981625931679634,0.1607663749668523,2016
758,0.34311795418588636,0.0003702574378185303,2016
768,0.3078366596982042,0.1338369568450168,2016
785,0.297917250974532,0.9254689042448174,2016
792,0.3557110809917279,0.4367592970984879,2016
804,0.4010585755215986,0.3306025369978858,2016
807,0.3820895289520451,0.1363074271153414,2016
811,0.3714597153404111,0.5215896383088813,2016
814,0.27992905723656797,0.1131563065781533,2016
821,0.4488971799159842,1.0,2016
826,0.3253831898454356,0.2665333019534008,2016
843,0.32382478834435047,1.0,2016
849,0.2454741271248449,0.5473809418917133,2016
861,0.2615327166380956,0.02577483107572249,2016
873,0.4462496883048383,1.0,2016
879,0.4249300337834213,0.5097671410090556,2016
884,0.48300974389936707,0.5479217217006013,2016
891,0.24380046905976333,0.169442504147385,2016
926,0.2604866706437644,0.6428386721401558,2016
931,0.34510872012277316,0.5229361068777127,2016
936,0.47343904319647356,0.2934638219426898,2016
939,0.32317146307078815,0.2753303964757709,2016
941,0.7621643616473771,0.1432263485556419,2016
945,0.4400465095691674,0.1474117407412122,2016
946,0.6753072795404857,1.0,2016
950,0.824155930288652,0.6745500784206002,2016
955,0.7925534579116746,0.6041941633670626,2016
959,0.3337138706734233,0.4019467663880333,2016
960,0.3508358029183453,0.5622404194527084,2016
964,0.3767371015958071,0.08341675008341674,2016
966,0.5435729786367933,0.5271472427006073,2016
967,0.6353980864735524,0.6673930809043858,2016
970,0.3273184741019946,0.6673930809043858,2016
972,0.8306949334277637,1.0,2016
975,0.33614386533540264,0.3040595926062544,2016
979,0.45000722190430287,0.08092281434835064,2016
981,0.3843869635483201,0.1028322952168292,2016
983,0.45777246030256885,0.01311372219890894,2016
985,0.6205342277566885,1.0,2016
988,0.43196251831497123,1.0,2016
989,0.5306222841104837,1.0,2016
994,0.5175661933195765,0.0630841309256893,2016
997,0.3727609132444342,0.01406334128916641,2016
1001,0.44539860937560477,0.9110509850342439,2016
1004,0.2292201917809821,1.0,2016
1008,0.5265920667505473,0.2536092444023407,2016
1012,0.6623262111763788,0.06299401847566105,2016
1015,0.7105623617092489,0.4009681558380964,2016
1017,0.5468253888448353,0.4009681558380963,2016
1018,0.23326287159938036,0.8623252378206977,2016
1023,0.6741305388281067,0.3718593388792332,2016
1026,0.5211107171006524,0.4391826579586622,2016
1030,0.6463421416080344,0.1185269471014235,2016
1032,0.49683598767617715,0.04158148237984684,2016
1033,0.5722298966471283,0.5640083945435467,2016
1035,0.3439445273860409,0.1625619767536373,2016
1037,0.5019642242009579,0.5782809836863891,2016
1038,0.354410613835458,0.4584713677236157,2016
1040,0.584088924277423,0.2627101681345076,2016
1041,0.6586075048578248,0.1452035818532628,2016
1044,0.4159048911463838,0.8417849898580122,2016
1045,0.7206642998460367,0.8851066468253969,2016
1049,0.47960073544880666,0.2405807694863446,2016
1051,0.3485731990262836,0.08306199747491527,2016
1052,0.7967413842475888,0.4780754925488838,2016
1057,0.5241989573104836,0.8762450486482329,2016
1059,0.8348945772114903,0.08492639712249384,2016
1061,0.685155798544411,0.07317549108885131,2016
1064,0.39829688877968206,0.07967997918563809,2016
1067,0.6450537645215573,0.4508642983530692,2016
1070,0.4674656439643493,0.06329754911889812,2016
1072,0.3995737448834868,1.0,2016
1073,0.41063064501413576,0.09831460674157305,2016
1074,0.41897683484371967,1.0,2016
1075,0.5908809385514494,0.5655071054434547,2016
1079,0.729946967434741,0.1691316500798624,2016
1084,0.8537521584401664,1.0,2016
1085,0.5400132951423953,0.2655047995098373,2016
1087,0.3613414788134507,1.0,2016
1089,0.5776397852914951,0.07931790616792103,2016
1091,0.35924346388432155,0.2610462734640439,2016
1092,0.3980081018992722,1.0,2016
1094,0.5381634866446826,1.0,2016
1098,0.3479886736460492,0.3864951127069619,2016
1102,0.8239731167671994,1.0,2016
1106,0.7432483248390962,1.0,2016
1109,0.615805572380331,0.2501745403770073,2016
1111,0.46868915968831915,0.4034698406294129,2016
1113,0.5328275895133824,0.2568800125805945,2016
1115,0.748056283476007,0.09337128914192759,2016
1117,0.5642358640314636,0.468052501832234,2016
1120,0.350354397032653,0.08744753148111133,2016
1121,0.7423901968370883,1.0,2016
1125,0.4883927928706895,0.1804643377001456,2016
1128,0.4057415823538199,0.2919941775836972,2016
1131,0.5108010070147242,0.7011866235167207,2016
1132,0.5241072671308515,1.0,2016
1135,0.5775986047152132,0.5351262991742427,2016
1138,0.34036731715026136,0.1192312916567135,2016
1139,0.6766524326846144,1.0,2016
1142,0.7687865688924148,0.6599901384613334,2016
1144,0.4483917424155029,0.6959714281906741,2016
1145,0.8164934076204409,0.7591287636130686,2016
1147,0.31750911939967863,1.0,2016
1152,0.43825787061141463,1.0,2016
1154,0.34215828284001093,0.5924170616113744,2016
1158,0.3663804499490544,0.05998080614203456,2016
1159,0.26186424250769824,0.5940912010276173,2016
1161,0.5670876191853761,0.7789720123443652,2016
1165,0.8200552492205461,0.5556061054116148,2016
1170,0.3023863455238707,1.0,2016
1171,0.8353872035977558,0.8298750408777077,2016
1174,0.4287011539863967,0.00276166804750069,2016
1176,0.7674453637333091,0.602632077258095,2016
1178,0.8664677574490477,1.0,2016
1181,0.6496002054785683,1.0,2016
1185,0.5367820489549302,0.06443298969072166,2016
1187,0.4928380445192327,0.09692270414344561,2016
1188,0.09165545318917415,0.1312210717182803,2016
1193,0.11351005441512677,0.4754661942490076,2016
1201,0.2854152227368255,0.1709362749566961,2016
1207,0.10889979857248551,0.03386272053096746,2016
1213,0.09402489612205292,0.1921912832929782,2016
1234,0.1022286520023132,0.2671434581405133,2016
1238,0.105682181985364,0.3749353559731081,2016
1248,0.24615040205093314,0.9689847189847189,2016
1257,0.09325142552321772,0.1057024491287925,2016
1266,0.11623028521935355,0.1129473308762335,2016
1273,0.11373769372231209,0.0460075656885799,2016
1281,0.15441151494784408,0.8176831313179704,2016
1291,0.0975279655432812,0.02275703994760969,2016
1298,0.11393478842547329,0.2494946942900454,2016
1309,0.10028232910695264,0.07990916295799551,2016
1317,0.10452582085044261,1.0,2016
1326,0.08762466389808865,0.005894314933246885,2016
1333,0.10659520571790519,0.2297677441631376,2016
1341,0.09265775066238562,0.150764591858712,2016
1350,0.15263881449721975,0.04300038711734209,2016
1357,0.09499156039855185,0.3912570222280861,2016
1371,0.12239914739690519,0.05246476919662673,2016
1377,0.32527207045309,1.0,2016
1386,0.4615398838825408,0.6991299715909091,2016
1402,0.09308464336333683,0.04407227853680035,2016
1408,0.1039808061384386,0.2200147688074694,2016
1419,0.10443944898682145,0.5414421619801314,2016
1427,0.10753848184457193,0.4979321753515302,2016
1431,0.12481129064204956,0.07112485744037289,2016
1438,0.1127541647902584,0.1636860910564314,2016
1446,0.3112069169491586,0.4436183070453316,2016
1455,0.5077866395778263,0.4758136123228969,2016
1464,0.4456976693145141,1.0,2016
1471,0.117528758262316,0.2482869514040693,2016
1478,0.09756491392522662,0.7049891540130152,2016
1485,0.3068736946782072,1.0,2016
1491,0.08739009376437303,0.1671237572848817,2016
1495,0.10073519350145405,0.3604645835242372,2016
1499,0.13753500551007017,0.7204063299011816,2016
1506,0.15334249164731978,0.2163888015099088,2016
1511,0.0883966154313683,0.3553421461897356,2016
1520,0.1422656012045076,0.2373016439995357,2016
1528,0.0992283508718931,0.5677200902934536,2016
1538,0.10234344805040527,0.02491280518186348,2016
1545,0.15439661272903413,0.07513547934346125,2016
1551,0.12715344101230625,0.6073667711598746,2016
1560,0.11902676941922748,0.3360364363474783,2016
1569,0.09009825443980471,0.04219204655674102,2016
1577,0.22921516755728047,0.2763576842010853,2016
1586,0.13271015690110372,0.01280409731113956,2016
1594,0.15429305654665312,0.5722507439259672,2016
1603,0.10527509532539926,0.1138330088687,2016
1612,0.17606936890741579,0.1517752137567147,2016
1617,0.09623176605647504,0.1157362380859755,2016
1623,0.32462032802352575,0.3727128981251412,2016
1631,0.11146810490886656,0.1478630321386505,2016
1636,0.09216735488783247,0.2761141746519616,2016
1647,0.2856191270817942,1.0,2016
1656,0.11103901270794099,0.1659711684370258,2016
1667,0.12067265235931385,0.09871093177792871,2016
1681,0.1983344827025851,0.623015392073688,2016
1689,0.11187460910121985,0.1561852823415712,2016
1699,0.2772889558990201,0.4618502285687356,2016
1709,0.08990152104705919,0.05038387715930902,2016
1714,0.11643146915514278,1.0,2016
1722,0.10494986169970298,0.009210138520483347,2016
1729,0.09467430607378033,0.1827334361451392,2016
1736,0.16829156760931654,1.0,2016
1745,0.10871948285968104,0.183947322475245,2016
1752,0.2733677076819866,1.0,2016
1757,0.3247781929500434,0.4651516174782198,2016
1765,0.12291416524583022,0.1973164956590371,2016
1775,0.20167250996098418,0.8584082138330748,2016
1784,0.10534727168262327,0.1812171419467899,2016
1791,0.10322928367969682,0.1644259380216271,2016
1798,0.12441612127348023,0.1298182387966155,2016
1801,0.08920314739795505,0.1707726073339745,2016
1809,0.2636595796833935,0.3001859527594822,2016
1815,0.1180068735721648,0.1125748428610469,2016
1821,0.2631446288754889,0.1434409312309089,2016
1827,0.29238516393373043,0.2978438211639907,2016
1835,0.1013684013997549,0.6513448414291448,2016
1841,0.10737635231038159,0.4149585526400869,2016
1856,0.13599658237905915,0.3661682406435817,2016
1866,0.1000830478713216,0.2806848836047557,2016
1879,0.10403944106934353,0.2686221669430625,2016
1888,0.10024658396229627,0.4569990396396993,2016
1893,0.29234814655768354,0.5741572146765274,2016
1900,0.1794069251208987,0.4453883701549399,2016
1917,0.14302772708690661,0.2896355671544412,2016
1925,0.20019389626587525,0.2801980391010273,2016
1939,0.08219776022302352,0.1657660928623297,2016
1957,0.09323361980571405,0.07396872880039887,2016
1965,0.07896870684503995,0.07374538699068613,2016
1979,0.1903115786596345,0.02095129440265923,2016
1985,0.11644025788882477,0.0852001858840308,2016
1991,0.10154439927223993,0.2863871163780006,2016
1997,0.09884267822594527,0.9357018423692128,2016
2004,0.1857166511784386,0.8526820856387226,2016
2014,0.16597526464351456,0.05241161694957563,2016
2020,0.20205220940872168,0.3861261389521639,2016
2027,0.13630628555326718,0.0269126254180602,2016
2033,0.17538933681430766,0.06448107659516034,2016
2039,0.2917493092213759,0.6278855392980182,2016
2044,0.13658230585181438,0.1172480140343928,2016
2048,0.11329094046797133,0.2793641728536074,2016
2070,0.17590318223462262,0.01604589917231001,2016
2088,0.3509821841777888,0.03095696080788651,2016
2108,0.3434657179819474,0.02849002849002849,2016
2109,0.15915115489958878,0.6732495511669659,2016
2114,0.29626086603797713,0.2596053997923157,2016
2126,0.4216456451834492,0.03599325730918738,2016
2127,0.1781174963344828,0.02170390317984688,2016
2135,0.34146612591586273,0.04427390791027154,2016
2140,0.45070330131364406,0.2224489795918368,2016
2161,0.3722880696150666,0.1226494645416983,2016
2162,0.2461373746315372,0.6007488005483207,2016
2180,0.29325894718676665,0.1762891141472014,2016
2184,0.30117612048264,1.0,2016
2185,0.4582141809382464,0.08130300416846341,2016
2190,0.3114290568504976,0.02088554720133667,2016
2194,0.22009152122911027,0.2464065708418891,2016
2203,0.3206700679622298,0.06264484356894554,2016
2226,0.16363765349233764,0.08564858269194667,2016
2238,0.37514998759396584,0.04757785467128028,2016
2241,0.198531670339622,0.1352467765348817,2016
2250,0.2624063745577539,0.005813052239962796,2016
2256,0.4906656997436022,0.02632687447346251,2016
2291,0.3825174225984631,0.01438067237632622,2016
2297,0.5120503720337454,1.0,2016
2314,0.3540368236691697,0.02691280251983573,2016
2315,0.17942656573926674,0.04793521529064997,2016
2318,0.4043954139188736,0.04899825783972125,2016
2323,0.37589012078829814,0.03693853427895981,2016
2324,0.1303781319251776,0.2940689198144467,2016
2330,0.3617131531954579,0.03540763034433921,2016
2335,0.31418866302687565,0.01016260162601626,2016
2346,0.08276562949959944,0.1691761123329386,2016
2358,0.34918843616995854,0.03424266636228741,2016
2362,0.3191858123621295,0.01840264998159735,2016
2366,0.4146072579850842,0.01855976243504083,2016
2371,0.4203345129820893,0.4977246871444824,2016
2386,0.25843970150790296,0.01438204538172497,2016
2395,0.38221452733769007,0.2429697415002338,2016
2402,0.43913404248557686,1.0,2016
2410,0.22296654971360388,0.02941514840922877,2016
2415,0.5440011495834158,0.6417687976151044,2016
2431,0.3215464002188073,0.0861978894577369,2016
2453,0.2777671818504163,0.9768839905532096,2016
2454,0.8451946412851888,0.5756035725915243,2016
2463,0.37990225620228935,0.02852685535992868,2016
2468,0.22747017837164082,0.9105928458908058,2016
2475,0.34898272141859293,0.386786918903065,2016
2486,0.38496406544567063,0.01796259002628255,2016
2496,0.32798773499974754,0.04639175257731959,2016
2651,0.7323168390409951,1.0,2016
2659,0.6728154280397669,0.884419168687798,2016
2664,0.25349996551683734,1.0,2016
2671,0.7343137400049221,1.0,2016
2702,0.2100490510296381,0.7034573017777294,2016
2711,0.7652278965232323,1.0,2016
2720,0.604307182839012,0.1057210262459451,2016
2734,0.41408426526533587,0.9215110948101962,2016
2746,0.5985459469104011,1.0,2016
2759,0.8482598856048973,0.7664025421139469,2016
2780,0.361869945760344,0.9095075485262402,2016
2791,0.37538587299258713,1.0,2016
2801,0.5808057424900289,0.04417585524455754,2016
2813,0.41525532323887887,1.0,2016
2824,0.4266968768643626,1.0,2016
2829,0.27812506935102804,0.3753638731423318,2016
2836,0.6452666274506736,1.0,2016
2842,0.49478998591927975,1.0,2016
2870,0.6597331180949776,1.0,2016
2890,0.5319075869410572,1.0,2016
2905,0.2158235291393636,0.6007488087134104,2016
2913,0.503085799097013,1.0,2016
2918,0.26206384009430805,1.0,2016
2937,0.4862174520494607,1.0,2016
2953,0.5883959942346619,1.0,2016
2970,0.6423795374653024,1.0,2016
2978,0.6221422535762013,1.0,2016
2992,0.20904389854768754,0.6254667662434653,2016
2997,0.5668316797178168,1.0,2016
3012,0.23716402003433562,0.08895303950857641,2016
3022,0.6972206385691249,1.0,2016
3030,0.5999237056827514,1.0,2016
3042,0.5030966466911277,0.8186642911810095,2016
3053,0.7162572263015528,1.0,2016
3062,0.386573582824815,0.6732100163583742,2016
3079,0.4127230773078997,1.0,2016
3086,0.6047560604764,1.0,2016
3095,0.47694444229747346,0.1354029823227085,2016
3108,0.37048736109308017,0.04449190247374978,2016
3134,0.5938758231720079,1.0,2016
3146,0.8597127579120584,0.3963943755091439,2016
3165,0.6662966001106535,1.0,2016
3179,0.38084323577318774,1.0,2016
3190,0.600158647053244,1.0,2016
3201,0.7046367395816621,0.7038078589344077,2016
3216,0.5622514331784286,1.0,2016
3226,0.28778269129297873,1.0,2016
3231,0.3747084965521967,1.0,2016
3238,0.15146811528833426,0.2128683548052717,2016
3243,0.6931725754658756,1.0,2016
3258,0.7083679934346327,1.0,2016
3263,0.4657759137357064,0.8576051779935273,2016
3275,0.536071187061249,1.0,2016
3288,0.4354333931588057,1.0,2016
3301,0.6379632790649721,1.0,2016
3311,0.5634951272039851,1.0,2016
3321,0.7854368464385137,1.0,2016
3340,0.6006226985076311,0.6097844988200224,2016
3358,0.2808978458598223,0.3922087079146836,2016
3367,0.6609494309896692,1.0,2016
3379,0.35547711067207904,1.0,2016
3384,0.260545653005825,0.6504014641634196,2016
3394,0.18238951674134,0.5871794871794872,2016
3403,0.6794079240477743,1.0,2016
3407,0.5583358709364615,0.1019160211985324,2016
3414,0.5667700561068271,1.0,2016
3428,0.4871180865906575,1.0,2016
3438,0.1388769514846707,0.165128046660744,2016
3447,0.6046318074022617,1.0,2016
3454,0.25036200273401094,0.6067961165048544,2016
3458,0.3662581389369919,0.03226702391844203,2016
3463,0.3942396675214947,0.07708013261098083,2016
3469,0.24962274484316888,0.07292224953334935,2016
3476,0.30583843293734947,0.2257289595758781,2016
3481,0.4712843366317519,0.4348304711580801,2016
3484,0.35590101242781974,0.1730253140464408,2016
3488,0.3231256996281184,0.1534965212533645,2016
3493,0.21351984236510876,1.0,2016
3498,0.3203563960867842,0.3434308410036566,2016
3507,0.3443691110849501,0.05066468162474803,2016
3512,0.20194116053762529,0.01706592726044364,2016
3516,0.28707527334101696,0.3131002769504102,2016
3519,0.23458076772190647,0.1230081257914732,2016
3524,0.3226055485680429,0.2064411973476914,2016
3528,0.2293957654965437,0.03541905283601414,2016
3534,0.23614715695166297,0.6306542568118343,2016
3539,0.34092824859231713,0.4722991079299038,2016
3543,0.3141633961589368,0.06213598212243319,2016
3548,0.337159229360051,0.331211999337576,2016
3552,0.2281228036548566,0.138343604739215,2016
3557,0.33184570978801775,0.06112404965023754,2016
3561,0.22300055808099986,0.2004321119920005,2016
3565,0.3304398618927319,0.06896947817525435,2016
3569,0.2599873396524073,0.1119236101793461,2016
3577,0.21801094379776098,0.01352256336286833,2016
3583,0.34705221664279395,0.1301758931685684,2016
3587,0.42058493987115747,0.02200419127452848,2016
3591,0.29698862706021373,0.08636788048552754,2016
3595,0.40521373988060705,0.01032686333076931,2016
3601,0.4134403720904908,0.06358141510891394,2016
3604,0.3167975819529955,0.4102620206772058,2016
3610,0.2713872658290131,0.07910796353499584,2016
3621,0.2813555607196074,0.1666157805207834,2016
3629,0.28294347911541545,0.08156860866232274,2016
3635,0.2221457415086602,0.6688002313687288,2016
3641,0.35665125544564424,0.03725835423002365,2016
3643,0.2659318230753829,0.0008101101749837977,2016
3649,0.32568715544301313,0.0439521800281294,2016
3653,0.2993953756000856,0.03575949367088608,2016
3663,0.21927311710735709,0.331511967222779,2016
3673,0.22274326248400522,0.3543578913167086,2016
3682,0.24688443366876153,0.02045317695106946,2016
3688,0.23069378222835915,0.5756735230003912,2016
3692,0.3573561553519453,0.1956359102244389,2016
3698,0.23894891632867604,0.05452667023800414,2016
3704,0.21634301373328352,0.1300788566935689,2016
3708,0.32947360936173997,0.4289260878727216,2016
3720,0.3853540552957879,0.005085849133371307,2016
3727,0.39179297016540854,0.03130661835233934,2016
3736,0.2194697287631146,0.1742437643728993,2016
3740,0.31034066152691203,0.1659170098194488,2016
3752,0.22712903337971388,0.7032093869760146,2016
3755,0.23715170054783377,0.1126004326328801,2016
3760,0.3840561636784271,0.3207013574660634,2016
3775,0.35849713052455934,0.3115731785944552,2016
944,0.1556517186453118,0.03010872680484667,2017
954,0.2740643562467125,0.001479510053904892,2017
958,0.30822790795276406,0.1852561175032043,2017
991,0.3508767081695906,0.500554854741874,2017
1010,0.3255718290211599,0.04628078774308433,2017
1025,0.2496901490490581,0.04630936419448169,2017
1054,0.393318872767502,0.5915391853089564,2017
2642,0.21045558018560048,0.3868448835680564,2017
2644,0.19460416321436533,0.03646547448875405,2017
2668,0.4118593130225166,1.0,2017
2674,0.44613606088818974,0.06206040546131568,2017
2680,0.339760157942715,0.04164726764825701,2017
2690,0.5882337891938864,0.00457763671875,2017
2697,0.23759401377848297,1.0,2017
2705,0.29474308700046625,0.1470255598280932,2017
2722,0.4679634584501545,0.2786291446085261,2017
2728,0.37073694987508643,0.5182829124471221,2017
2738,0.2552575770782155,0.02471966844087266,2017
2740,0.20726775773217732,0.05107410388163189,2017
2750,0.29323357282552803,0.01710019738513553,2017
2752,0.20918389421268355,0.08585403913095668,2017
2764,0.3686230270892992,0.1651858068997453,2017
2772,0.34773403146034054,0.04438186771142604,2017
2774,0.31189405505266093,0.3037107936975409,2017
2785,0.36279717346256435,0.8387596899224806,2017
2795,0.34738312729813176,0.07560613876708797,2017
2805,0.3190890737024263,0.3933444722918408,2017
2807,0.37167109860520037,0.7064807837226827,2017
2818,0.3309600165287977,0.3044740636813593,2017
2858,0.44483717788898497,0.04171164981843164,2017
2866,0.33853130424484557,0.0530256883288663,2017
2874,0.4594283122872182,0.2415258915755769,2017
2888,0.36735453361630965,0.8668341708542713,2017
2898,0.25442786932917594,0.2932750301568154,2017
2920,0.4374528215717437,1.0,2017
2928,0.250384548113759,0.198373338623289,2017
2930,0.2963141048043027,0.5506607929515419,2017
2939,0.26695167472757136,1.0,2017
2948,0.3150248688813392,0.207837357820353,2017
2950,0.3455830256308772,1.0,2017
2956,0.6107068360856996,0.3885702985960055,2017
2963,0.29158200452783317,0.3604209911779969,2017
2983,0.49266502406938023,0.8360300618921309,2017
3002,0.45047499057259366,0.2577319587628866,2017
3015,0.2676571729104108,0.7882882882882883,2017
3017,0.2565169454353356,0.6106071179344035,2017
3025,0.34186919201629395,0.0303030303030303,2017
3035,0.22434764162005374,0.08615918356327117,2017
3037,0.2837821631756063,0.04794764808673015,2017
3047,0.3648685749038374,0.1172114165558614,2017
3057,0.4658268313781906,1.0,2017
3060,0.28742057353805667,1.0,2017
3070,0.2528962494697322,0.1346221157211707,2017
3072,0.34282942216992424,0.4524842656659239,2017
3091,0.23537733311840722,0.161442161590804,2017
3097,0.4292099591355544,0.002791372797141634,2017
3102,0.4305044420001596,0.05787037037037036,2017
3117,0.24004907281404106,0.01338912133891213,2017
3127,0.24608609154171432,1.0,2017
3139,0.20899869858973602,0.0281408920662785,2017
3149,0.40845360744318,0.6805807622504537,2017
3160,0.1975718906357349,0.7240512798671153,2017
3171,0.2918306298076048,0.689802304081923,2017
3183,0.36544341161007926,0.9968271606743381,2017
3185,0.31312286722417415,0.3200919238345371,2017
3195,0.30867659719321017,0.2363159182402527,2017
3197,0.17956487492947112,0.06215532049543441,2017
3204,0.4255696863130097,1.0,2017
3210,0.32086914809433836,0.1039868707733228,2017
3241,0.2226724170175856,0.4206030801087097,2017
3242,0.2264037337934769,1.0,2017
3251,0.2615573993427,0.3229224197202466,2017
3269,0.2623075722061451,0.39339593114241,2017
3284,0.41044802075327363,0.218161985274066,2017
3294,0.29825039906084283,0.1725334655428855,2017
3296,0.18878872775446748,0.1961948043139117,2017
3315,0.24597850676220573,0.1410280991031295,2017
3324,0.45754620751360764,0.09073347772639467,2017
3334,0.2615207291025518,0.02500756042524483,2017
3336,0.21538656282868784,0.01395790296465859,2017
3353,0.17509457653087396,0.1336171754687925,2017
3372,0.402227429356452,0.7144898542440697,2017
3375,0.27413636694632665,0.601229179656186,2017
3388,0.24982468549649245,0.1096522356281051,2017
3417,0.4717766511963882,0.07461249638971791,2017
3433,0.25569548821882915,0.2398004859956516,2017
3867,0.3589482740254378,1.0,2017
3871,0.5092507850159517,0.286279408702894,2017
3884,0.2665768291472207,1.0,2017
3887,0.3803837777400194,1.0,2017
3889,0.318966748355755,1.0,2017
3892,0.4007571124255637,0.0,2017
3894,0.4604462978565547,0.0,2017
3898,0.33603265602178134,1.0,2017
3903,0.5062663042735052,1.0,2017
3914,0.5089204617473744,0.7656967840735067,2017
3921,0.569073122217013,1.0,2017
3926,0.4133144342680451,1.0,2017
3930,0.4411385959623271,0.0,2017
3932,0.46550970578109635,1.0,2017
3933,0.4835948675615076,1.0,2017
3937,0.6222129796227783,1.0,2017
3946,0.24913310854304657,1.0,2017
3952,0.3795027245773637,0.4760304659498208,2017
3955,0.4553136971548075,0.4224757076468104,2017
3960,0.3854629823795215,0.0,2017
3970,0.2942315846206173,1.0,2017
3974,0.40835379136796285,1.0,2017
3979,0.2962826697649626,1.0,2017
3981,0.20992435045599464,0.0,2017
3986,0.4383913767941887,1.0,2017
3992,0.4332499455129064,0.0,2017
3993,0.35708270775428863,0.882444814660558,2017
3995,0.2952667201720113,0.193929173693086,2017
3997,0.4021454258840572,0.2805371596762326,2017
4000,0.3403371035855865,1.0,2017
4003,0.5847200918896889,0.0,2017
4006,0.44905830972044436,0.2866781099508892,2017
4010,0.47207890716548156,0.0,2017
4013,0.3166099286665753,0.0,2017
4015,0.598107972247228,0.2774079005770084,2017
4020,0.4569281636506664,0.09510869565217392,2017
4027,0.553464871270674,1.0,2017
4030,0.2987583090043183,0.0,2017
4036,0.29754004174532317,0.0,2017
4044,0.4354569527166218,1.0,2017
4052,0.37158483145378746,0.0,2017
4055,0.41297731979675445,0.5183137525915688,2017
4057,0.29419676225448077,0.04385964912280702,2017
4059,0.39700488638513115,0.1861966236345581,2017
4065,0.3004778820989484,0.6570713391739674,2017
4068,0.4935654439352321,0.7068427689652883,2017
4073,0.3569036064478528,1.0,2017
4077,0.502995925137099,0.0,2017
4079,0.4203502371300343,1.0,2017
4085,0.4634284902107739,1.0,2017
4088,0.46398649757348115,1.0,2017
4094,0.34198484526226536,0.5777596519847743,2017
4099,0.5555476695110236,1.0,2017
4104,0.4731921415513856,1.0,2017
4107,0.4831380637437585,1.0,2017
4111,0.5100524785665375,0.5303660565723793,2017
4114,0.36223147192109934,1.0,2017
4121,0.44034185801808257,1.0,2017
4123,0.29850656796059544,1.0,2017
4125,0.4276966314118127,1.0,2017
4132,0.33330812247389524,1.0,2017
4135,0.5864948158368829,0.0,2017
4143,0.4825725094861888,1.0,2017
4145,0.46561207405902144,1.0,2017
4150,0.5833721347358725,0.0,2017
4158,0.46622206191642657,0.1844111138431276,2017
4160,0.416547154457283,1.0,2017
4163,0.28337720501106206,0.7626601586333129,2017
4175,0.5134191090924536,0.0,2017
4180,0.4276611312639267,1.0,2017
4183,0.4443189245257069,1.0,2017
4187,0.3663287909822903,1.0,2017
4189,0.38111141960576256,1.0,2017
4192,0.43389883062169105,1.0,2017
4195,0.49763190951979197,0.2057274522712311,2017
4198,0.3135199182916019,1.0,2017
4201,0.44704675858686826,1.0,2017
4205,0.29969687395567546,1.0,2017
4209,0.4838870311729932,1.0,2017
4218,0.5220252827718905,1.0,2017
4223,0.19947187901688693,0.1543789937174462,2017
4224,0.34899505903232253,1.0,2017
4225,0.3486955015788423,0.005181561930028188,2017
4226,0.3099637172324583,0.1336715888148165,2017
4227,0.24953427974047573,0.05430060816681147,2017
4228,0.24747629036572277,0.2269495789128295,2017
4229,0.24112833214071203,0.1890647121019337,2017
4230,0.16384336792950613,0.01319403629559439,2017
4231,0.20186044955781465,0.1135749053542456,2017
4232,0.24570954610028978,0.4870248984982635,2017
4233,0.14101758262261768,0.3751013787510138,2017
4234,0.2398898664507081,0.01547987616099071,2017
4235,0.24439299210145368,0.05839079729257365,2017
4236,0.1724834538956602,0.06586747464102227,2017
4237,0.14226054250275566,0.3485223603457147,2017
4238,0.1469896266100365,0.6110975311659741,2017
4239,0.18129669782515326,0.2039241622574956,2017
4240,0.19553177926378798,0.1953004543305306,2017
4241,0.17227028678058687,0.03096934035305048,2017
4242,0.18335845420122315,0.9143131780107109,2017
4243,0.3782547859394614,0.8428338762214984,2017
4244,0.13124237844595346,0.04363619209359373,2017
4245,0.2205044995569406,0.0668926150552979,2017
4246,0.181225825019348,0.1309588544498822,2017
4247,0.28797798678606834,0.03061549286336527,2017
4248,0.4197108354140285,1.0,2017
4249,0.1885022148901273,0.05685685995420509,2017
4250,0.17281594869904088,1.0,2017
4251,0.3363615686464685,0.3580430797433547,2017
4252,0.22544070215344886,0.02029531599424073,2017
4253,0.2751103753954632,0.9329090501289671,2017
4297,0.3238566534197034,0.1063469914161275,2017
4298,0.3385121904136215,0.2131986219211934,2017
4299,0.38451760700073245,0.25998471774419,2017
2,0.3796665883577301,0.4415424991534033,2018
4,0.2878358256870654,1.0,2018
9,0.4234239341191362,0.2618440332121344,2018
26,0.481561097357164,0.4829397269636851,2018
40,0.5802229614702926,0.04216207100092757,2018
48,0.781026580658504,1.0,2018
53,0.5361836800825963,1.0,2018
55,0.3947083450841557,0.98820032943691,2018
61,0.8116528815442641,1.0,2018
63,0.23444999663377664,0.4046879046879047,2018
67,0.5068811344576944,0.8514693225132177,2018
73,0.43514839971758396,0.238673139158576,2018
79,0.7869687312407136,0.1865584627582668,2018
81,0.1802759293199307,0.0677333413609886,2018
85,0.2696691069965299,0.1132637853949329,2018
91,0.8043366405126976,1.0,2018
96,0.37474865530955714,0.4921132971506106,2018
110,0.5770747760772741,1.0,2018
119,0.5262008693209222,0.2806078304131516,2018
127,0.5452460839832916,0.4840812444046554,2018
136,0.19922179308687743,0.8816500415627597,2018
140,0.5045420877042047,0.5823697000167588,2018
146,0.6093292465593204,0.04235578862444535,2018
151,0.46627746808520937,0.5935422602089269,2018
159,0.40822193008888413,1.0,2018
166,0.7857724564036931,0.4624589099893218,2018
168,0.24831786471059733,0.05042902620538444,2018
174,0.4359960593339633,1.0,2018
177,0.5088876509177669,1.0,2018
186,0.31327098409767085,0.4391891891891892,2018
192,0.5721165775633517,0.2962907117008444,2018
198,0.6355128715593639,0.2928995393338058,2018
205,0.3912878787699545,0.2427862939585212,2018
211,0.7025057214712366,1.0,2018
213,0.2026759866550905,0.1684787492137658,2018
218,0.8061549541356016,1.0,2018
224,0.5744919913665418,0.5365489754183883,2018
227,0.2569495282575156,0.1094181528811497,2018
236,0.6061331146471355,1.0,2018
243,0.5040395665191687,1.0,2018
250,0.4419213982550833,0.0738201950962299,2018
257,0.4730070565217113,1.0,2018
263,0.8333764652751616,0.6481673450236243,2018
269,0.5565764852845234,1.0,2018
271,0.4275050379201384,0.3668763102725367,2018
275,0.5949408238734697,0.4595588235294117,2018
278,0.749546761222228,0.4789272030651341,2018
295,0.42797995673352823,1.0,2018
300,0.4789639904000813,0.6407974368102528,2018
307,0.37322174436563105,0.5600378787878788,2018
311,0.2907022964386808,0.9372242531198789,2018
319,0.27658528826099893,0.365321138770458,2018
325,0.19539808777368325,0.1385711771951434,2018
330,0.5045892485959665,0.01743645381277123,2018
334,0.2819376930275091,0.6488801054018445,2018
339,0.2237518199941169,0.1450200694204544,2018
348,0.46991931901646855,0.4415708970649029,2018
358,0.37309992132257463,1.0,2018
363,0.4550070528724027,0.4316919446283132,2018
369,0.21916995414394025,0.2895138098087279,2018
376,0.3861758989027327,1.0,2018
381,0.39368347442944635,0.3843159176665535,2018
391,0.31047060408999205,0.1098983992550319,2018
397,0.512297046526441,0.574196015684068,2018
402,0.2631220219342469,0.3444935603580005,2018
406,0.3505055154191148,0.03301656570296575,2018
409,0.32165664101749725,1.0,2018
415,0.19761098588772832,0.02540650406504065,2018
418,0.2749967564449068,0.02082292187239713,2018
423,0.21644859559660767,0.0782938210516426,2018
427,0.2989086691347282,0.3763882937450056,2018
429,0.24352523721391198,0.004627687143668091,2018
433,0.2687483764411941,0.8102284851256044,2018
439,0.5775054712150366,0.2012660358304971,2018
441,0.30067164930837353,0.02910391685804697,2018
451,0.4913417605668584,1.0,2018
455,0.3271345776263401,1.0,2018
457,0.4233757431018186,0.06957292330654063,2018
461,0.2773502910824284,1.0,2018
467,0.4543519138520052,0.6999867961620844,2018
473,0.3188026978898105,0.161598689002185,2018
480,0.5119085350633522,0.4088632047672058,2018
490,0.4579465613987238,0.02010723860589813,2018
492,0.33772451338410064,0.3134195724935747,2018
495,0.28415017541297316,0.01494080453244246,2018
498,0.3846354378828694,0.6164383561643836,2018
500,0.37790284350673947,0.08167532425103727,2018
505,0.26525412948010263,0.252726088039708,2018
509,0.23365676859383078,0.006903502837339666,2018
517,0.30714928641113437,0.13,2018
525,0.43857363391907267,1.0,2018
541,0.38107758490649796,0.3621132481185043,2018
551,0.5539675213802591,0.7012186244249025,2018
557,0.5109707571955386,0.4017785396689345,2018
560,0.315554386527177,0.3319759206798867,2018
563,0.2613002009086717,0.5213974182595206,2018
565,0.24681922715146204,0.1133221522143149,2018
579,0.42169887921646093,0.6904516809360013,2018
582,0.3110233002326965,0.01675288819792532,2018
585,0.40468008437001485,0.599849012013392,2018
587,0.4657117272750999,0.4754194046431059,2018
594,0.44978644159671577,0.2844537103995814,2018
600,0.3480748662100649,0.02246734285303454,2018
604,0.309027519422917,0.8154924683094867,2018
610,0.21947646595418968,0.08270074517724076,2018
616,0.32131384486758624,0.2342522467939009,2018
623,0.3082609286730416,0.833631413695799,2018
638,0.4508454654318698,0.2416546589817483,2018
641,0.3281107753940594,0.002821861525611215,2018
647,0.47618140112728674,0.6427985098187788,2018
652,0.30388162146027237,0.4991203621340607,2018
656,0.2546426385751994,0.01728708078829088,2018
694,0.30204535803770205,0.06967897845933528,2018
696,0.16601535811247956,0.02136362600551467,2018
698,0.3083011155589431,1.0,2018
700,0.20891364166144494,0.03847633705271258,2018
704,0.2930920589643576,0.5589421863614552,2018
706,0.2396740835415178,0.1801139149786881,2018
710,0.3467171978471189,0.1553154468766021,2018
721,0.48282978172471874,0.0898418782942022,2018
725,0.41855072746154853,1.0,2018
729,0.3057913428389062,0.0,2018
734,0.4557292865492104,1.0,2018
741,0.5762643264781093,0.949490538573508,2018
746,0.3734122959506017,0.8419499227927523,2018
754,0.35263332411352216,0.552363710258447,2018
757,0.20087197400585696,0.01505026789476853,2018
761,0.2579883653918939,0.4547338826165138,2018
766,0.2518405403174513,0.00094745059992572,2018
774,0.27559304197347495,0.8936079648682039,2018
779,0.29976107725850404,0.3218530496220158,2018
783,0.2849532495698604,0.4354996051470247,2018
788,0.5930269583166287,1.0,2018
795,0.5136305434271259,0.873246854038472,2018
801,0.5415715285518812,0.4656862745098039,2018
812,0.4376467203910417,0.7943567297170548,2018
819,0.2502005432179177,0.001577685220244857,2018
823,0.38446601632584654,0.2086020638503708,2018
831,0.2910538565796127,0.2283392649050424,2018
834,0.19198949611884944,0.00161134386077989,2018
836,0.26636786598649753,0.8309197094155073,2018
840,0.5122951296026219,0.8812788791176032,2018
847,0.48452795958216965,1.0,2018
852,0.46658757162655967,0.654544075541819,2018
855,0.28746759462672844,0.3444023819063541,2018
859,0.1976069198597901,0.05662685169805053,2018
867,0.44112212974980636,0.4256799774944847,2018
871,0.46812823965297407,1.0,2018
876,0.4502252924155072,1.0,2018
881,0.4497197656725533,0.1745430594434381,2018
887,0.4571299407767268,0.1165113182423435,2018
894,0.26037852387174476,0.3239859683008577,2018
898,0.27180947243423337,0.00420991396466734,2018
901,0.2790278872131675,0.09080128874436921,2018
906,0.24253891894768867,0.4654162742127032,2018
911,0.20287291087383874,0.001493750149375015,2018
920,0.27150599146196014,0.4405756576193426,2018
924,0.23863937222824186,0.1159296797919096,2018
1195,0.2066277058739292,0.1235657546337158,2018
1210,0.17307502834129024,0.1294955304552699,2018
1211,0.3879247880345708,0.009210930303960701,2018
1216,0.16938059723568918,0.2231513670957437,2018
1222,0.3635961340978815,0.07333270756089548,2018
1224,0.09893039159029306,0.1476990049751244,2018
1229,0.15503448762466135,1.0,2018
1241,0.1674300793304092,0.03810780345339961,2018
1247,0.4259188164377518,0.05326937642009594,2018
1250,0.2772730321698689,0.08251786269027649,2018
1255,0.4798197206338867,0.06068834064590376,2018
1260,0.1739862455382692,0.0478009436694091,2018
1265,0.3746606241117372,0.06812647743632583,2018
1268,0.10106460136608462,0.2089021262513445,2018
1276,0.19201088391426108,0.4239111723188156,2018
1283,0.2993690875551205,0.3942532429589809,2018
1290,0.1686164712370643,0.06394330971238014,2018
1294,0.17753238610027164,0.05868745716244002,2018
1302,0.15662090825202515,0.07959436353988562,2018
1312,0.17059103882036009,0.02685680332739156,2018
1315,0.3768718645726659,0.04852958973738351,2018
1320,0.2741436155395733,0.3773720936829266,2018
1324,0.2479765309064977,0.1599574370526903,2018
1329,0.17815309394151368,0.3397318708104815,2018
1336,0.12383461948781524,0.4246992139895144,2018
1344,0.16294410226518963,0.09355643496214727,2018
1353,0.20505611958075898,0.1320808981935197,2018
1360,0.11305081821970862,0.4120509832554047,2018
1367,0.2925312827229199,0.04701187909920653,2018
1370,0.2161101306016385,0.4759553397525581,2018
1374,0.09691053090369833,0.02016832373975231,2018
1379,0.28564929128852584,0.3176261130988444,2018
1384,0.21698716998853557,0.008364216594605723,2018
1389,0.3865100829235744,0.3307560793173457,2018
1394,0.5173928730768816,0.4517486676273474,2018
1398,0.11924124092868492,0.1815692344326706,2018
1404,0.16845182041730966,0.09426819945901446,2018
1411,0.22453142792311037,0.07079851668726823,2018
1417,0.281384749112924,0.06314799353195448,2018
1422,0.17365000940190348,0.02446819567627495,2018
1426,0.416879682559071,0.1121504459368226,2018
1434,0.14136753836261315,0.07495975360639251,2018
1441,0.14610562340922287,0.1933849696859326,2018
1449,0.3768665738229915,0.400729575900898,2018
1458,0.327412716994545,0.3123412899949213,2018
1463,0.529828751551249,0.6156723327037738,2018
1467,0.41954237161745744,0.1607121248789932,2018
1470,0.4406756768765652,0.2331973015740818,2018
1474,0.13719503649028666,0.02560486240534596,2018
1480,0.25937371312532115,1.0,2018
1490,0.5041465700723459,0.4320973158302609,2018
1497,0.15840055634098482,0.004534372445672088,2018
1502,0.2951456112163335,0.2348871685060122,2018
1508,0.28698201681713953,0.1692398321101593,2018
1514,0.27334251858801756,1.0,2018
1519,0.3092137649016038,0.1186652896069721,2018
1523,0.17139131817371894,0.1241198448052881,2018
1530,0.16820664162178264,0.02524928317713014,2018
1541,0.15966311555467927,0.01394120108809374,2018
1548,0.2584449601505511,0.05824638652244664,2018
1554,0.13879861115621525,0.3626712328767123,2018
1558,0.4022579765383127,0.1227805062334719,2018
1572,0.19889937074971403,0.4118413433700058,2018
1580,0.21917503477367303,0.0610648064757351,2018
1585,0.26291484561579187,0.3369280009226954,2018
1589,0.1509246185795595,0.1156560269139247,2018
1597,0.32350170860107075,0.597854893524148,2018
1602,0.25664743552003244,0.03036744609778318,2018
1606,0.20823803019288523,0.6177295451774174,2018
1614,0.2931666877510163,0.9031963041999859,2018
1619,0.17111366775353323,0.02213881938652581,2018
1625,0.25440499365386166,0.0924420031913588,2018
1629,0.19777447944742965,0.001474899885583524,2018
1639,0.10021553519301847,0.110308145921258,2018
1645,0.2977953033760004,0.003764442787923965,2018
1649,0.24318100549959812,0.1515790636042403,2018
1655,0.27663415684096304,0.1712251468782156,2018
1664,0.25513213918783206,0.3814952861214645,2018
1670,0.15758773764085593,0.1953147706795327,2018
1676,0.10015434000089339,0.1078914919852034,2018
1684,0.21127503354414617,0.4628524894418878,2018
1691,0.17009998420922323,0.01786281359161639,2018
1697,0.38064161641661115,0.07715550672182006,2018
1702,0.2939003236474447,0.1652881948011918,2018
1708,0.2763959160767671,0.04679432579366331,2018
1712,0.20877893717183155,0.01173551502145923,2018
1717,0.11082092336067487,0.3668229060525778,2018
1725,0.16453545327995048,0.6058767965624536,2018
1732,0.20076413295875367,0.6233766233766234,2018
1738,0.3114257986847131,1.0,2018
1743,0.25843708245081165,0.03213743134276031,2018
1748,0.14542103595973777,0.01734605377276669,2018
1751,0.39721350911949166,0.005190760446405399,2018
1760,0.26219310762585657,0.2348759048603929,2018
1769,0.13609877965651285,0.1809576837416481,2018
1773,0.4179312613302798,0.06593820648078373,2018
1778,0.14924318732372552,0.592714941386266,2018
1783,0.29345539474861937,0.237724496583419,2018
1787,0.16684507983737615,0.00961511068060739,2018
1793,0.15172699054617542,0.01010483769104459,2018
1797,0.3781916599320588,0.5546460887722867,2018
1804,0.164744108585997,0.09193107795755412,2018
1808,0.3698607645902753,0.203470357364181,2018
1812,0.19085634084263625,0.1619631677669241,2018
1818,0.24267514184418149,0.2350408750970194,2018
1824,0.23200608179098708,0.08622865315050056,2018
1830,0.2569943001944828,1.0,2018
1837,0.16162257094430874,0.09356055919831746,2018
1844,0.1111989138644647,0.05467495765316727,2018
1850,0.13432498271244997,0.3028583085341269,2018
1855,0.34284589852764036,0.0006678777516563369,2018
1859,0.21652021144396863,0.0,2018
1863,0.2472710503649842,0.1319261213720317,2018
1870,0.12248844265828568,0.2446773647053596,2018
1877,0.31598085634736073,0.009968441787707973,2018
1882,0.10464227363095359,0.110670126698214,2018
1895,0.338381408242189,1.0,2018
1903,0.17609907248238724,0.02446988442384189,2018
1908,0.28873551106458,0.5711671058236956,2018
1911,0.13459203346035833,0.1397464708834246,2018
1919,0.27951634320098867,0.2173913043478261,2018
1924,0.1873026929017448,0.1622400622435988,2018
1928,0.28075909919139225,0.3292572089564571,2018
1933,0.1668270991488969,0.3200310961388961,2018
1942,0.19127955560481077,0.3633176417767287,2018
1949,0.3008142395414754,0.01863783383364414,2018
1952,0.16025686330935446,0.2846954435832291,2018
1960,0.11621032785000276,0.04142430812804532,2018
1968,0.15573055788318313,0.08122421131290815,2018
1975,0.09830115835606393,0.02569079698561316,2018
1982,0.38956070043257407,0.4115561820209118,2018
1988,0.1435659440774727,0.02321582766508612,2018
1993,0.23260179864015337,0.07847012322715646,2018
1996,0.35470943327809135,0.1217402051662341,2018
2000,0.1771101210132105,1.0,2018
2007,0.21387312078876075,0.1776864086767992,2018
2013,0.26377886761745123,0.3237403564629788,2018
2017,0.30880496659205087,0.07091815669959031,2018
2023,0.24420944836421896,0.8753664344004236,2018
2030,0.1159473737603193,0.16240796881767,2018
2036,0.3084035765901021,0.5541809091874583,2018
2042,0.2344348495742789,1.0,2018
2051,0.12960077100087203,0.04813164964256985,2018
2086,0.1558447780505054,0.002221827230714539,2018
2158,0.2073867978885323,0.2296410981616034,2018
2183,0.1940350445565415,0.1490135304285629,2018
2200,0.20570683051631033,0.01917113053284466,2018
2230,0.25190158459994927,0.1323341836734694,2018
2247,0.2130066611391204,1.0,2018
2276,0.240962268837277,0.1318101933216169,2018
2289,0.17806163002090905,0.003212946986374725,2018
2295,0.14667556388365366,0.0283899730820996,2018
2304,0.23185775510139373,0.2735713764857441,2018
2311,0.2648970338633569,0.007838397790055247,2018
2342,0.264961372798572,0.008207856900260387,2018
2356,0.1814057312048134,0.04763067904250123,2018
2370,0.2436292335073666,0.5414185165132648,2018
2377,0.23174313197054763,0.01073883161512027,2018
2393,0.23502743482492452,0.08737784635526254,2018
2421,0.28703827926832154,0.04230605285592498,2018
2428,0.2199100205054216,0.2031054468813805,2018
2444,0.2089800301002166,0.009265498652291105,2018
2461,0.2138900727846275,0.005763024435223605,2018
2466,0.21055197986937116,0.1804454192677578,2018
2473,0.17142779172521924,0.002314814814814815,2018
2483,0.25655805440189555,0.0406269434079602,2018
56,0.2739438254540101,0.009928514694201748,2019
75,0.23915118597541168,0.04104785915552637,2019
121,0.2293100113625972,0.0,2019
124,0.3857877529703215,0.0,2019
162,0.2760106587061354,0.005012539962517914,2019
214,0.27621215789896686,0.177126088457555,2019
222,0.7429029393746063,0.2442487559596696,2019
259,0.2916735277646778,0.2257357214561209,2019
1244,0.24118198004600777,0.001857447124671851,2019
1300,0.13303121664978362,0.06614534336782692,2019
1767,0.13208390419820895,0.03975826972010178,2019
1868,0.16608715683850395,0.002360940598734536,2019
2064,0.13053739491284633,0.01553760099440646,2019
2095,0.19420188690231419,0.003907471084713974,2019
2104,0.2456735433344608,0.05,2019
2112,0.3421867577422564,0.1144269498352252,2019
2122,0.23733789776235895,0.03396117693665142,2019
2132,0.10771094219865616,0.01204238921001927,2019
2143,0.10392940465500937,0.03649205414949971,2019
2147,0.17722498852628632,0.3198818897637795,2019
2156,0.1167717376559433,0.1311492790500424,2019
2188,0.5773678590338104,0.1006036217303823,2019
2193,0.3470311585937587,0.5169053301511536,2019
2206,0.2116474642474784,0.1153758858093965,2019
2216,0.23210051662702932,0.0284389219460973,2019
2236,0.20692727975547806,0.005231358679634542,2019
2258,0.18086882639201857,0.07845188284518828,2019
2268,0.2585470233627721,0.1529298132646491,2019
2270,0.17149724245206957,0.02220480668756531,2019
2279,0.1775568236680759,0.003283608700820159,2019
2287,0.12684996161076215,0.01392956371555155,2019
2302,0.1261608879961952,0.2308904087900953,2019
2310,0.21556350819308567,0.04166314186617037,2019
2320,0.23736401130225457,0.2080363506771205,2019
2327,0.2586543872197177,0.1174673109721433,2019
2332,0.16767530976201594,0.04119850187265918,2019
2338,0.15689965359712865,0.07619257950530035,2019
2350,0.19172291934642285,0.2200452889632765,2019
2369,0.1392908855119822,0.911577028258888,2019
2375,0.14928751750474265,0.3259452411994785,2019
2382,0.19162156777649317,0.001517474921730241,2019
2391,0.23715435233736193,0.02979737783075089,2019
2398,0.47433139267666496,0.08076358296622614,2019
2407,0.2002967024036372,0.0005280574526508483,2019
2419,0.21538835276801038,0.5397941250313834,2019
2437,0.21314691004978067,0.06632033095312863,2019
2442,0.14794236938665167,0.01934176593393098,2019
2450,0.5039450298767187,0.4241907026695306,2019
2459,0.1166058586782637,0.008707232124564637,2019
2465,0.10699153686698909,0.005499582031765585,2019
2481,0.22389311162132156,0.04805995361032674,2019
2494,0.31223943753864347,0.1181683899556868,2019
2646,0.6116522582619563,0.4957881328073636,2019
2656,0.7310636504176663,0.5483244138634047,2019
2663,0.40574102926785804,0.9210526315789476,2019
2669,0.5805578842371958,0.0,2019
2681,0.49137914286712314,0.03290723189260954,2019
2687,0.6024468509053305,0.4014993026499303,2019
2691,0.8438837488692184,1.0,2019
2698,0.3452409247170866,0.08042165693358407,2019
2707,0.6145143625833568,0.2400031735956839,2019
2716,0.6752608185516543,1.0,2019
2730,0.46296033382045254,0.1826051670499121,2019
2754,0.6362253189920883,0.113993102381005,2019
2765,0.705453580451571,0.2637276875050028,2019
2787,0.4596011471363199,0.6617329533186509,2019
2797,0.7378519714355587,0.5024559278697348,2019
2809,0.5527490647888539,1.0,2019
2820,0.5059247784376356,1.0,2019
2827,0.2435264018399856,0.2315589777926571,2019
2833,0.6387257855091784,0.3143283582089553,2019
2839,0.5651265802817457,0.182161629434954,2019
2846,0.8709894624797363,1.0,2019
2851,0.8839118691100775,0.1107056370240818,2019
2859,0.3879057449258172,0.03034832953682612,2019
2861,0.5598701197776232,0.005581091641987496,2019
2900,0.6088611087038968,0.1650056101907465,2019
2910,0.8302680499470048,0.1186671644577189,2019
2916,0.6971036369318082,0.1766737513283741,2019
2922,0.8313813155899639,0.8150132150273739,2019
2932,0.6033972458440053,0.7579303972898059,2019
2942,0.6034883639257809,0.4101796407185629,2019
2951,0.41038837563262304,0.8281895917096098,2019
2957,0.8548943445110583,0.2076624033860876,2019
2965,0.7776281348911803,1.0,2019
2975,0.5979352458249922,0.07523444160272806,2019
2984,0.7625744971951259,0.3663892445582588,2019
2994,0.8159849509453053,0.03952827289489858,2019
3003,0.8484470284086449,1.0,2019
3018,0.634589852164647,0.5450869743624478,2019
3039,0.4859445526749348,0.09285472113917614,2019
3048,0.6807748964691769,0.2756405061923477,2019
3061,0.33922056545169954,0.1164614711580526,2019
3065,0.8846274642131715,0.1164921465968586,2019
3074,0.4308844237351041,0.8408861585944919,2019
3083,0.7982146980254291,0.3137556375563755,2019
3092,0.691643340873757,0.3769021087946322,2019
3098,0.595899727178103,0.004263475936288542,2019
3112,0.6047869269125248,1.0,2019
3118,0.36917219264143647,0.05973451327433629,2019
3120,0.5704673860678945,0.009430317903969821,2019
3129,0.6301407228936587,0.653485539472566,2019
3141,0.5913147200512099,0.6810768365538684,2019
3150,0.4570556030861132,0.0603864734299517,2019
3174,0.5719431024483854,0.3941276446111469,2019
3186,0.7321670781288385,0.7549749231515938,2019
3198,0.5938210845068862,0.2625841521441303,2019
3212,0.5827252596182371,0.521495640509725,2019
3222,0.4313296374428229,0.02163519974070173,2019
3230,0.5297197446386551,0.5775655131026205,2019
3235,0.41244565712154724,0.1140694201256566,2019
3245,0.796685010742092,0.2654287274713272,2019
3254,0.6000285238501858,0.397276921401487,2019
3261,0.7610390065826852,0.4323826368929177,2019
3271,0.6229231281192356,0.4238950475093579,2019
3280,0.8264895434535733,0.2434881435065732,2019
3286,0.6004748294175598,0.1928768984424281,2019
3290,0.673533979351171,0.3290996784565915,2019
3307,0.574709990797208,0.2245615071162818,2019
3317,0.6234441054054273,0.1569203000140193,2019
3325,0.7203999383230243,0.2040307145461174,2019
3329,0.6958031072767046,0.028077975376197,2019
3337,0.6099853375496265,0.01251783791903462,2019
3355,0.3206496384302931,0.03674309229864785,2019
3362,0.8233758771363164,0.1222370426829268,2019
3365,0.717951843609955,0.3709177927927929,2019
3390,0.5572978190325037,0.2437748773488845,2019
3398,0.6138749715641607,0.7513777193938036,2019
3406,0.47479219686532065,0.5910683012259195,2019
3411,0.7278532917132441,0.442031317031317,2019
3418,0.3128412014826072,0.4137006896100926,2019
3425,0.5647093475870661,0.3935956662816917,2019
3435,0.44393487461725756,0.2427468413664015,2019
3443,0.66703520447748,0.3782855075958524,2019
3450,0.3101180705171469,0.5639011404859462,2019
3453,0.16716744641057688,0.4436716829546136,2019
3457,0.3443920400606635,0.2287923378769103,2019
3462,0.30662730873090865,0.1564699604922574,2019
3466,0.3269573001619439,0.1877794001009445,2019
3468,0.19131565754693675,0.6627550328746694,2019
3471,0.22982789771272788,0.4911286653707763,2019
3474,0.16911706492811615,0.02625777015647488,2019
3475,0.2520666410630799,0.2443955126136558,2019
3480,0.19333936091614773,0.2914185354052293,2019
3483,0.5316800684202743,0.02250409165302783,2019
3487,0.14992250757136288,0.19739202204401,2019
3492,0.22451530136333847,0.3603690178743033,2019
3497,0.09415881641224244,0.1437215301026289,2019
3504,0.40332137633815557,0.06698433895835862,2019
3506,0.21182679456760997,0.1328367301727957,2019
3511,0.3688371747439122,0.4935065873107592,2019
3515,0.11499730492459635,0.1795816225936799,2019
3518,0.37146343380612656,0.913365539452496,2019
3523,0.10144416662335108,1.0,2019
3527,0.21480939752589634,0.0181849162142471,2019
3533,0.10585226711490985,0.6793871584066697,2019
3536,0.16340431965344016,0.00995943792553962,2019
3538,0.30423361896349177,0.1042381222225536,2019
3542,0.2435939396790206,0.1169852064645991,2019
3547,0.09199625424537648,0.7090467880903042,2019
3551,0.4268222744075061,0.02078466536098854,2019
3556,0.09507921663120508,0.08886479945546678,2019
3560,0.290173003105408,0.8573560278105734,2019
3568,0.3148308388827871,0.1682523785678518,2019
3576,0.13642848574633917,1.0,2019
3582,0.1576708696111245,1.0,2019
3586,0.2539206578185039,0.018239903296134,2019
3590,0.3297445049513363,0.1567502005577415,2019
3594,0.2254409966909047,0.03783538992707737,2019
3598,0.21054409511078476,0.01717504809013465,2019
3603,0.21008411693378415,0.370853160136613,2019
3609,0.3149987946079054,0.08581992099507035,2019
3612,0.18157074154706662,0.06303944199116819,2019
3615,0.43036594152469204,0.07841907151819322,2019
3619,0.20463518076844223,0.03335913106135412,2019
3620,0.14519559539529275,0.5129909012574666,2019
3624,0.20178287716574342,0.1843880653743824,2019
3626,0.3313286535670802,0.1049618320610687,2019
3628,0.3101276829335835,0.4616014310402328,2019
3634,0.10797626176231605,1.0,2019
3640,0.4821273271553287,0.0457516339869281,2019
3646,0.42651587168554056,0.1072876102678217,2019
3648,0.297298452838071,0.05774328154524459,2019
3652,0.32682154562095367,0.03637538418552667,2019
3656,0.31038366538466605,0.1013311135141864,2019
3660,0.33042775381326,0.03458671870001919,2019
3662,0.18775926451390434,0.9308714868346957,2019
3666,0.3943349188036315,0.06224694152988811,2019
3670,0.19811281254853605,0.02283174525860757,2019
3672,0.11486827426768104,0.566596931659693,2019
3681,0.21329525259274054,1.0,2019
3687,0.14813876646472823,0.9947808437635914,2019
3691,0.4596205031019585,0.0239216763127878,2019
3697,0.18316818885612088,0.881677796327212,2019
3703,0.1899469670285571,1.0,2019
3707,0.34091850937264884,0.3042024479320897,2019
3712,0.18603589339317686,0.2215992159760937,2019
3724,0.12267521033079733,0.4367154811715482,2019
3730,0.41495814672049647,0.07490392533626133,2019
3735,0.14042171447243898,1.0,2019
3739,0.18928998555721557,0.4801908033368933,2019
3743,0.3774900116189682,0.022040907925109,2019
3751,0.11246849705590099,1.0,2019
3754,0.32188903140811914,0.00784011859961227,2019
3759,0.11541980464655369,0.02732738203680088,2019
3763,0.18722574170472503,0.02175867477715291,2019
3766,0.1246694828719778,0.009313639551192144,2019
3774,0.4690008436256917,0.009468468702171263,2019
3864,0.46134057978694476,0.000247338636273695,2019
3868,0.4592732294902748,0.1276676829268293,2019
3872,0.5342175911420766,0.07497116493656286,2019
3874,0.6616429773217891,0.06764882742032471,2019
3879,0.4529551428547776,0.1209762255417631,2019
3881,0.6455496501890717,0.303030303030303,2019
3895,0.5445058188470848,0.6921824104234527,2019
3904,0.34687985678177224,0.02019826517967782,2019
3905,0.5684832309312391,0.004681647940074907,2019
3908,0.7292080959280458,0.6032209191403402,2019
3915,0.5389199888907655,0.1124437781109445,2019
3922,0.43488831990719307,0.1711243503612625,2019
3923,0.7244714023935126,1.0,2019
3934,0.42514128777554594,1.0,2019
3938,0.4969477478593572,1.0,2019
3941,0.7279111249166464,0.282799961326501,2019
3947,0.7149759538945933,0.07065818355861431,2019
3958,0.3641634770998198,0.1856803327391562,2019
3964,0.4189291873712342,0.357839947950553,2019
3966,0.6863584194071061,1.0,2019
3971,0.5276467541842621,1.0,2019
3980,0.5583983461191745,0.2279981760145919,2019
3982,0.620337531143343,0.1565831556503199,2019
3987,0.38778084801006674,0.04578539563277764,2019
3994,0.406985459733636,0.4326102851572021,2019
4004,0.4309139272246084,1.0,2019
4007,0.4757003663513959,0.01393762502869511,2019
4011,0.36468989621904696,0.168010752688172,2019
4017,0.3953263497266017,0.2740937223695844,2019
4021,0.48830439571080103,0.09020260893699694,2019
4024,0.6567703767942664,0.04457917261055635,2019
4028,0.640286805921771,0.04171881518564873,2019
4033,0.5315030973339528,0.04153550192374957,2019
4037,0.6627048644196771,0.0,2019
4040,0.6343146569329172,0.007846829880728184,2019
4045,0.4254967737089593,0.06601282534892493,2019
4062,0.7498168961730728,0.2301790281329923,2019
4066,0.4246000788930767,0.5905944625407167,2019
4074,0.5793518087070296,0.8149162266119043,2019
4080,0.745351561762266,0.927487352445194,2019
4089,0.4126788508918721,0.3345912118607649,2019
4090,0.6724459706023517,0.2935082872928177,2019
4095,0.5588728329683702,0.0009453738336964116,2019
4100,0.5550716506329083,0.4519177830794641,2019
4108,0.450043955806156,0.8120624936593285,2019
4115,0.7086457060048366,0.395749358739465,2019
4124,0.5219620818213353,1.0,2019
4126,0.6291071375399643,0.06640106241699867,2019
4133,0.4022601276031247,1.0,2019
4136,0.6717345468245121,0.02541296060991105,2019
4151,0.6954677250599064,0.5614115490375803,2019
4162,0.4412182626034496,1.0,2019
4170,0.7553366422109083,0.02888170055452865,2019
4176,0.45812023077654596,0.003887420307883688,2019
4181,0.4561760033764026,1.0,2019
4202,0.46222239239458013,1.0,2019
4206,0.4916600032343522,1.0,2019
4211,0.5749917123020186,1.0,2019
4215,0.6659174274054617,0.03880133715377268,2019
4221,0.6670855248434195,0.4124731892426992,2019
3,0.28364369183119337,0.6627031019202363,2020
10,0.1545819510176133,0.007217298420855106,2020
11,0.36243552144881774,0.7685780467051149,2020
54,0.33458106611582644,0.1173546553736824,2020
62,0.12766312540063837,1.0,2020
80,0.13832244832667537,0.1904805931248239,2020
87,0.3805121404263805,0.2873338545738858,2020
99,0.234681593899439,0.03840070298769772,2020
103,0.2697198741758953,1.0,2020
128,0.1326587126580892,0.0,2020
135,0.38918421650939694,0.7461845930232558,2020
142,0.20455632158130754,0.2287729389208436,2020
147,0.44237858509916544,0.0658894844842749,2020
167,0.26616730226994784,0.0130160480215607,2020
185,0.35392578076844744,0.4924976258309591,2020
200,0.2522277657653309,0.05972003248769768,2020
212,0.16404602437512805,0.09312243575901533,2020
219,0.10234375595522836,0.1604500151011779,2020
226,0.36594943684885173,0.1927984030203745,2020
238,0.21401177920772332,0.2476585014409222,2020
245,0.22731571887383498,0.05291144571970096,2020
252,0.2091758003951012,0.007062944965532829,2020
270,0.28337211472234536,0.4615384615384616,2020
279,0.10675294653802662,0.3380606860158311,2020
287,0.32890961746067093,0.1407129455909944,2020
296,0.1642184158417709,0.08726003490401399,2020
321,0.2196551879102221,0.08415365467300294,2020
341,0.3931076813818511,0.02121308707487681,2020
342,0.27315948898526593,0.01811627863765585,2020
372,0.3748307600034856,0.01033562241981582,2020
390,0.19638471681809888,0.3313452617627568,2020
393,0.2783309238720078,0.002101275894723276,2020
417,0.22178230546264174,0.02037622664884426,2020
440,0.25776023850908447,0.1003820008054969,2020
447,0.19781847537223526,0.1336421952957947,2020
458,0.20288413380151404,0.09817610611746225,2020
476,0.2950266123803974,0.1346749226006192,2020
494,0.18538238523829653,0.009512617137257304,2020
527,0.21170899828344683,0.03264628820960699,2020
553,0.13165885612824285,0.01295283097073697,2020
559,0.30036670139561944,0.02201867183371499,2020
573,0.26279633319534096,0.001129615285308546,2020
581,0.24623553743322557,0.004720925840999218,2020
588,0.20629107384519715,0.02199357405140759,2020
589,0.19799781905341568,0.03387392645709997,2020
609,0.2563415727590928,0.08925430882870208,2020
618,0.28573335768314884,0.009941705224108763,2020
619,0.22813368808741302,0.3245666806539182,2020
626,0.3768694983286622,0.157239386341422,2020
655,0.3387811713860108,0.007778469197261978,2020
669,0.21470576177450473,0.1076320939334638,2020
748,0.28209381713431164,0.008695450540277327,2020
764,0.41066859489074686,0.03651340938164697,2020
765,0.36941665088712705,0.02317785767240899,2020
776,0.3802368567461608,0.00115068177895403,2020
782,0.29798941900045206,0.01862207444511616,2020
800,0.3131679385584894,0.002669314626776429,2020
817,0.4356125843896784,0.02536486724107614,2020
818,0.25216298316442937,0.002982218522062204,2020
838,0.2644876019652631,0.0953484893807957,2020
858,0.49618950873706436,0.008994433633524913,2020
897,0.2839133876121047,0.07675695061670644,2020
909,0.4686437392050559,0.01224913904039963,2020
910,0.2919913258732132,0.01042560913475296,2020
1191,0.3847197853057306,0.02064750578130162,2020
1192,0.2904687844564669,0.03603620169707993,2020
1197,0.2261969581074025,0.04274461554921063,2020
1199,0.3128052846109166,0.03345303198654243,2020
1200,0.27391437118746864,0.0,2020
1205,0.25307326092573934,0.01186472346786248,2020
1206,0.27784527670556125,0.0009754955517402842,2020
1212,0.14990253014544017,0.3389064618165386,2020
1218,0.17921836122307788,0.2462720289200181,2020
1220,0.214481930576023,0.3385851654552842,2020
1221,0.5321413344497383,0.1624862150683967,2020
1226,0.381442240737767,0.03130305602716469,2020
1227,0.15415773624958226,0.4922524565381709,2020
1230,0.16194774472707407,0.05102040816326531,2020
1231,0.258286076036099,0.5072040498442367,2020
1232,0.42566604994691365,1.0,2020
1233,0.30205749434694856,0.02210323143017246,2020
1237,0.22122765914763806,0.02248116015451839,2020
1243,0.13381202229356579,0.2333120173151655,2020
1246,0.49869256691678937,0.03430912770894012,2020
1252,0.1858658044635091,0.07960951355459844,2020
1254,0.30610322729527834,0.347027549540841,2020
1256,0.13773006368266316,0.0863400496346818,2020
1261,0.1420059056763701,0.08377154162544904,2020
1263,0.21229769657062741,0.08803595760117501,2020
1264,0.42181715104280626,0.2697040104147831,2020
1270,0.15524444768752207,0.0826294528094014,2020
1271,0.5735814718829747,0.436477007014809,2020
1272,0.14011452686447848,0.07985653034300791,2020
1278,0.29335543463056357,0.08197900795666158,2020
1279,0.5006934813394828,0.02818627450980392,2020
1280,0.19370438123387815,0.04049454605101288,2020
1285,0.13604921738379708,0.04644058066103502,2020
1288,0.4120253018571094,0.0393909658066472,2020
1289,0.3050049760672428,0.04495897493537148,2020
1296,0.4097919465696429,0.02040566561143566,2020
1297,0.13277075480095213,0.07183821309990945,2020
1306,0.3207956665971224,0.07477222745837261,2020
1307,0.5096344870616136,0.8937460207211902,2020
1308,0.13863952247940767,0.07412721753154349,2020
1313,0.2247498099315782,0.0755937696512359,2020
1314,0.5330265099464663,0.03668458520993752,2020
1316,0.21668788515852427,0.09319946865407293,2020
1322,0.3213975895341449,0.09278309666618788,2020
1323,0.3174239702199603,0.1310695021550055,2020
1325,0.16390911472822425,0.02515248695214739,2020
1331,0.40559621273798274,0.02516831309381489,2020
1332,0.4421686677904862,0.008867249218069842,2020
1338,0.14275209573595568,0.1863029255972218,2020
1340,0.35044750881223696,0.1465610905708457,2020
1346,0.1537095863153193,0.07057365653146346,2020
1349,0.5575989517775131,0.8347566182749787,2020
1355,0.19853403138502615,0.03674063413653837,2020
1356,0.15823674734747592,0.1586433827339621,2020
1362,0.13040202452420574,0.1088932040953249,2020
1364,0.24435739487502697,0.1859131296343646,2020
1365,0.6681258097065187,0.1580942179743342,2020
1366,0.37018554973625134,0.03797784452321331,2020
1375,0.5445001061696788,0.05772838793476692,2020
1376,0.1195572386665025,0.0009614521773686978,2020
1382,0.42814607242346997,0.0009139319790892363,2020
1383,0.2857175083073743,0.09326221664444269,2020
1385,0.17781706337420924,0.08871972838816426,2020
1391,0.4159074501502744,0.09443834488437522,2020
1392,0.40915475782580085,0.03773389252465665,2020
1393,0.6019925477403844,0.2690766033254157,2020
1395,0.17626050022447595,0.05345407189799811,2020
1399,0.25080741478902036,0.0535530068572122,2020
1400,0.4471677423927506,0.03409878409878409,2020
1401,0.22124434474926186,0.08324604165827325,2020
1405,0.2742365301519571,0.08387797353251604,2020
1406,0.4206970314531648,0.01501337555276519,2020
1407,0.17370699019430172,0.02378388550280703,2020
1413,0.13286499006072766,0.04717572893688646,2020
1415,0.2223784407845444,0.02382560702933953,2020
1416,0.45079928838023203,0.06222833650943194,2020
1418,0.12198537445430922,0.2904632815486741,2020
1424,0.28047529947148325,0.2968178428099584,2020
1425,0.5068642794040131,0.6971737124500188,2020
1430,0.48277653929640096,0.3726925525143221,2020
1436,0.19970895591478338,0.0156044020072687,2020
1437,0.3542527333610471,0.1288111182534968,2020
1443,0.16190988049758231,0.01054982361643212,2020
1444,0.4911928471234884,0.03574591457592234,2020
1445,0.224361489459349,0.02328235960440901,2020
1450,0.22198831408706887,0.002719688058205898,2020
1452,0.3059667710378563,0.02293109514859727,2020
1453,0.34967673598999527,0.001975795894223403,2020
1454,0.23832308417168122,0.04415200124591185,2020
1460,0.21810789593938074,0.02219280485905622,2020
1461,0.489518799682847,0.05249416731474282,2020
1462,0.5630427433643502,0.1076552080513792,2020
1468,0.24311387082887756,0.09621077560686797,2020
1469,0.36095536362962205,0.09755097675745046,2020
1477,0.45193927734980877,0.1050296114903003,2020
1483,0.31471792543189997,0.01478998225202129,2020
1484,0.17824896025449832,0.07039674789844613,2020
1488,0.45307562059902595,0.07707369791061427,2020
1489,0.28729969244239795,0.663619904216797,2020
1494,0.6566246277027612,0.1082251082251082,2020
1498,0.40626368167879395,0.004960672148730783,2020
1505,0.29120890846958153,0.2305821081057911,2020
1510,0.2822654680421752,0.0,2020
1516,0.14260333061274413,0.1094821020563595,2020
1518,0.4847850165405109,0.2311088842263489,2020
1526,0.23641813082398225,0.0613811307399652,2020
1527,0.13912890245322584,0.04323592227952285,2020
1532,0.1630724328610486,0.01862270146377039,2020
1534,0.2521657276813964,0.04447778789989819,2020
1535,0.44530355566602847,0.2188201583362873,2020
1536,0.3928048158036459,0.1180690479748916,2020
1537,0.11571979816983534,0.1566922012980104,2020
1542,0.29341480822605,0.1576145119863014,2020
1543,0.4581581605210218,0.2573586798974244,2020
1544,0.19822525730400495,0.003784295175023652,2020
1550,0.37801505550866943,0.003435001751850893,2020
1557,0.4182916204877224,0.6181771369721936,2020
1559,0.2006072828512755,0.04083378704207825,2020
1564,0.22865617004063188,0.06327292525472504,2020
1566,0.3149493311166067,0.04204170537172876,2020
1567,0.4361205073185124,0.0806837290384289,2020
1568,0.22505406886130477,0.0,2020
1573,0.18629774265299087,0.0,2020
1574,0.4050956978371344,0.0,2020
1575,0.3460653590896304,0.01996268656716418,2020
1576,0.22093768336950406,0.0475688017851274,2020
1581,0.19944817689205108,0.06623595278868497,2020
1583,0.22188977488245593,0.04714770662125247,2020
1584,0.35448607487994394,0.0,2020
1591,0.24022586324219342,0.001728508873012215,2020
1592,0.31968245123009903,0.004904783904714288,2020
1593,0.19887821263853983,0.02829334540516071,2020
1600,0.46326936727018114,0.02635323881305012,2020
1601,0.29436860275601345,0.09980643600290344,2020
1608,0.2699964247336902,0.03700310121229208,2020
1610,0.28151982339693626,0.0211446292641669,2020
1611,0.25650543517624985,0.03562703583061889,2020
1621,0.17855506143271946,0.005230775298514086,2020
1628,0.2949637391073237,0.004906565251590339,2020
1630,0.1601458459756822,0.01179363645488307,2020
1634,0.23671647209889787,0.01233077972504985,2020
1635,0.1538067259031077,0.01220272310483815,2020
1641,0.1632681451970892,0.01516337243929803,2020
1642,0.22422054016967863,0.01278367868129317,2020
1643,0.5309317734481643,0.1273246817704076,2020
1644,0.4837782549915274,0.04888062926787103,2020
1646,0.2005804577613739,0.007955970853945568,2020
1651,0.18323934188543545,0.0292975631756233,2020
1653,0.4421352078482272,0.009156528791565288,2020
1654,0.26492852312988013,0.07519728228175096,2020
1662,0.3768401859330724,0.2763627101375446,2020
1665,0.3077926181515889,0.2009306260575296,2020
1666,0.18440030681661213,0.02515792566475687,2020
1672,0.20203202474339685,0.0337887468782136,2020
1673,0.2519517795679204,0.02119404462816054,2020
1674,0.3211132878172109,0.2811833206755633,2020
1678,0.17348515516582208,0.02976856340268974,2020
1680,0.4949392511256222,0.08412294608511842,2020
1686,0.2526079517497232,0.01725405894665384,2020
1687,0.22513293344063304,0.0,2020
1688,0.2424846983095219,0.2155037301736568,2020
1692,0.28194223198391477,0.2072754059306626,2020
1695,0.27655600495199056,0.2217026765559497,2020
1696,0.3481049366803591,0.1329787234042553,2020
1698,0.22022464879893108,0.01331283183514693,2020
1705,0.300393456592041,0.01329675522419406,2020
1706,0.34286661923824147,0.01616827988968799,2020
1707,0.35939380667198373,0.005734295675576487,2020
1713,0.15109429617678918,0.00966984390109131,2020
1718,0.1883274443025738,0.03185868213841691,2020
1720,0.32048436021285287,0.009647853352629038,2020
1721,0.4368586714332533,0.09297759297759296,2020
1726,0.2911680949591806,0.03178365143144149,2020
1728,0.3629869068024582,0.02432391976848618,2020
1734,0.3115132016769246,0.01308171225078127,2020
1735,0.2181668736262722,0.05687438180019782,2020
1741,0.4853451900884926,0.06029360363509263,2020
1742,0.31197242998832186,0.4100550802765732,2020
1744,0.2770548937786168,0.07338492083693936,2020
1749,0.2500962652205917,0.07466397327324995,2020
1750,0.46134098394804385,0.1091391003819869,2020
1756,0.1469362484869102,0.06856717758688452,2020
1761,0.1779139518453863,0.0007018134860479478,2020
1764,0.42470428973803365,0.07016661878770468,2020
1772,0.5217979037778334,0.06830601092896176,2020
1774,0.2166146110061604,0.1631012838374305,2020
1781,0.2670958548452585,0.1609077339166162,2020
1782,0.35411275076744253,0.2508519500189322,2020
1788,0.25117013681020695,0.01182234328301744,2020
1790,0.12366901406652611,0.07678733152202864,2020
1794,0.1475437893869956,0.0797307016141921,2020
1795,0.24229527678845103,0.07715520702299065,2020
1796,0.5354125179692547,0.05132712487587558,2020
1805,0.14761087858920793,0.2009771953779372,2020
1807,0.6050115680149457,0.7520647010997474,2020
1813,0.2668594269047287,0.006693293539325841,2020
1814,0.24165665646370932,0.04633720138584202,2020
1820,0.40819470024884685,0.03136874340670032,2020
1826,0.31990544346316685,0.03222086555419889,2020
1834,0.36811477462238196,0.02191455900172738,2020
1838,0.23879046794992168,0.1317680881648299,2020
1840,0.45621492910747957,0.04341311960720604,2020
1846,0.38121828126892954,0.0,2020
1847,0.20867405297795508,0.009596377818142965,2020
1851,0.22878987636007553,0.001343219428325811,2020
1852,0.3306154949533839,0.009574893390191899,2020
1853,0.4198711690620493,0.0387670030715226,2020
1860,0.17525033244610733,0.0006967281645393233,2020
1861,0.22961751634555572,0.1270637447249574,2020
1865,0.18248786435538014,0.0654995177575114,2020
1872,0.12865658662342047,0.01407049286403204,2020
1875,0.30447038849425273,0.07269893966597786,2020
1876,0.48141130579874336,0.127249563928395,2020
1878,0.1859047003166399,0.04490701606086221,2020
1884,0.15439915777606236,0.03287310979618672,2020
1886,0.2153016347319622,0.04492125568121763,2020
1887,0.4382336832901304,0.01485036769510413,2020
1892,0.44378620582675965,0.2379873845399308,2020
1898,0.37972059751346066,0.003947098626204634,2020
1899,0.1934202691055642,0.1411646428008201,2020
1904,0.18283952496517647,0.2727882037533512,2020
1906,0.2191562042954813,0.1408824779262477,2020
1907,0.426225762392257,0.6090943557177385,2020
1913,0.1440751750824644,0.004096569805549486,2020
1915,0.446109633304423,0.2010428073034709,2020
1916,0.38588781264132965,0.07385876730388927,2020
1920,0.1773967992881696,0.03139904610492845,2020
1922,0.3121678653445275,0.02543495274215881,2020
1923,0.28199318781211935,0.3075943996605855,2020
1930,0.1677191998220343,0.005005434471712145,2020
1934,0.12039496719600952,0.00399822618945441,2020
1936,0.2903203924320831,0.004969614357925825,2020
1937,0.4824347122879163,0.01517121803207629,2020
1938,0.2025669418279912,0.1506137988708341,2020
1944,0.12293138822486774,0.1832423705280511,2020
1946,0.21397269153682297,0.159327367926485,2020
1947,0.5523162787446607,0.1067204279863966,2020
1948,0.28871328963359405,0.01696862110374354,2020
1954,0.30796604035787084,0.001491142612879496,2020
1956,0.15260081285196908,0.01174996613842611,2020
1961,0.16068903865302633,0.005930008126777733,2020
1962,0.26585766764476465,0.01208817048849098,2020
1963,0.4015989141626239,0.1066725606067656,2020
1964,0.364292862082523,0.07305173628323203,2020
1970,0.17628059022008383,0.0141905655627017,2020
1972,0.44703396347905655,0.3895479320294966,2020
1973,0.43429360766810216,0.1394033145961335,2020
1977,0.5238151109608457,0.0,2020
1978,0.349016562539757,0.005375123022181845,2020
1983,0.2870823569811654,0.004720179765719528,2020
1984,0.15205338782265385,0.01803668053645731,2020
1989,0.2795120229048847,0.2900239020739275,2020
1990,0.1803034900160596,0.0144682903303593,2020
1994,0.22291011598148444,0.01483129403040415,2020
1995,0.46624131308529365,0.3146122649625169,2020
2003,0.19263151525362046,0.03516721803675183,2020
2009,0.16270776134120435,0.008896055155541966,2020
2011,0.3052633165751547,0.0351654583463061,2020
2012,0.3297941005478733,0.3216456709785833,2020
2025,0.3549881973023511,0.01755943380581217,2020
2026,0.2124519206737786,0.1261047879442996,2020
2031,0.3522547694271411,0.1261368695541563,2020
2032,0.39188051139619734,0.1957654723127036,2020
2038,0.3237179968744119,0.0,2020
2054,0.2780852998138045,0.0,2020
2062,0.24310681239398024,0.06186694290976059,2020
2063,0.4560367115607909,0.1104469854469854,2020
2065,0.30121050487011736,0.1750913520097442,2020
2066,0.3779236674409395,0.1425570228091236,2020
2067,0.1624581890134806,0.02511291076156362,2020
2071,0.37428527409564344,0.05818174565182703,2020
2073,0.30208547494220833,0.04004805766920305,2020
2075,0.5053474949754029,0.07754323103287117,2020
2078,0.23859595658993343,0.06896776549134154,2020
2081,0.2658417685639356,0.01113603171291467,2020
2083,0.36694649147743014,0.001037344398340249,2020
2084,0.17596840033041591,0.004317789291882556,2020
2087,0.23681471827779207,0.1208981001727116,2020
2089,0.37604724089131475,0.002228561240862899,2020
2090,0.45928951240952787,0.0838692855901269,2020
2091,0.2820676854192934,0.1333054159687325,2020
2093,0.23984898779659125,0.2564509726081778,2020
2097,0.29973600393359456,0.1772528781262405,2020
2099,0.38742921758787463,0.2356327695129407,2020
2100,0.34909868709246844,0.002908667830133799,2020
2102,0.16567356195878985,0.1113505747126437,2020
2107,0.3202831945095766,0.2607758620689655,2020
2110,0.37745023252433235,0.171838747099768,2020
2113,0.24866387627745593,0.1028197213648119,2020
2115,0.2513132781031496,0.0699846140695786,2020
2117,0.24615697864044472,0.4507009146080861,2020
2119,0.4378796439947276,0.09384735202492211,2020
2120,0.2756930879318096,0.009024015229169716,2020
2125,0.42464195798608234,0.02952482061795285,2020
2128,0.2069222283833922,0.01799347181819424,2020
2129,0.43639979666983586,0.008495285425134525,2020
2130,0.2552756964567351,0.03396087433191722,2020
2131,0.14715504962802284,0.5341432760787599,2020
2134,0.22499605936285955,0.06284038542103058,2020
2136,0.39885434801913106,0.5334728033472803,2020
2137,0.3241713857474759,0.07983870967741935,2020
2138,0.3790516009247607,0.0278248887004452,2020
2141,0.3230167133354435,0.02300966405890474,2020
2142,0.3079423655768809,0.1590971522754326,2020
2145,0.22271228020641204,0.1888563318377438,2020
2146,0.48602082674243824,0.5097879282218597,2020
2148,0.3225074692061577,0.9122562674094707,2020
2150,0.3787572983900085,0.7932469935245143,2020
2152,0.2794585641775198,0.2980999146029035,2020
2154,0.41057048432901866,0.02732783464175693,2020
2155,0.30998209226162315,0.7009211283822684,2020
2160,0.34386140512856345,0.04842276276005236,2020
2163,0.4089834397205368,0.06117560346416068,2020
2164,0.30808547231487476,0.3140470297029703,2020
2166,0.3929981074157986,0.3137720488466758,2020
2168,0.36120146531711395,0.01904252064851636,2020
2171,0.3351347838176781,0.02597352624288133,2020
2176,0.4199696931849739,0.1610824742268042,2020
2179,0.42749382077760273,0.373796249366447,2020
2181,0.3695862055788604,0.01452250019363333,2020
2186,0.31163874147169035,0.050399161357955,2020
2187,0.22622466968689542,0.8488440438871473,2020
2189,0.38174450536047094,0.7341796134899583,2020
2191,0.5099548041231635,0.0895736295234683,2020
2195,0.532822243182143,0.1943699731903485,2020
2196,0.25736772586947787,0.08672039243167484,2020
2198,0.29732336065160264,0.005313213963126295,2020
2202,0.3127030948255379,0.0252377663248499,2020
2204,0.4261248280253867,0.01636968656075569,2020
2209,0.3002906805801681,0.09136449894912971,2020
2210,0.3426829527409095,0.02123158254437275,2020
2211,0.5523072433981997,0.01861640881780309,2020
2212,0.29386367075378705,0.3283266327419944,2020
2214,0.27805866794925177,0.0325135965949397,2020
2215,0.3832935465931761,0.04218383572613396,2020
2217,0.19336643242832413,0.1700680272108843,2020
2219,0.2988022830203585,0.01549451983298539,2020
2221,0.33508936882940876,0.001005880532342928,2020
2223,0.18595620324005468,0.22819606394766,2020
2227,0.3675290601089475,0.02531930456310133,2020
2232,0.42942718817661996,0.1608629825889478,2020
2234,0.2938025380014828,0.05966767371601209,2020
2237,0.37973506997991774,0.02561681772406848,2020
2239,0.2662715642474788,0.01232041430003341,2020
2242,0.47217221262609893,0.1448304157549234,2020
2243,0.3420057494910907,0.003228305785123967,2020
2245,0.28227824891680076,0.01847903340440654,2020
2249,0.26060734090291876,0.03255534408494441,2020
2251,0.4666134735309579,0.007318501170960188,2020
2252,0.3200300439937995,0.008349103862852052,2020
2255,0.33499299893897516,0.2897667419112114,2020
2257,0.3336550388313499,0.331899200983405,2020
2259,0.24096101394745173,0.02137818000427564,2020
2261,0.45381337109487535,0.2396794734206196,2020
2265,0.39944131394554994,0.4055097577388964,2020
2266,0.26540428821514933,0.01514456172556218,2020
2273,0.2339959408532244,0.1674770394381416,2020
2280,0.39909728012246615,0.1100215075788611,2020
2281,0.47659599858739105,0.02652394579126397,2020
2283,0.45062808737242394,0.00876509544215037,2020
2284,0.2725685965458729,0.1638387484957882,2020
2286,0.2270139333245246,0.01794669932353627,2020
2290,0.31698096541907533,0.01011779799393515,2020
2292,0.4591098239606754,0.894088016967126,2020
2293,0.3638784266185076,0.2835018144116122,2020
2296,0.43277716504305697,1.0,2020
2298,0.5697800786598884,0.00108572917571441,2020
2300,0.34850732065145734,0.3828447951897783,2020
2301,0.43389647215061666,0.1260959852330411,2020
2306,0.38597638664345485,0.1747677588731257,2020
2307,0.44492590579127284,0.2049140492654614,2020
2308,0.25284329166830355,0.0717284884183714,2020
2313,0.2951797673228166,0.1068713683037491,2020
2316,0.45642134404649093,0.02676254325259516,2020
2322,0.3529885416011908,0.5636678200692041,2020
2325,0.36709602889135934,0.001966408421550654,2020
2329,0.2895859087699053,0.09731198589894242,2020
2331,0.33258005804452917,0.3055429350295321,2020
2334,0.2432572441014052,0.7169214549288349,2020
2336,0.4407452856408393,0.714809384164223,2020
2337,0.2543270538576764,0.01756406564929456,2020
2339,0.1963273990045187,0.004781943381790359,2020
2340,0.3949803859084746,0.01530790762771169,2020
2341,0.3124582561221477,0.03635889021479714,2020
2343,0.2035567029347484,0.07974990430011483,2020
2344,0.4274581417150083,0.1432291666666667,2020
2345,0.2948280588471669,0.02813632606345775,2020
2347,0.327805128500278,0.006467747499137634,2020
2348,0.2429329511485787,0.04334491615047591,2020
2352,0.23236771623116984,0.09767336455657954,2020
2354,0.4116683702628905,0.08797690245411424,2020
2359,0.45808343069373564,0.8256187417343663,2020
2361,0.31089218379903183,0.1200384122919334,2020
2367,0.2855345563115114,0.1227650465877613,2020
2368,0.2513726825791376,0.1421262080727686,2020
2372,0.3220406503622596,1.0,2020
2374,0.41110081307508056,0.03292361720807726,2020
2378,0.18515618789304567,0.2633889376646181,2020
2379,0.4681744063526625,0.4504504504504505,2020
2380,0.31507595408637984,0.008028679188916688,2020
2385,0.37709744565231273,0.006525635759363681,2020
2387,0.465452276284895,0.003891947094427977,2020
2389,0.2743366210797822,0.02805677370679493,2020
2394,0.4355784082559119,0.5049865610411657,2020
2396,0.23265052418297982,0.241877515813686,2020
2401,0.5178593226598286,0.9098428453267162,2020
2403,0.5729492522981805,0.1295888399412629,2020
2405,0.3174866343048921,0.09251405112797537,2020
2409,0.3790346830889499,0.01609080784273097,2020
2411,0.4783838066575168,0.02758758226417603,2020
2414,0.39963141926067053,0.7705729166666666,2020
2416,0.3372184881087735,1.0,2020
2425,0.26271957461684053,0.2321599358282171,2020
2427,0.43902010779659806,0.2220098920863309,2020
2430,0.2652786441999698,1.0,2020
2432,0.4748778014445398,0.6200331125827815,2020
2435,0.2518956074688901,0.02970432107952572,2020
2440,0.4613315875530996,0.02996564284053628,2020
2445,0.19996747754211644,0.007411799584939222,2020
2449,0.31083962126923753,0.8006530271978881,2020
2452,0.26298211675173566,0.3087936237208082,2020
2455,0.5190826399367894,0.1169476515350302,2020
2456,0.32923024186290056,1.0,2020
2458,0.31288030085756535,0.1523940097025944,2020
2462,0.33338116306376675,0.0342754693102721,2020
2464,0.487887027141066,0.3340184994861254,2020
2467,0.36221365089204544,0.04825994677087894,2020
2469,0.4128722819069011,0.04554042270481252,2020
2471,0.2061549992388402,0.0836854615079889,2020
2474,0.2047116245496533,0.01511950349927373,2020
2476,0.4170358131325387,0.007974481658692184,2020
2477,0.4447967384061835,0.1384864790286976,2020
2478,0.2798006407536535,0.1040303585448835,2020
2479,0.45355356859727186,0.1515503346537359,2020
2485,0.4369587694949777,0.03886058360352015,2020
2487,0.20938475548483426,0.004319944704707779,2020
2488,0.4173402996267953,0.03808557297499067,2020
2489,0.19655425197396012,0.01821091551238894,2020
2492,0.2783828405537359,0.03348641408342901,2020
2495,0.2930873176479157,0.0604174295129989,2020
2499,0.23113749936331315,0.003537999354470293,2020
2502,0.21618641588432272,0.04207620842870607,2020
2506,0.5526913294365561,0.194822343149808,2020
2509,0.40878396456679184,0.05093099671412924,2020
2513,0.20210377959207326,0.4310344827586207,2020
2514,0.5135862395249271,0.1114583077036636,2020
2516,0.44258358925939356,0.3814153969526864,2020
2519,0.3469252282817302,1.0,2020
2520,0.641020591481217,0.8164929336781822,2020
2521,0.3843592749732928,0.1304931988966042,2020
2522,0.16901207446319544,0.02143660387967388,2020
2524,0.42389052180255926,1.0,2020
2525,0.5485261697894936,0.8503871681415929,2020
2527,0.3936887906372626,1.0,2020
2528,0.4031392501880857,1.0,2020
2531,0.4602297405071602,0.2119969483120351,2020
2533,0.4786874615947666,0.5120357634112793,2020
2536,0.416988026721241,0.2346387955108672,2020
2538,0.45937730295280244,0.04436056838365896,2020
2542,0.4115045138050526,0.5386740331491713,2020
2549,0.20883239976715964,0.1052618915862666,2020
2551,0.5439813767857783,0.06432716522500821,2020
2555,0.38479912567963065,0.6123733917328223,2020
2559,0.22856182467833874,0.223868734324773,2020
2562,0.4294488034689635,0.02151828592537865,2020
2565,0.43485518125156014,0.3950908864153649,2020
2572,0.5778752967684753,0.2170688223846269,2020
2574,0.4452300876362187,0.4909990196952143,2020
2576,0.3624783037081237,0.6802443991853361,2020
2577,0.6486108858758753,0.1566064786112834,2020
2579,0.22109578630449617,0.0152820227841067,2020
2580,0.5922867062113241,0.09486768919602223,2020
2582,0.45891880138208835,0.1097363945578231,2020
2586,0.4155960985110446,0.5293764419582188,2020
2588,0.47530652748528307,0.0004565662047086325,2020
2589,0.5899509643212997,0.02369969944898982,2020
2590,0.5811743452650519,0.02429886356084269,2020
2593,0.2888269759823855,0.07382956756542111,2020
2595,0.22708680778418108,0.02532306717214991,2020
2597,0.43427863805424005,0.2387489011964509,2020
2601,0.43182985711493227,0.1752887529304134,2020
2605,0.22915748003821804,0.06972133355783801,2020
2608,0.5966570697031403,0.6610742831293842,2020
2610,0.490083178573732,0.435617033603708,2020
2612,0.48564015858218634,0.5442935135837774,2020
2615,0.4659358576863192,0.4242467639259746,2020
2617,0.4576389545429142,0.2449706148282098,2020
2621,0.23603922194610527,0.03149793555699482,2020
2623,0.5961649709736623,0.09951081359423275,2020
2626,0.5534061567337172,0.4591736380455962,2020
2628,0.42566275583794494,0.2765025041736227,2020
2629,0.6307358047572018,0.02901494269548818,2020
2631,0.24723375715544485,0.1138952164009112,2020
2633,0.24747470358449924,0.5256478254280951,2020
2635,0.4026987184513114,0.1133818589025756,2020
2636,0.5831078237633999,0.2285922587486744,2020
2637,0.5679637997532242,0.328503664403579,2020
3456,0.22347962690927367,0.1926600023895814,2020
3459,0.21386451671378526,0.03064933464760966,2020
3461,0.24350300567041147,0.4118055555555555,2020
3467,0.14534899417599279,0.10565230445879,2020
3479,0.14463835396744446,0.3543329317873815,2020
3486,0.16343734481999944,0.07178055575063792,2020
3491,0.16527642651879376,0.01697216564833673,2020
3496,0.17041558744197183,0.3061583035384047,2020
3501,0.15293594258323007,0.1043405676126878,2020
3503,0.2241072444750369,0.06139514795895572,2020
3510,0.15751343971864973,0.5528699057642883,2020
3514,0.1742674510408937,0.09031606943553941,2020
3526,0.13883378420136586,0.02808049841772152,2020
3532,0.19488659339727876,0.02709639277804888,2020
3537,0.22609611811230643,0.1091340031130607,2020
3541,0.20559182774348336,0.2776602157156964,2020
3550,0.2412128216198917,0.07247009940975459,2020
3559,0.14160591252277743,0.203204081632653,2020
3564,0.2427392481172032,0.0941834404600812,2020
3567,0.3557075497893198,0.06453347674105943,2020
3571,0.237501967516722,0.006653138916822295,2020
3575,0.17861894082262295,0.2067754129345057,2020
3581,0.15477571868793977,0.04584322581890478,2020
3585,0.23724389931651138,0.0507444884263507,2020
3593,0.169668577014829,0.1750091192801848,2020
3597,0.15328874507437135,0.2172085201793722,2020
3600,0.2470258901988312,0.003855491214454859,2020
3606,0.25385015269588296,0.02811611424691253,2020
3608,0.20878836929659852,0.0362066564545328,2020
3614,0.35815620575224755,1.0,2020
3622,0.27320432571163034,0.04306880291501446,2020
3633,0.23844925187344182,0.02838687818184977,2020
3637,0.24562803794374372,0.04393662400975015,2020
3639,0.25664794102281296,0.03018867924528302,2020
3645,0.22463709190908565,0.1112419868987985,2020
3651,0.2487009686262704,0.001899496960804863,2020
3655,0.21583409934638523,0.0188994815186486,2020
3661,0.16765682991552006,0.03508811921168149,2020
3665,0.2748932041803454,0.06171649743011157,2020
3671,0.16194602230566535,0.1538304808475957,2020
3675,0.27140316579184076,0.02351186844032219,2020
3680,0.1306715145041065,0.07309773224358236,2020
3686,0.14684237263065683,0.07451717421774032,2020
3690,0.26737260308593314,0.03871989134703495,2020
3696,0.12152809076034723,0.4949784791965567,2020
3702,0.18137866160301502,0.1796629770361804,2020
3706,0.16416399611906946,0.06661486061968849,2020
3711,0.17214114213867593,0.07359921494170729,2020
3715,0.2241687930237693,0.104660532865478,2020
3719,0.23133532949595895,0.007793428054584732,2020
3723,0.21157298944474448,0.01543566266369614,2020
3726,0.24773761527768604,0.01510779154642675,2020
3729,0.2287125102199364,0.06422217039282978,2020
3734,0.17182717346978077,0.206260902361982,2020
3738,0.11796444212961743,0.08324562676925311,2020
3742,0.1758421128947359,0.03732880238904335,2020
3745,0.22672152303187101,0.06683448582635773,2020
3750,0.20735995000523502,0.1455096938148133,2020
3762,0.15858699271266197,0.05487936428032074,2020
3764,0.2094417854079137,0.06087015936743099,2020
3767,0.22481525651620415,0.07935713080880492,2020
3769,0.24820686719877433,0.3455588235294118,2020
3771,0.1707922712669801,0.026062073211687,2020
3773,0.24194760904932577,0.07659132885241533,2020
3880,0.26756934295454027,0.01741517783969841,2020
3918,0.2113557752672679,0.3400259067357513,2020
3950,0.5572931764842274,0.005266114309787952,2020
3976,0.5710293558405235,0.001140641040264629,2020
4016,0.32196817443911296,0.008158736374910254,2020
4023,0.27540463484167604,0.03563156957063959,2020
4069,0.3399119315571926,0.008730269590724963,2020
4118,0.5621674402689487,0.1006503561474141,2020
4154,0.5709940437022316,0.05501100220044009,2020
4161,0.2510816788206986,0.06557055044599529,2020
